"comment_id","post_id","link_id","parent_id","subreddit","comment_created_utc","comment_created_iso","author","score","body","permalink","event_id","event_date","event_type","event_category","core_sentence","post_event_similarity","post_title"
"hxwmzzw","sya4x3","t3_sya4x3","t3_sya4x3","worldnews","1645492102","2022-02-22T01:08:22+00:00","OkHeight3","-3","Really sad situation","/r/worldnews/comments/sya4x3/rworldnews_live_thread_ukrainerussia_tensions/hxwmzzw/","eb197f888460","2022-02-24","ASSAULT","CONFLICT","Russia and Ukraine ASSAULT each other in the Russia-Ukraine conflict escalation on February 24, 2022.","0.7306","/r/worldnews Live Thread: Ukraine-Russia Tensions (February 21, 2022 | Thread V)"
"hxwn09z","sya4x3","t3_sya4x3","t3_sya4x3","worldnews","1645492106","2022-02-22T01:08:26+00:00","[deleted]","-1","[removed]","/r/worldnews/comments/sya4x3/rworldnews_live_thread_ukrainerussia_tensions/hxwn09z/","eb197f888460","2022-02-24","ASSAULT","CONFLICT","Russia and Ukraine ASSAULT each other in the Russia-Ukraine conflict escalation on February 24, 2022.","0.7306","/r/worldnews Live Thread: Ukraine-Russia Tensions (February 21, 2022 | Thread V)"
"hxwn0dz","sya4x3","t3_sya4x3","t3_sya4x3","worldnews","1645492107","2022-02-22T01:08:27+00:00","vicecrispies","-4","Rut roh","/r/worldnews/comments/sya4x3/rworldnews_live_thread_ukrainerussia_tensions/hxwn0dz/","eb197f888460","2022-02-24","ASSAULT","CONFLICT","Russia and Ukraine ASSAULT each other in the Russia-Ukraine conflict escalation on February 24, 2022.","0.7306","/r/worldnews Live Thread: Ukraine-Russia Tensions (February 21, 2022 | Thread V)"
"hxwn0gh","sya4x3","t3_sya4x3","t3_sya4x3","worldnews","1645492108","2022-02-22T01:08:28+00:00","[deleted]","-10","[removed]","/r/worldnews/comments/sya4x3/rworldnews_live_thread_ukrainerussia_tensions/hxwn0gh/","eb197f888460","2022-02-24","ASSAULT","CONFLICT","Russia and Ukraine ASSAULT each other in the Russia-Ukraine conflict escalation on February 24, 2022.","0.7306","/r/worldnews Live Thread: Ukraine-Russia Tensions (February 21, 2022 | Thread V)"
"hxwn1b2","sya4x3","t3_sya4x3","t3_sya4x3","worldnews","1645492119","2022-02-22T01:08:39+00:00","NPExplorer","3","Ah fuck here we go","/r/worldnews/comments/sya4x3/rworldnews_live_thread_ukrainerussia_tensions/hxwn1b2/","eb197f888460","2022-02-24","ASSAULT","CONFLICT","Russia and Ukraine ASSAULT each other in the Russia-Ukraine conflict escalation on February 24, 2022.","0.7306","/r/worldnews Live Thread: Ukraine-Russia Tensions (February 21, 2022 | Thread V)"
"hxwn274","sya4x3","t3_sya4x3","t3_sya4x3","worldnews","1645492130","2022-02-22T01:08:50+00:00","[deleted]","0","[removed]","/r/worldnews/comments/sya4x3/rworldnews_live_thread_ukrainerussia_tensions/hxwn274/","eb197f888460","2022-02-24","ASSAULT","CONFLICT","Russia and Ukraine ASSAULT each other in the Russia-Ukraine conflict escalation on February 24, 2022.","0.7306","/r/worldnews Live Thread: Ukraine-Russia Tensions (February 21, 2022 | Thread V)"
"hxwn2nr","sya4x3","t3_sya4x3","t3_sya4x3","worldnews","1645492136","2022-02-22T01:08:56+00:00","[deleted]","-6","[removed]","/r/worldnews/comments/sya4x3/rworldnews_live_thread_ukrainerussia_tensions/hxwn2nr/","eb197f888460","2022-02-24","ASSAULT","CONFLICT","Russia and Ukraine ASSAULT each other in the Russia-Ukraine conflict escalation on February 24, 2022.","0.7306","/r/worldnews Live Thread: Ukraine-Russia Tensions (February 21, 2022 | Thread V)"
"hxwn2zk","sya4x3","t3_sya4x3","t3_sya4x3","worldnews","1645492140","2022-02-22T01:09:00+00:00","[deleted]","-11","[deleted]","/r/worldnews/comments/sya4x3/rworldnews_live_thread_ukrainerussia_tensions/hxwn2zk/","eb197f888460","2022-02-24","ASSAULT","CONFLICT","Russia and Ukraine ASSAULT each other in the Russia-Ukraine conflict escalation on February 24, 2022.","0.7306","/r/worldnews Live Thread: Ukraine-Russia Tensions (February 21, 2022 | Thread V)"
"hxwn2zp","sya4x3","t3_sya4x3","t3_sya4x3","worldnews","1645492141","2022-02-22T01:09:01+00:00","Brock_Samsonite","17","So many threads in so little time","/r/worldnews/comments/sya4x3/rworldnews_live_thread_ukrainerussia_tensions/hxwn2zp/","eb197f888460","2022-02-24","ASSAULT","CONFLICT","Russia and Ukraine ASSAULT each other in the Russia-Ukraine conflict escalation on February 24, 2022.","0.7306","/r/worldnews Live Thread: Ukraine-Russia Tensions (February 21, 2022 | Thread V)"
"hxwn38b","sya4x3","t3_sya4x3","t3_sya4x3","worldnews","1645492144","2022-02-22T01:09:04+00:00","NPExplorer","165","Just hoping this ends without too many civilian casualties :/","/r/worldnews/comments/sya4x3/rworldnews_live_thread_ukrainerussia_tensions/hxwn38b/","eb197f888460","2022-02-24","ASSAULT","CONFLICT","Russia and Ukraine ASSAULT each other in the Russia-Ukraine conflict escalation on February 24, 2022.","0.7306","/r/worldnews Live Thread: Ukraine-Russia Tensions (February 21, 2022 | Thread V)"
"hxwn3hl","sya4x3","t3_sya4x3","t3_sya4x3","worldnews","1645492147","2022-02-22T01:09:07+00:00","[deleted]","0","[deleted]","/r/worldnews/comments/sya4x3/rworldnews_live_thread_ukrainerussia_tensions/hxwn3hl/","eb197f888460","2022-02-24","ASSAULT","CONFLICT","Russia and Ukraine ASSAULT each other in the Russia-Ukraine conflict escalation on February 24, 2022.","0.7306","/r/worldnews Live Thread: Ukraine-Russia Tensions (February 21, 2022 | Thread V)"
"hxwn3ri","sya4x3","t3_sya4x3","t3_sya4x3","worldnews","1645492151","2022-02-22T01:09:11+00:00","[deleted]","1","[removed]","/r/worldnews/comments/sya4x3/rworldnews_live_thread_ukrainerussia_tensions/hxwn3ri/","eb197f888460","2022-02-24","ASSAULT","CONFLICT","Russia and Ukraine ASSAULT each other in the Russia-Ukraine conflict escalation on February 24, 2022.","0.7306","/r/worldnews Live Thread: Ukraine-Russia Tensions (February 21, 2022 | Thread V)"
"hxwn4r0","sya4x3","t3_sya4x3","t3_sya4x3","worldnews","1645492162","2022-02-22T01:09:22+00:00","socially_bereaved","104","I hope those invaders freeze their balls off tonight.","/r/worldnews/comments/sya4x3/rworldnews_live_thread_ukrainerussia_tensions/hxwn4r0/","eb197f888460","2022-02-24","ASSAULT","CONFLICT","Russia and Ukraine ASSAULT each other in the Russia-Ukraine conflict escalation on February 24, 2022.","0.7306","/r/worldnews Live Thread: Ukraine-Russia Tensions (February 21, 2022 | Thread V)"
"hxwn4u6","sya4x3","t3_sya4x3","t3_sya4x3","worldnews","1645492163","2022-02-22T01:09:23+00:00","[deleted]","1","[removed]","/r/worldnews/comments/sya4x3/rworldnews_live_thread_ukrainerussia_tensions/hxwn4u6/","eb197f888460","2022-02-24","ASSAULT","CONFLICT","Russia and Ukraine ASSAULT each other in the Russia-Ukraine conflict escalation on February 24, 2022.","0.7306","/r/worldnews Live Thread: Ukraine-Russia Tensions (February 21, 2022 | Thread V)"
"hxwn52b","sya4x3","t3_sya4x3","t3_sya4x3","worldnews","1645492167","2022-02-22T01:09:27+00:00","Wrexxorsoul77","38","It’s a busy day in the live thread","/r/worldnews/comments/sya4x3/rworldnews_live_thread_ukrainerussia_tensions/hxwn52b/","eb197f888460","2022-02-24","ASSAULT","CONFLICT","Russia and Ukraine ASSAULT each other in the Russia-Ukraine conflict escalation on February 24, 2022.","0.7306","/r/worldnews Live Thread: Ukraine-Russia Tensions (February 21, 2022 | Thread V)"
"hxwn5gk","sya4x3","t3_sya4x3","t3_sya4x3","worldnews","1645492171","2022-02-22T01:09:31+00:00","[deleted]","1","[removed]","/r/worldnews/comments/sya4x3/rworldnews_live_thread_ukrainerussia_tensions/hxwn5gk/","eb197f888460","2022-02-24","ASSAULT","CONFLICT","Russia and Ukraine ASSAULT each other in the Russia-Ukraine conflict escalation on February 24, 2022.","0.7306","/r/worldnews Live Thread: Ukraine-Russia Tensions (February 21, 2022 | Thread V)"
"hxwn5ip","sya4x3","t3_sya4x3","t3_sya4x3","worldnews","1645492172","2022-02-22T01:09:32+00:00","grottos","-1","10rd","/r/worldnews/comments/sya4x3/rworldnews_live_thread_ukrainerussia_tensions/hxwn5ip/","eb197f888460","2022-02-24","ASSAULT","CONFLICT","Russia and Ukraine ASSAULT each other in the Russia-Ukraine conflict escalation on February 24, 2022.","0.7306","/r/worldnews Live Thread: Ukraine-Russia Tensions (February 21, 2022 | Thread V)"
"hxwn5jw","sya4x3","t3_sya4x3","t3_sya4x3","worldnews","1645492173","2022-02-22T01:09:33+00:00","KatanaAmerica","12","The UN Security Council will meet in less than an hour.","/r/worldnews/comments/sya4x3/rworldnews_live_thread_ukrainerussia_tensions/hxwn5jw/","eb197f888460","2022-02-24","ASSAULT","CONFLICT","Russia and Ukraine ASSAULT each other in the Russia-Ukraine conflict escalation on February 24, 2022.","0.7306","/r/worldnews Live Thread: Ukraine-Russia Tensions (February 21, 2022 | Thread V)"
"hxwn5kd","sya4x3","t3_sya4x3","t3_sya4x3","worldnews","1645492173","2022-02-22T01:09:33+00:00","sausagemonster1","10","Did we do 3 or 4 yesterday?","/r/worldnews/comments/sya4x3/rworldnews_live_thread_ukrainerussia_tensions/hxwn5kd/","eb197f888460","2022-02-24","ASSAULT","CONFLICT","Russia and Ukraine ASSAULT each other in the Russia-Ukraine conflict escalation on February 24, 2022.","0.7306","/r/worldnews Live Thread: Ukraine-Russia Tensions (February 21, 2022 | Thread V)"
"hxwn5mq","sya4x3","t3_sya4x3","t3_sya4x3","worldnews","1645492174","2022-02-22T01:09:34+00:00","[deleted]","-11","[deleted]","/r/worldnews/comments/sya4x3/rworldnews_live_thread_ukrainerussia_tensions/hxwn5mq/","eb197f888460","2022-02-24","ASSAULT","CONFLICT","Russia and Ukraine ASSAULT each other in the Russia-Ukraine conflict escalation on February 24, 2022.","0.7306","/r/worldnews Live Thread: Ukraine-Russia Tensions (February 21, 2022 | Thread V)"
"hxwn65e","sya4x3","t3_sya4x3","t3_sya4x3","worldnews","1645492181","2022-02-22T01:09:41+00:00","[deleted]","1","[removed]","/r/worldnews/comments/sya4x3/rworldnews_live_thread_ukrainerussia_tensions/hxwn65e/","eb197f888460","2022-02-24","ASSAULT","CONFLICT","Russia and Ukraine ASSAULT each other in the Russia-Ukraine conflict escalation on February 24, 2022.","0.7306","/r/worldnews Live Thread: Ukraine-Russia Tensions (February 21, 2022 | Thread V)"
"hxwn66z","sya4x3","t3_sya4x3","t3_sya4x3","worldnews","1645492181","2022-02-22T01:09:41+00:00","CoyoteOnTheWing","605","&gt;The UN Security Council meets tonight at 9pm at the urgent request of Ukraine.       
      
I'm sure that will go well with the president of the security council being fucking Russia this month.","/r/worldnews/comments/sya4x3/rworldnews_live_thread_ukrainerussia_tensions/hxwn66z/","eb197f888460","2022-02-24","ASSAULT","CONFLICT","Russia and Ukraine ASSAULT each other in the Russia-Ukraine conflict escalation on February 24, 2022.","0.7306","/r/worldnews Live Thread: Ukraine-Russia Tensions (February 21, 2022 | Thread V)"
"hxwn6en","sya4x3","t3_sya4x3","t1_hxwn1b2","worldnews","1645492184","2022-02-22T01:09:44+00:00","jgjgleason","3","What’s good now?","/r/worldnews/comments/sya4x3/rworldnews_live_thread_ukrainerussia_tensions/hxwn6en/","eb197f888460","2022-02-24","ASSAULT","CONFLICT","Russia and Ukraine ASSAULT each other in the Russia-Ukraine conflict escalation on February 24, 2022.","0.7306","/r/worldnews Live Thread: Ukraine-Russia Tensions (February 21, 2022 | Thread V)"
"hxwn75z","sya4x3","t3_sya4x3","t3_sya4x3","worldnews","1645492193","2022-02-22T01:09:53+00:00","Chankzor","2","Nothing has changed since the thread moved?","/r/worldnews/comments/sya4x3/rworldnews_live_thread_ukrainerussia_tensions/hxwn75z/","eb197f888460","2022-02-24","ASSAULT","CONFLICT","Russia and Ukraine ASSAULT each other in the Russia-Ukraine conflict escalation on February 24, 2022.","0.7306","/r/worldnews Live Thread: Ukraine-Russia Tensions (February 21, 2022 | Thread V)"
"hxwn7q9","sya4x3","t3_sya4x3","t3_sya4x3","worldnews","1645492200","2022-02-22T01:10:00+00:00","middlemaniac","12","Stock market predictions tomorrow?","/r/worldnews/comments/sya4x3/rworldnews_live_thread_ukrainerussia_tensions/hxwn7q9/","eb197f888460","2022-02-24","ASSAULT","CONFLICT","Russia and Ukraine ASSAULT each other in the Russia-Ukraine conflict escalation on February 24, 2022.","0.7306","/r/worldnews Live Thread: Ukraine-Russia Tensions (February 21, 2022 | Thread V)"
"hxwn7te","sya4x3","t3_sya4x3","t3_sya4x3","worldnews","1645492201","2022-02-22T01:10:01+00:00","goldybear","-2","https://youtu.be/ZwR1-aRTyyM

These live threads","/r/worldnews/comments/sya4x3/rworldnews_live_thread_ukrainerussia_tensions/hxwn7te/","eb197f888460","2022-02-24","ASSAULT","CONFLICT","Russia and Ukraine ASSAULT each other in the Russia-Ukraine conflict escalation on February 24, 2022.","0.7306","/r/worldnews Live Thread: Ukraine-Russia Tensions (February 21, 2022 | Thread V)"
"hxwn85e","sya4x3","t3_sya4x3","t3_sya4x3","worldnews","1645492205","2022-02-22T01:10:05+00:00","[deleted]","2","[removed]","/r/worldnews/comments/sya4x3/rworldnews_live_thread_ukrainerussia_tensions/hxwn85e/","eb197f888460","2022-02-24","ASSAULT","CONFLICT","Russia and Ukraine ASSAULT each other in the Russia-Ukraine conflict escalation on February 24, 2022.","0.7306","/r/worldnews Live Thread: Ukraine-Russia Tensions (February 21, 2022 | Thread V)"
"hxwn879","sya4x3","t3_sya4x3","t3_sya4x3","worldnews","1645492206","2022-02-22T01:10:06+00:00","wizl","58","Fuck putin","/r/worldnews/comments/sya4x3/rworldnews_live_thread_ukrainerussia_tensions/hxwn879/","eb197f888460","2022-02-24","ASSAULT","CONFLICT","Russia and Ukraine ASSAULT each other in the Russia-Ukraine conflict escalation on February 24, 2022.","0.7306","/r/worldnews Live Thread: Ukraine-Russia Tensions (February 21, 2022 | Thread V)"
"hxwn88p","sya4x3","t3_sya4x3","t3_sya4x3","worldnews","1645492206","2022-02-22T01:10:06+00:00","[deleted]","-4","[removed]","/r/worldnews/comments/sya4x3/rworldnews_live_thread_ukrainerussia_tensions/hxwn88p/","eb197f888460","2022-02-24","ASSAULT","CONFLICT","Russia and Ukraine ASSAULT each other in the Russia-Ukraine conflict escalation on February 24, 2022.","0.7306","/r/worldnews Live Thread: Ukraine-Russia Tensions (February 21, 2022 | Thread V)"
"hxwn89q","sya4x3","t3_sya4x3","t3_sya4x3","worldnews","1645492207","2022-02-22T01:10:07+00:00","Talisintiel","1","Any live streams?","/r/worldnews/comments/sya4x3/rworldnews_live_thread_ukrainerussia_tensions/hxwn89q/","eb197f888460","2022-02-24","ASSAULT","CONFLICT","Russia and Ukraine ASSAULT each other in the Russia-Ukraine conflict escalation on February 24, 2022.","0.7306","/r/worldnews Live Thread: Ukraine-Russia Tensions (February 21, 2022 | Thread V)"
"hxwn8aj","sya4x3","t3_sya4x3","t3_sya4x3","worldnews","1645492207","2022-02-22T01:10:07+00:00","[deleted]","1","[removed]","/r/worldnews/comments/sya4x3/rworldnews_live_thread_ukrainerussia_tensions/hxwn8aj/","eb197f888460","2022-02-24","ASSAULT","CONFLICT","Russia and Ukraine ASSAULT each other in the Russia-Ukraine conflict escalation on February 24, 2022.","0.7306","/r/worldnews Live Thread: Ukraine-Russia Tensions (February 21, 2022 | Thread V)"
"hxwn8ce","sya4x3","t3_sya4x3","t3_sya4x3","worldnews","1645492208","2022-02-22T01:10:08+00:00","[deleted]","1","[removed]","/r/worldnews/comments/sya4x3/rworldnews_live_thread_ukrainerussia_tensions/hxwn8ce/","eb197f888460","2022-02-24","ASSAULT","CONFLICT","Russia and Ukraine ASSAULT each other in the Russia-Ukraine conflict escalation on February 24, 2022.","0.7306","/r/worldnews Live Thread: Ukraine-Russia Tensions (February 21, 2022 | Thread V)"
"hxwn8eo","sya4x3","t3_sya4x3","t3_sya4x3","worldnews","1645492209","2022-02-22T01:10:09+00:00","[deleted]","1","[removed]","/r/worldnews/comments/sya4x3/rworldnews_live_thread_ukrainerussia_tensions/hxwn8eo/","eb197f888460","2022-02-24","ASSAULT","CONFLICT","Russia and Ukraine ASSAULT each other in the Russia-Ukraine conflict escalation on February 24, 2022.","0.7306","/r/worldnews Live Thread: Ukraine-Russia Tensions (February 21, 2022 | Thread V)"
"hxwn8g4","sya4x3","t3_sya4x3","t1_hxwn7q9","worldnews","1645492209","2022-02-22T01:10:09+00:00","bekindbeniceplease","35","Obliterated","/r/worldnews/comments/sya4x3/rworldnews_live_thread_ukrainerussia_tensions/hxwn8g4/","eb197f888460","2022-02-24","ASSAULT","CONFLICT","Russia and Ukraine ASSAULT each other in the Russia-Ukraine conflict escalation on February 24, 2022.","0.7306","/r/worldnews Live Thread: Ukraine-Russia Tensions (February 21, 2022 | Thread V)"
"hxwn8kl","sya4x3","t3_sya4x3","t1_hxwn52b","worldnews","1645492211","2022-02-22T01:10:11+00:00","ontrack","24","Facts","/r/worldnews/comments/sya4x3/rworldnews_live_thread_ukrainerussia_tensions/hxwn8kl/","eb197f888460","2022-02-24","ASSAULT","CONFLICT","Russia and Ukraine ASSAULT each other in the Russia-Ukraine conflict escalation on February 24, 2022.","0.7306","/r/worldnews Live Thread: Ukraine-Russia Tensions (February 21, 2022 | Thread V)"
"hxwn8yo","sya4x3","t3_sya4x3","t1_hxwn75z","worldnews","1645492216","2022-02-22T01:10:16+00:00","pukedonyourdoormat","2","Putin changed his underwear","/r/worldnews/comments/sya4x3/rworldnews_live_thread_ukrainerussia_tensions/hxwn8yo/","eb197f888460","2022-02-24","ASSAULT","CONFLICT","Russia and Ukraine ASSAULT each other in the Russia-Ukraine conflict escalation on February 24, 2022.","0.7306","/r/worldnews Live Thread: Ukraine-Russia Tensions (February 21, 2022 | Thread V)"
"hxwn96y","sya4x3","t3_sya4x3","t3_sya4x3","worldnews","1645492219","2022-02-22T01:10:19+00:00","cdw2468","1","does anyone know if russia looks like it will stop at the borders of the regions it claims?","/r/worldnews/comments/sya4x3/rworldnews_live_thread_ukrainerussia_tensions/hxwn96y/","eb197f888460","2022-02-24","ASSAULT","CONFLICT","Russia and Ukraine ASSAULT each other in the Russia-Ukraine conflict escalation on February 24, 2022.","0.7306","/r/worldnews Live Thread: Ukraine-Russia Tensions (February 21, 2022 | Thread V)"
"hxwn97z","sya4x3","t3_sya4x3","t1_hxwn6en","worldnews","1645492219","2022-02-22T01:10:19+00:00","NPExplorer","4","I saw that Putin has ordered troops to move into the separatist regions of Ukraine","/r/worldnews/comments/sya4x3/rworldnews_live_thread_ukrainerussia_tensions/hxwn97z/","eb197f888460","2022-02-24","ASSAULT","CONFLICT","Russia and Ukraine ASSAULT each other in the Russia-Ukraine conflict escalation on February 24, 2022.","0.7306","/r/worldnews Live Thread: Ukraine-Russia Tensions (February 21, 2022 | Thread V)"
"hxwn980","sya4x3","t3_sya4x3","t3_sya4x3","worldnews","1645492219","2022-02-22T01:10:19+00:00","[deleted]","1","[removed]","/r/worldnews/comments/sya4x3/rworldnews_live_thread_ukrainerussia_tensions/hxwn980/","eb197f888460","2022-02-24","ASSAULT","CONFLICT","Russia and Ukraine ASSAULT each other in the Russia-Ukraine conflict escalation on February 24, 2022.","0.7306","/r/worldnews Live Thread: Ukraine-Russia Tensions (February 21, 2022 | Thread V)"
"hxwn9at","sya4x3","t3_sya4x3","t3_sya4x3","worldnews","1645492220","2022-02-22T01:10:20+00:00","[deleted]","-2","[removed]","/r/worldnews/comments/sya4x3/rworldnews_live_thread_ukrainerussia_tensions/hxwn9at/","eb197f888460","2022-02-24","ASSAULT","CONFLICT","Russia and Ukraine ASSAULT each other in the Russia-Ukraine conflict escalation on February 24, 2022.","0.7306","/r/worldnews Live Thread: Ukraine-Russia Tensions (February 21, 2022 | Thread V)"
"hxwn9za","sya4x3","t3_sya4x3","t3_sya4x3","worldnews","1645492229","2022-02-22T01:10:29+00:00","[deleted]","-1","[removed]","/r/worldnews/comments/sya4x3/rworldnews_live_thread_ukrainerussia_tensions/hxwn9za/","eb197f888460","2022-02-24","ASSAULT","CONFLICT","Russia and Ukraine ASSAULT each other in the Russia-Ukraine conflict escalation on February 24, 2022.","0.7306","/r/worldnews Live Thread: Ukraine-Russia Tensions (February 21, 2022 | Thread V)"
"hxwn9zw","sya4x3","t3_sya4x3","t3_sya4x3","worldnews","1645492230","2022-02-22T01:10:30+00:00","bekindbeniceplease","-1","How many live threads today?","/r/worldnews/comments/sya4x3/rworldnews_live_thread_ukrainerussia_tensions/hxwn9zw/","eb197f888460","2022-02-24","ASSAULT","CONFLICT","Russia and Ukraine ASSAULT each other in the Russia-Ukraine conflict escalation on February 24, 2022.","0.7306","/r/worldnews Live Thread: Ukraine-Russia Tensions (February 21, 2022 | Thread V)"
"hxwna65","sya4x3","t3_sya4x3","t3_sya4x3","worldnews","1645492232","2022-02-22T01:10:32+00:00","[deleted]","1","[deleted]","/r/worldnews/comments/sya4x3/rworldnews_live_thread_ukrainerussia_tensions/hxwna65/","eb197f888460","2022-02-24","ASSAULT","CONFLICT","Russia and Ukraine ASSAULT each other in the Russia-Ukraine conflict escalation on February 24, 2022.","0.7306","/r/worldnews Live Thread: Ukraine-Russia Tensions (February 21, 2022 | Thread V)"
"hxwna9u","sya4x3","t3_sya4x3","t1_hxwn75z","worldnews","1645492233","2022-02-22T01:10:33+00:00","[deleted]","1","[deleted]","/r/worldnews/comments/sya4x3/rworldnews_live_thread_ukrainerussia_tensions/hxwna9u/","eb197f888460","2022-02-24","ASSAULT","CONFLICT","Russia and Ukraine ASSAULT each other in the Russia-Ukraine conflict escalation on February 24, 2022.","0.7306","/r/worldnews Live Thread: Ukraine-Russia Tensions (February 21, 2022 | Thread V)"
"hxwnafa","sya4x3","t3_sya4x3","t1_hxwn2zk","worldnews","1645492235","2022-02-22T01:10:35+00:00","CoyoteOnTheWing","0","They are pretty neat.","/r/worldnews/comments/sya4x3/rworldnews_live_thread_ukrainerussia_tensions/hxwnafa/","eb197f888460","2022-02-24","ASSAULT","CONFLICT","Russia and Ukraine ASSAULT each other in the Russia-Ukraine conflict escalation on February 24, 2022.","0.7306","/r/worldnews Live Thread: Ukraine-Russia Tensions (February 21, 2022 | Thread V)"
"hxwnalq","sya4x3","t3_sya4x3","t3_sya4x3","worldnews","1645492237","2022-02-22T01:10:37+00:00","[deleted]","2","[removed]","/r/worldnews/comments/sya4x3/rworldnews_live_thread_ukrainerussia_tensions/hxwnalq/","eb197f888460","2022-02-24","ASSAULT","CONFLICT","Russia and Ukraine ASSAULT each other in the Russia-Ukraine conflict escalation on February 24, 2022.","0.7306","/r/worldnews Live Thread: Ukraine-Russia Tensions (February 21, 2022 | Thread V)"
"hxwnao4","sya4x3","t3_sya4x3","t1_hxwn7q9","worldnews","1645492238","2022-02-22T01:10:38+00:00","CapnBlargles","12","Pain","/r/worldnews/comments/sya4x3/rworldnews_live_thread_ukrainerussia_tensions/hxwnao4/","eb197f888460","2022-02-24","ASSAULT","CONFLICT","Russia and Ukraine ASSAULT each other in the Russia-Ukraine conflict escalation on February 24, 2022.","0.7306","/r/worldnews Live Thread: Ukraine-Russia Tensions (February 21, 2022 | Thread V)"
"hxwnap9","sya4x3","t3_sya4x3","t3_sya4x3","worldnews","1645492239","2022-02-22T01:10:39+00:00","ownersen","1","Can someone pls give me a livestream which checks for new news on twitter on so on ?","/r/worldnews/comments/sya4x3/rworldnews_live_thread_ukrainerussia_tensions/hxwnap9/","eb197f888460","2022-02-24","ASSAULT","CONFLICT","Russia and Ukraine ASSAULT each other in the Russia-Ukraine conflict escalation on February 24, 2022.","0.7306","/r/worldnews Live Thread: Ukraine-Russia Tensions (February 21, 2022 | Thread V)"
"hxwnaqi","sya4x3","t3_sya4x3","t3_sya4x3","worldnews","1645492239","2022-02-22T01:10:39+00:00","Mechamobzilla1","34","I'll throw back two shots tonight. One for the dead, another for the dying.


Fuck Putin.","/r/worldnews/comments/sya4x3/rworldnews_live_thread_ukrainerussia_tensions/hxwnaqi/","eb197f888460","2022-02-24","ASSAULT","CONFLICT","Russia and Ukraine ASSAULT each other in the Russia-Ukraine conflict escalation on February 24, 2022.","0.7306","/r/worldnews Live Thread: Ukraine-Russia Tensions (February 21, 2022 | Thread V)"
"hxwnb5u","sya4x3","t3_sya4x3","t1_hxwn7q9","worldnews","1645492245","2022-02-22T01:10:45+00:00","darthdope123","21","Depending on how the rest of tonight goes, either bad or really bad","/r/worldnews/comments/sya4x3/rworldnews_live_thread_ukrainerussia_tensions/hxwnb5u/","eb197f888460","2022-02-24","ASSAULT","CONFLICT","Russia and Ukraine ASSAULT each other in the Russia-Ukraine conflict escalation on February 24, 2022.","0.7306","/r/worldnews Live Thread: Ukraine-Russia Tensions (February 21, 2022 | Thread V)"
"hxwnbd4","sya4x3","t3_sya4x3","t3_sya4x3","worldnews","1645492247","2022-02-22T01:10:47+00:00","nofoax","139","So he's moving into the ""separatist territories.""

Time to start sanctions. I hope they are brutal. Putin is a monster.

Thinking of the Ukrainian people, and I feel for the innocent Russians whose lives will be made even more challenging because of Putin's kleptocratic, imperialist insanity.","/r/worldnews/comments/sya4x3/rworldnews_live_thread_ukrainerussia_tensions/hxwnbd4/","eb197f888460","2022-02-24","ASSAULT","CONFLICT","Russia and Ukraine ASSAULT each other in the Russia-Ukraine conflict escalation on February 24, 2022.","0.7306","/r/worldnews Live Thread: Ukraine-Russia Tensions (February 21, 2022 | Thread V)"
"hxwnbdo","sya4x3","t3_sya4x3","t3_sya4x3","worldnews","1645492248","2022-02-22T01:10:48+00:00","I_Like_Thanksgiving","35","I’ve seen such disappointing comments on right-wing sites like Fox, the Daily Mail, etc. basically saying that they respect Putin more than Biden because he “takes what he wants”, has “Russia’s best interest at heart”, etc. 

Yet another 2020s lesson about where some people’s priorities lie, and for a sizable minority, it’s with Putin over the West","/r/worldnews/comments/sya4x3/rworldnews_live_thread_ukrainerussia_tensions/hxwnbdo/","eb197f888460","2022-02-24","ASSAULT","CONFLICT","Russia and Ukraine ASSAULT each other in the Russia-Ukraine conflict escalation on February 24, 2022.","0.7306","/r/worldnews Live Thread: Ukraine-Russia Tensions (February 21, 2022 | Thread V)"
"hxwnc22","sya4x3","t3_sya4x3","t3_sya4x3","worldnews","1645492256","2022-02-22T01:10:56+00:00","Hellothere170","-2","What did I miss in the last 2 hours","/r/worldnews/comments/sya4x3/rworldnews_live_thread_ukrainerussia_tensions/hxwnc22/","eb197f888460","2022-02-24","ASSAULT","CONFLICT","Russia and Ukraine ASSAULT each other in the Russia-Ukraine conflict escalation on February 24, 2022.","0.7306","/r/worldnews Live Thread: Ukraine-Russia Tensions (February 21, 2022 | Thread V)"
"hxwnc5p","sya4x3","t3_sya4x3","t1_hxwn5ip","worldnews","1645492258","2022-02-22T01:10:58+00:00","[deleted]","1","[deleted]","/r/worldnews/comments/sya4x3/rworldnews_live_thread_ukrainerussia_tensions/hxwnc5p/","eb197f888460","2022-02-24","ASSAULT","CONFLICT","Russia and Ukraine ASSAULT each other in the Russia-Ukraine conflict escalation on February 24, 2022.","0.7306","/r/worldnews Live Thread: Ukraine-Russia Tensions (February 21, 2022 | Thread V)"
"hxwncn2","sya4x3","t3_sya4x3","t1_hxwn38b","worldnews","1645492264","2022-02-22T01:11:04+00:00","BrownSugarBare","18","Here's hoping there are none, but the likelihood is there may be many. This is absolutely terrifying.","/r/worldnews/comments/sya4x3/rworldnews_live_thread_ukrainerussia_tensions/hxwncn2/","eb197f888460","2022-02-24","ASSAULT","CONFLICT","Russia and Ukraine ASSAULT each other in the Russia-Ukraine conflict escalation on February 24, 2022.","0.7306","/r/worldnews Live Thread: Ukraine-Russia Tensions (February 21, 2022 | Thread V)"
"hxwncsk","sya4x3","t3_sya4x3","t1_hxwn66z","worldnews","1645492266","2022-02-22T01:11:06+00:00","grumpy_suburbanite","78","Still has to follow parliamentary rules","/r/worldnews/comments/sya4x3/rworldnews_live_thread_ukrainerussia_tensions/hxwncsk/","eb197f888460","2022-02-24","ASSAULT","CONFLICT","Russia and Ukraine ASSAULT each other in the Russia-Ukraine conflict escalation on February 24, 2022.","0.7306","/r/worldnews Live Thread: Ukraine-Russia Tensions (February 21, 2022 | Thread V)"
"hxwncul","sya4x3","t3_sya4x3","t1_hxwn96y","worldnews","1645492267","2022-02-22T01:11:07+00:00","MrSergioMendoza","7","Lemme call Putin, hold on...","/r/worldnews/comments/sya4x3/rworldnews_live_thread_ukrainerussia_tensions/hxwncul/","eb197f888460","2022-02-24","ASSAULT","CONFLICT","Russia and Ukraine ASSAULT each other in the Russia-Ukraine conflict escalation on February 24, 2022.","0.7306","/r/worldnews Live Thread: Ukraine-Russia Tensions (February 21, 2022 | Thread V)"
"hxwnd5k","sya4x3","t3_sya4x3","t1_hxwn97z","worldnews","1645492271","2022-02-22T01:11:11+00:00","jgjgleason","15","Wow I know things are moving fast when I think that’s old news. God I hate this situation.","/r/worldnews/comments/sya4x3/rworldnews_live_thread_ukrainerussia_tensions/hxwnd5k/","eb197f888460","2022-02-24","ASSAULT","CONFLICT","Russia and Ukraine ASSAULT each other in the Russia-Ukraine conflict escalation on February 24, 2022.","0.7306","/r/worldnews Live Thread: Ukraine-Russia Tensions (February 21, 2022 | Thread V)"
"hxwnd82","sya4x3","t3_sya4x3","t3_sya4x3","worldnews","1645492272","2022-02-22T01:11:12+00:00","generalkenobi66420","7","Well shit. Here we go guys, any predictions for the next hour?","/r/worldnews/comments/sya4x3/rworldnews_live_thread_ukrainerussia_tensions/hxwnd82/","eb197f888460","2022-02-24","ASSAULT","CONFLICT","Russia and Ukraine ASSAULT each other in the Russia-Ukraine conflict escalation on February 24, 2022.","0.7306","/r/worldnews Live Thread: Ukraine-Russia Tensions (February 21, 2022 | Thread V)"
"hxwndfp","sya4x3","t3_sya4x3","t3_sya4x3","worldnews","1645492275","2022-02-22T01:11:15+00:00","Buster_Cherry88","-14","Here i sit, brokenhearted

Tried to shit but only farted

Then one day, i took a chance,

I tried to fart and shit my pants","/r/worldnews/comments/sya4x3/rworldnews_live_thread_ukrainerussia_tensions/hxwndfp/","eb197f888460","2022-02-24","ASSAULT","CONFLICT","Russia and Ukraine ASSAULT each other in the Russia-Ukraine conflict escalation on February 24, 2022.","0.7306","/r/worldnews Live Thread: Ukraine-Russia Tensions (February 21, 2022 | Thread V)"
"hxwndhh","sya4x3","t3_sya4x3","t1_hxwn7q9","worldnews","1645492276","2022-02-22T01:11:16+00:00","maddiethehippie","10","Buy the dip","/r/worldnews/comments/sya4x3/rworldnews_live_thread_ukrainerussia_tensions/hxwndhh/","eb197f888460","2022-02-24","ASSAULT","CONFLICT","Russia and Ukraine ASSAULT each other in the Russia-Ukraine conflict escalation on February 24, 2022.","0.7306","/r/worldnews Live Thread: Ukraine-Russia Tensions (February 21, 2022 | Thread V)"
"hxwndr4","sya4x3","t3_sya4x3","t3_sya4x3","worldnews","1645492279","2022-02-22T01:11:19+00:00","waitingtodiesince93","3","It'll take a while for the substantive comments to roll in.","/r/worldnews/comments/sya4x3/rworldnews_live_thread_ukrainerussia_tensions/hxwndr4/","eb197f888460","2022-02-24","ASSAULT","CONFLICT","Russia and Ukraine ASSAULT each other in the Russia-Ukraine conflict escalation on February 24, 2022.","0.7306","/r/worldnews Live Thread: Ukraine-Russia Tensions (February 21, 2022 | Thread V)"
"hxwndtc","sya4x3","t3_sya4x3","t3_sya4x3","worldnews","1645492280","2022-02-22T01:11:20+00:00","gebryan","4","Send Kanye","/r/worldnews/comments/sya4x3/rworldnews_live_thread_ukrainerussia_tensions/hxwndtc/","eb197f888460","2022-02-24","ASSAULT","CONFLICT","Russia and Ukraine ASSAULT each other in the Russia-Ukraine conflict escalation on February 24, 2022.","0.7306","/r/worldnews Live Thread: Ukraine-Russia Tensions (February 21, 2022 | Thread V)"
"hxwndvf","sya4x3","t3_sya4x3","t3_sya4x3","worldnews","1645492281","2022-02-22T01:11:21+00:00","billgigs55","88","Support for ukraine 🇺🇦","/r/worldnews/comments/sya4x3/rworldnews_live_thread_ukrainerussia_tensions/hxwndvf/","eb197f888460","2022-02-24","ASSAULT","CONFLICT","Russia and Ukraine ASSAULT each other in the Russia-Ukraine conflict escalation on February 24, 2022.","0.7306","/r/worldnews Live Thread: Ukraine-Russia Tensions (February 21, 2022 | Thread V)"
"hxwne5f","sya4x3","t3_sya4x3","t1_hxwnap9","worldnews","1645492285","2022-02-22T01:11:25+00:00","Due_Pollution2210","5","Agent free tv on YouTube","/r/worldnews/comments/sya4x3/rworldnews_live_thread_ukrainerussia_tensions/hxwne5f/","eb197f888460","2022-02-24","ASSAULT","CONFLICT","Russia and Ukraine ASSAULT each other in the Russia-Ukraine conflict escalation on February 24, 2022.","0.7306","/r/worldnews Live Thread: Ukraine-Russia Tensions (February 21, 2022 | Thread V)"
"hxwne83","sya4x3","t3_sya4x3","t1_hxwn97z","worldnews","1645492286","2022-02-22T01:11:26+00:00","MachineElfOnASheIf","7","Hours ago.","/r/worldnews/comments/sya4x3/rworldnews_live_thread_ukrainerussia_tensions/hxwne83/","eb197f888460","2022-02-24","ASSAULT","CONFLICT","Russia and Ukraine ASSAULT each other in the Russia-Ukraine conflict escalation on February 24, 2022.","0.7306","/r/worldnews Live Thread: Ukraine-Russia Tensions (February 21, 2022 | Thread V)"
"hxwnedd","sya4x3","t3_sya4x3","t1_hxwn7q9","worldnews","1645492288","2022-02-22T01:11:28+00:00","jgjgleason","4","Buy the dip?","/r/worldnews/comments/sya4x3/rworldnews_live_thread_ukrainerussia_tensions/hxwnedd/","eb197f888460","2022-02-24","ASSAULT","CONFLICT","Russia and Ukraine ASSAULT each other in the Russia-Ukraine conflict escalation on February 24, 2022.","0.7306","/r/worldnews Live Thread: Ukraine-Russia Tensions (February 21, 2022 | Thread V)"
"hxwneha","sya4x3","t3_sya4x3","t1_hxwn38b","worldnews","1645492289","2022-02-22T01:11:29+00:00","flecktarnbrother","138","The Pentagon estimates that 50,000 Ukrainian civilians will be killed. A further 1 to 5 million will flee.","/r/worldnews/comments/sya4x3/rworldnews_live_thread_ukrainerussia_tensions/hxwneha/","eb197f888460","2022-02-24","ASSAULT","CONFLICT","Russia and Ukraine ASSAULT each other in the Russia-Ukraine conflict escalation on February 24, 2022.","0.7306","/r/worldnews Live Thread: Ukraine-Russia Tensions (February 21, 2022 | Thread V)"
"hxwnejs","sya4x3","t3_sya4x3","t1_hxwn38b","worldnews","1645492290","2022-02-22T01:11:30+00:00","11sparky11","2","In addition to the thousands already killed?","/r/worldnews/comments/sya4x3/rworldnews_live_thread_ukrainerussia_tensions/hxwnejs/","eb197f888460","2022-02-24","ASSAULT","CONFLICT","Russia and Ukraine ASSAULT each other in the Russia-Ukraine conflict escalation on February 24, 2022.","0.7306","/r/worldnews Live Thread: Ukraine-Russia Tensions (February 21, 2022 | Thread V)"
"hxwnekc","sya4x3","t3_sya4x3","t1_hxwn89q","worldnews","1645492290","2022-02-22T01:11:30+00:00","[deleted]","1","[deleted]","/r/worldnews/comments/sya4x3/rworldnews_live_thread_ukrainerussia_tensions/hxwnekc/","eb197f888460","2022-02-24","ASSAULT","CONFLICT","Russia and Ukraine ASSAULT each other in the Russia-Ukraine conflict escalation on February 24, 2022.","0.7306","/r/worldnews Live Thread: Ukraine-Russia Tensions (February 21, 2022 | Thread V)"
"hxwnes7","sya4x3","t3_sya4x3","t1_hxwn38b","worldnews","1645492293","2022-02-22T01:11:33+00:00","Ohfreakyman","14","The people of Ukraine will be under the iron boot of Putin, there will be casualties far beyond the capitulation, unfortunately","/r/worldnews/comments/sya4x3/rworldnews_live_thread_ukrainerussia_tensions/hxwnes7/","eb197f888460","2022-02-24","ASSAULT","CONFLICT","Russia and Ukraine ASSAULT each other in the Russia-Ukraine conflict escalation on February 24, 2022.","0.7306","/r/worldnews Live Thread: Ukraine-Russia Tensions (February 21, 2022 | Thread V)"
"hxwneuh","sya4x3","t3_sya4x3","t3_sya4x3","worldnews","1645492294","2022-02-22T01:11:34+00:00","[deleted]","1","[removed]","/r/worldnews/comments/sya4x3/rworldnews_live_thread_ukrainerussia_tensions/hxwneuh/","eb197f888460","2022-02-24","ASSAULT","CONFLICT","Russia and Ukraine ASSAULT each other in the Russia-Ukraine conflict escalation on February 24, 2022.","0.7306","/r/worldnews Live Thread: Ukraine-Russia Tensions (February 21, 2022 | Thread V)"
"hxwnf33","sya4x3","t3_sya4x3","t1_hxwn52b","worldnews","1645492297","2022-02-22T01:11:37+00:00","BlatantConservative","17","You should see what we remove.","/r/worldnews/comments/sya4x3/rworldnews_live_thread_ukrainerussia_tensions/hxwnf33/","eb197f888460","2022-02-24","ASSAULT","CONFLICT","Russia and Ukraine ASSAULT each other in the Russia-Ukraine conflict escalation on February 24, 2022.","0.7306","/r/worldnews Live Thread: Ukraine-Russia Tensions (February 21, 2022 | Thread V)"
"hxwnf4o","sya4x3","t3_sya4x3","t3_sya4x3","worldnews","1645492298","2022-02-22T01:11:38+00:00","Weird-Engineer","-9","If Putin lied about invading Ukraine I hope the US and NATO lied about providing military support. 3/4 of the Russian military are all consolidated along a single border. If the United States had any balls we’d wipe the 3/4 of the Russian military off the face of the earth overnight.","/r/worldnews/comments/sya4x3/rworldnews_live_thread_ukrainerussia_tensions/hxwnf4o/","eb197f888460","2022-02-24","ASSAULT","CONFLICT","Russia and Ukraine ASSAULT each other in the Russia-Ukraine conflict escalation on February 24, 2022.","0.7306","/r/worldnews Live Thread: Ukraine-Russia Tensions (February 21, 2022 | Thread V)"
"hxwnf9d","sya4x3","t3_sya4x3","t1_hxwn5kd","worldnews","1645492299","2022-02-22T01:11:39+00:00","rufflestheruffler","9","I think 3 then it jumped over to the next day. I predict 7 today.","/r/worldnews/comments/sya4x3/rworldnews_live_thread_ukrainerussia_tensions/hxwnf9d/","eb197f888460","2022-02-24","ASSAULT","CONFLICT","Russia and Ukraine ASSAULT each other in the Russia-Ukraine conflict escalation on February 24, 2022.","0.7306","/r/worldnews Live Thread: Ukraine-Russia Tensions (February 21, 2022 | Thread V)"
"hxwnfnd","sya4x3","t3_sya4x3","t3_sya4x3","worldnews","1645492304","2022-02-22T01:11:44+00:00","wierdness201","-6","It begins.

Edit: Was I wrong?","/r/worldnews/comments/sya4x3/rworldnews_live_thread_ukrainerussia_tensions/hxwnfnd/","eb197f888460","2022-02-24","ASSAULT","CONFLICT","Russia and Ukraine ASSAULT each other in the Russia-Ukraine conflict escalation on February 24, 2022.","0.7306","/r/worldnews Live Thread: Ukraine-Russia Tensions (February 21, 2022 | Thread V)"
"hxwnfo1","sya4x3","t3_sya4x3","t1_hxwn8kl","worldnews","1645492305","2022-02-22T01:11:45+00:00","RonaldoNazario","20","Factos 👀","/r/worldnews/comments/sya4x3/rworldnews_live_thread_ukrainerussia_tensions/hxwnfo1/","eb197f888460","2022-02-24","ASSAULT","CONFLICT","Russia and Ukraine ASSAULT each other in the Russia-Ukraine conflict escalation on February 24, 2022.","0.7306","/r/worldnews Live Thread: Ukraine-Russia Tensions (February 21, 2022 | Thread V)"
"hxwnfp7","sya4x3","t3_sya4x3","t3_sya4x3","worldnews","1645492305","2022-02-22T01:11:45+00:00","KatanaAmerica","29","Take this with a grain of salt: 
""Our sources &amp; social media reports that mobile connection on Ukraine’s controlled territory near Russia’s occupied territories of so-called “LDPR” is being jammed.""


https://twitter.com/MargoGontar/status/1495928394336374786?s=20&amp;t=n4Y7AZIZmly3sdFh0dCA1g","/r/worldnews/comments/sya4x3/rworldnews_live_thread_ukrainerussia_tensions/hxwnfp7/","eb197f888460","2022-02-24","ASSAULT","CONFLICT","Russia and Ukraine ASSAULT each other in the Russia-Ukraine conflict escalation on February 24, 2022.","0.7306","/r/worldnews Live Thread: Ukraine-Russia Tensions (February 21, 2022 | Thread V)"
"hxwnfpe","sya4x3","t3_sya4x3","t1_hxwnc22","worldnews","1645492305","2022-02-22T01:11:45+00:00","66lux","0","Bump","/r/worldnews/comments/sya4x3/rworldnews_live_thread_ukrainerussia_tensions/hxwnfpe/","eb197f888460","2022-02-24","ASSAULT","CONFLICT","Russia and Ukraine ASSAULT each other in the Russia-Ukraine conflict escalation on February 24, 2022.","0.7306","/r/worldnews Live Thread: Ukraine-Russia Tensions (February 21, 2022 | Thread V)"
"hxwnfqe","sya4x3","t3_sya4x3","t1_hxwne5f","worldnews","1645492305","2022-02-22T01:11:45+00:00","ownersen","1","Ty :)","/r/worldnews/comments/sya4x3/rworldnews_live_thread_ukrainerussia_tensions/hxwnfqe/","eb197f888460","2022-02-24","ASSAULT","CONFLICT","Russia and Ukraine ASSAULT each other in the Russia-Ukraine conflict escalation on February 24, 2022.","0.7306","/r/worldnews Live Thread: Ukraine-Russia Tensions (February 21, 2022 | Thread V)"
"hxwnfyc","sya4x3","t3_sya4x3","t1_hxwn66z","worldnews","1645492308","2022-02-22T01:11:48+00:00","theredditoro","17","That’s a kangaroo court with them in charge","/r/worldnews/comments/sya4x3/rworldnews_live_thread_ukrainerussia_tensions/hxwnfyc/","eb197f888460","2022-02-24","ASSAULT","CONFLICT","Russia and Ukraine ASSAULT each other in the Russia-Ukraine conflict escalation on February 24, 2022.","0.7306","/r/worldnews Live Thread: Ukraine-Russia Tensions (February 21, 2022 | Thread V)"
"hxwng7m","sya4x3","t3_sya4x3","t1_hxwn7q9","worldnews","1645492312","2022-02-22T01:11:52+00:00","saltiestmanindaworld","3","Better than whats going to happen to the Russian markets, but still bad.","/r/worldnews/comments/sya4x3/rworldnews_live_thread_ukrainerussia_tensions/hxwng7m/","eb197f888460","2022-02-24","ASSAULT","CONFLICT","Russia and Ukraine ASSAULT each other in the Russia-Ukraine conflict escalation on February 24, 2022.","0.7306","/r/worldnews Live Thread: Ukraine-Russia Tensions (February 21, 2022 | Thread V)"
"hxwngdj","sya4x3","t3_sya4x3","t3_sya4x3","worldnews","1645492314","2022-02-22T01:11:54+00:00","waynkerr","19","Important reminder that Russia really fudges the numbers on military casualties. They said 7500 Russian soldiers died in the 2nd Chechen war, but independent Russian NGOs put the real count around 14,000.","/r/worldnews/comments/sya4x3/rworldnews_live_thread_ukrainerussia_tensions/hxwngdj/","eb197f888460","2022-02-24","ASSAULT","CONFLICT","Russia and Ukraine ASSAULT each other in the Russia-Ukraine conflict escalation on February 24, 2022.","0.7306","/r/worldnews Live Thread: Ukraine-Russia Tensions (February 21, 2022 | Thread V)"
"hxwngi2","sya4x3","t3_sya4x3","t3_sya4x3","worldnews","1645492315","2022-02-22T01:11:55+00:00","[deleted]","11","[deleted]","/r/worldnews/comments/sya4x3/rworldnews_live_thread_ukrainerussia_tensions/hxwngi2/","eb197f888460","2022-02-24","ASSAULT","CONFLICT","Russia and Ukraine ASSAULT each other in the Russia-Ukraine conflict escalation on February 24, 2022.","0.7306","/r/worldnews Live Thread: Ukraine-Russia Tensions (February 21, 2022 | Thread V)"
"hxwngqr","sya4x3","t3_sya4x3","t1_hxwn38b","worldnews","1645492318","2022-02-22T01:11:58+00:00","anzhalyumitethe","55","If the Russians launch an offensive, it will be really, really bad.  Massed artillery is very much their playbook.  A lot of people will die.","/r/worldnews/comments/sya4x3/rworldnews_live_thread_ukrainerussia_tensions/hxwngqr/","eb197f888460","2022-02-24","ASSAULT","CONFLICT","Russia and Ukraine ASSAULT each other in the Russia-Ukraine conflict escalation on February 24, 2022.","0.7306","/r/worldnews Live Thread: Ukraine-Russia Tensions (February 21, 2022 | Thread V)"
"hxwngv2","sya4x3","t3_sya4x3","t3_sya4x3","worldnews","1645492320","2022-02-22T01:12:00+00:00","[deleted]","1","[deleted]","/r/worldnews/comments/sya4x3/rworldnews_live_thread_ukrainerussia_tensions/hxwngv2/","eb197f888460","2022-02-24","ASSAULT","CONFLICT","Russia and Ukraine ASSAULT each other in the Russia-Ukraine conflict escalation on February 24, 2022.","0.7306","/r/worldnews Live Thread: Ukraine-Russia Tensions (February 21, 2022 | Thread V)"
"hxwngza","sya4x3","t3_sya4x3","t1_hxwn96y","worldnews","1645492321","2022-02-22T01:12:01+00:00","[deleted]","1","[removed]","/r/worldnews/comments/sya4x3/rworldnews_live_thread_ukrainerussia_tensions/hxwngza/","eb197f888460","2022-02-24","ASSAULT","CONFLICT","Russia and Ukraine ASSAULT each other in the Russia-Ukraine conflict escalation on February 24, 2022.","0.7306","/r/worldnews Live Thread: Ukraine-Russia Tensions (February 21, 2022 | Thread V)"
"hxwnh4l","sya4x3","t3_sya4x3","t3_sya4x3","worldnews","1645492324","2022-02-22T01:12:04+00:00","bluerhino12345","12","Oligarchs in tears come stock market opening tomorrow","/r/worldnews/comments/sya4x3/rworldnews_live_thread_ukrainerussia_tensions/hxwnh4l/","eb197f888460","2022-02-24","ASSAULT","CONFLICT","Russia and Ukraine ASSAULT each other in the Russia-Ukraine conflict escalation on February 24, 2022.","0.7306","/r/worldnews Live Thread: Ukraine-Russia Tensions (February 21, 2022 | Thread V)"
"hxwnheb","sya4x3","t3_sya4x3","t3_sya4x3","worldnews","1645492327","2022-02-22T01:12:07+00:00","Guulag","37","That new thread smell aaaahhh","/r/worldnews/comments/sya4x3/rworldnews_live_thread_ukrainerussia_tensions/hxwnheb/","eb197f888460","2022-02-24","ASSAULT","CONFLICT","Russia and Ukraine ASSAULT each other in the Russia-Ukraine conflict escalation on February 24, 2022.","0.7306","/r/worldnews Live Thread: Ukraine-Russia Tensions (February 21, 2022 | Thread V)"
"hxwnhrc","sya4x3","t3_sya4x3","t3_sya4x3","worldnews","1645492332","2022-02-22T01:12:12+00:00","falcaraz99","2","Wonder what this could potentially do to Chelsea FC 🤔","/r/worldnews/comments/sya4x3/rworldnews_live_thread_ukrainerussia_tensions/hxwnhrc/","eb197f888460","2022-02-24","ASSAULT","CONFLICT","Russia and Ukraine ASSAULT each other in the Russia-Ukraine conflict escalation on February 24, 2022.","0.7306","/r/worldnews Live Thread: Ukraine-Russia Tensions (February 21, 2022 | Thread V)"
"hxwnhtm","sya4x3","t3_sya4x3","t1_hxwn5jw","worldnews","1645492332","2022-02-22T01:12:12+00:00","DontSleep1131","9","Russia is just going to veto any and everything. That will be pointless to watch.","/r/worldnews/comments/sya4x3/rworldnews_live_thread_ukrainerussia_tensions/hxwnhtm/","eb197f888460","2022-02-24","ASSAULT","CONFLICT","Russia and Ukraine ASSAULT each other in the Russia-Ukraine conflict escalation on February 24, 2022.","0.7306","/r/worldnews Live Thread: Ukraine-Russia Tensions (February 21, 2022 | Thread V)"
"hxwnhto","sya4x3","t3_sya4x3","t3_sya4x3","worldnews","1645492332","2022-02-22T01:12:12+00:00","FullCuntalLobotomy","6","I am sick of these motherfucking gopniks in this motherfucking Ukraine","/r/worldnews/comments/sya4x3/rworldnews_live_thread_ukrainerussia_tensions/hxwnhto/","eb197f888460","2022-02-24","ASSAULT","CONFLICT","Russia and Ukraine ASSAULT each other in the Russia-Ukraine conflict escalation on February 24, 2022.","0.7306","/r/worldnews Live Thread: Ukraine-Russia Tensions (February 21, 2022 | Thread V)"
"hxwnhui","sya4x3","t3_sya4x3","t1_hxwn8yo","worldnews","1645492333","2022-02-22T01:12:13+00:00","[deleted]","1","[removed]","/r/worldnews/comments/sya4x3/rworldnews_live_thread_ukrainerussia_tensions/hxwnhui/","eb197f888460","2022-02-24","ASSAULT","CONFLICT","Russia and Ukraine ASSAULT each other in the Russia-Ukraine conflict escalation on February 24, 2022.","0.7306","/r/worldnews Live Thread: Ukraine-Russia Tensions (February 21, 2022 | Thread V)"
"hxwnida","sya4x3","t3_sya4x3","t1_hxwmzzw","worldnews","1645492339","2022-02-22T01:12:19+00:00","Ok-Mathematician__","1","first comment!","/r/worldnews/comments/sya4x3/rworldnews_live_thread_ukrainerussia_tensions/hxwnida/","eb197f888460","2022-02-24","ASSAULT","CONFLICT","Russia and Ukraine ASSAULT each other in the Russia-Ukraine conflict escalation on February 24, 2022.","0.7306","/r/worldnews Live Thread: Ukraine-Russia Tensions (February 21, 2022 | Thread V)"
"hxwnj5j","sya4x3","t3_sya4x3","t1_hxwn38b","worldnews","1645492349","2022-02-22T01:12:29+00:00","drea2","7","Tell the women to get out before the red army comes","/r/worldnews/comments/sya4x3/rworldnews_live_thread_ukrainerussia_tensions/hxwnj5j/","eb197f888460","2022-02-24","ASSAULT","CONFLICT","Russia and Ukraine ASSAULT each other in the Russia-Ukraine conflict escalation on February 24, 2022.","0.7306","/r/worldnews Live Thread: Ukraine-Russia Tensions (February 21, 2022 | Thread V)"
"hxwnj7r","sya4x3","t3_sya4x3","t1_hxwnf33","worldnews","1645492350","2022-02-22T01:12:30+00:00","Guulag","11","No thanks","/r/worldnews/comments/sya4x3/rworldnews_live_thread_ukrainerussia_tensions/hxwnj7r/","eb197f888460","2022-02-24","ASSAULT","CONFLICT","Russia and Ukraine ASSAULT each other in the Russia-Ukraine conflict escalation on February 24, 2022.","0.7306","/r/worldnews Live Thread: Ukraine-Russia Tensions (February 21, 2022 | Thread V)"
"hxwnja5","sya4x3","t3_sya4x3","t1_hxwn96y","worldnews","1645492351","2022-02-22T01:12:31+00:00","flecktarnbrother","3","No. They'll be pushing through to the Dnieper River after they've assumed control over the entirety of Luhansk and Donetsk Oblasts (Novorossiya). The Pentagon believes that Kyiv will be struck in a Shock &amp; Awe attack.","/r/worldnews/comments/sya4x3/rworldnews_live_thread_ukrainerussia_tensions/hxwnja5/","eb197f888460","2022-02-24","ASSAULT","CONFLICT","Russia and Ukraine ASSAULT each other in the Russia-Ukraine conflict escalation on February 24, 2022.","0.7306","/r/worldnews Live Thread: Ukraine-Russia Tensions (February 21, 2022 | Thread V)"
"hxwnjhe","sya4x3","t3_sya4x3","t3_sya4x3","worldnews","1645492353","2022-02-22T01:12:33+00:00","Snuusern","4","Cyka","/r/worldnews/comments/sya4x3/rworldnews_live_thread_ukrainerussia_tensions/hxwnjhe/","eb197f888460","2022-02-24","ASSAULT","CONFLICT","Russia and Ukraine ASSAULT each other in the Russia-Ukraine conflict escalation on February 24, 2022.","0.7306","/r/worldnews Live Thread: Ukraine-Russia Tensions (February 21, 2022 | Thread V)"
"hxwnjl2","sya4x3","t3_sya4x3","t1_hxwnheb","worldnews","1645492355","2022-02-22T01:12:35+00:00","hglman","11","Sells like cancer","/r/worldnews/comments/sya4x3/rworldnews_live_thread_ukrainerussia_tensions/hxwnjl2/","eb197f888460","2022-02-24","ASSAULT","CONFLICT","Russia and Ukraine ASSAULT each other in the Russia-Ukraine conflict escalation on February 24, 2022.","0.7306","/r/worldnews Live Thread: Ukraine-Russia Tensions (February 21, 2022 | Thread V)"
"hxwnjo8","sya4x3","t3_sya4x3","t1_hxwnc22","worldnews","1645492356","2022-02-22T01:12:36+00:00","theredditoro","1","Still waiting. Some social media reports but I don’t know how much confirmed.","/r/worldnews/comments/sya4x3/rworldnews_live_thread_ukrainerussia_tensions/hxwnjo8/","eb197f888460","2022-02-24","ASSAULT","CONFLICT","Russia and Ukraine ASSAULT each other in the Russia-Ukraine conflict escalation on February 24, 2022.","0.7306","/r/worldnews Live Thread: Ukraine-Russia Tensions (February 21, 2022 | Thread V)"
"hxwnjot","sya4x3","t3_sya4x3","t1_hxwn7q9","worldnews","1645492356","2022-02-22T01:12:36+00:00","anim0sitee","2","Fire sale tomorrow","/r/worldnews/comments/sya4x3/rworldnews_live_thread_ukrainerussia_tensions/hxwnjot/","eb197f888460","2022-02-24","ASSAULT","CONFLICT","Russia and Ukraine ASSAULT each other in the Russia-Ukraine conflict escalation on February 24, 2022.","0.7306","/r/worldnews Live Thread: Ukraine-Russia Tensions (February 21, 2022 | Thread V)"
"hxwnk54","sya4x3","t3_sya4x3","t1_hxwndfp","worldnews","1645492362","2022-02-22T01:12:42+00:00","generalkenobi66420","5","Is this really appropriate","/r/worldnews/comments/sya4x3/rworldnews_live_thread_ukrainerussia_tensions/hxwnk54/","eb197f888460","2022-02-24","ASSAULT","CONFLICT","Russia and Ukraine ASSAULT each other in the Russia-Ukraine conflict escalation on February 24, 2022.","0.7306","/r/worldnews Live Thread: Ukraine-Russia Tensions (February 21, 2022 | Thread V)"
"hxwnk77","sya4x3","t3_sya4x3","t1_hxwngi2","worldnews","1645492363","2022-02-22T01:12:43+00:00","repi_17","4","So?","/r/worldnews/comments/sya4x3/rworldnews_live_thread_ukrainerussia_tensions/hxwnk77/","eb197f888460","2022-02-24","ASSAULT","CONFLICT","Russia and Ukraine ASSAULT each other in the Russia-Ukraine conflict escalation on February 24, 2022.","0.7306","/r/worldnews Live Thread: Ukraine-Russia Tensions (February 21, 2022 | Thread V)"
"hxwnkaf","sya4x3","t3_sya4x3","t1_hxwnap9","worldnews","1645492363","2022-02-22T01:12:43+00:00","Kr3ativ","2","https://youtu.be/2_o8AFdvWHo","/r/worldnews/comments/sya4x3/rworldnews_live_thread_ukrainerussia_tensions/hxwnkaf/","eb197f888460","2022-02-24","ASSAULT","CONFLICT","Russia and Ukraine ASSAULT each other in the Russia-Ukraine conflict escalation on February 24, 2022.","0.7306","/r/worldnews Live Thread: Ukraine-Russia Tensions (February 21, 2022 | Thread V)"
"hxwnkdk","sya4x3","t3_sya4x3","t3_sya4x3","worldnews","1645492365","2022-02-22T01:12:45+00:00","HamburgerEarmuff","6","Once again, the Simpsons predicted the future. 

https://www.youtube.com/watch?v=z77JFw2D6f8","/r/worldnews/comments/sya4x3/rworldnews_live_thread_ukrainerussia_tensions/hxwnkdk/","eb197f888460","2022-02-24","ASSAULT","CONFLICT","Russia and Ukraine ASSAULT each other in the Russia-Ukraine conflict escalation on February 24, 2022.","0.7306","/r/worldnews Live Thread: Ukraine-Russia Tensions (February 21, 2022 | Thread V)"
"hxwnkjr","sya4x3","t3_sya4x3","t1_hxwn8yo","worldnews","1645492367","2022-02-22T01:12:47+00:00","theaverageguy101","2","Outrageous !   Source ?","/r/worldnews/comments/sya4x3/rworldnews_live_thread_ukrainerussia_tensions/hxwnkjr/","eb197f888460","2022-02-24","ASSAULT","CONFLICT","Russia and Ukraine ASSAULT each other in the Russia-Ukraine conflict escalation on February 24, 2022.","0.7306","/r/worldnews Live Thread: Ukraine-Russia Tensions (February 21, 2022 | Thread V)"
"hxwnkqr","sya4x3","t3_sya4x3","t3_sya4x3","worldnews","1645492369","2022-02-22T01:12:49+00:00","Uticus","3","For the flight tracker boys

HOMER21 from Chania https://fr24.com/HOMER21/2ae64db4","/r/worldnews/comments/sya4x3/rworldnews_live_thread_ukrainerussia_tensions/hxwnkqr/","eb197f888460","2022-02-24","ASSAULT","CONFLICT","Russia and Ukraine ASSAULT each other in the Russia-Ukraine conflict escalation on February 24, 2022.","0.7306","/r/worldnews Live Thread: Ukraine-Russia Tensions (February 21, 2022 | Thread V)"
"hxwnl2q","sya4x3","t3_sya4x3","t3_sya4x3","worldnews","1645492373","2022-02-22T01:12:53+00:00","[deleted]","-1","[deleted]","/r/worldnews/comments/sya4x3/rworldnews_live_thread_ukrainerussia_tensions/hxwnl2q/","eb197f888460","2022-02-24","ASSAULT","CONFLICT","Russia and Ukraine ASSAULT each other in the Russia-Ukraine conflict escalation on February 24, 2022.","0.7306","/r/worldnews Live Thread: Ukraine-Russia Tensions (February 21, 2022 | Thread V)"
"hxwnl3d","sya4x3","t3_sya4x3","t1_hxwn2zp","worldnews","1645492373","2022-02-22T01:12:53+00:00","BrownSugarBare","7","It's just changing that fast this will be impossible to keep up.","/r/worldnews/comments/sya4x3/rworldnews_live_thread_ukrainerussia_tensions/hxwnl3d/","eb197f888460","2022-02-24","ASSAULT","CONFLICT","Russia and Ukraine ASSAULT each other in the Russia-Ukraine conflict escalation on February 24, 2022.","0.7306","/r/worldnews Live Thread: Ukraine-Russia Tensions (February 21, 2022 | Thread V)"
"hxwnl90","sya4x3","t3_sya4x3","t1_hxwnjhe","worldnews","1645492375","2022-02-22T01:12:55+00:00","FullCuntalLobotomy","3","Blyat","/r/worldnews/comments/sya4x3/rworldnews_live_thread_ukrainerussia_tensions/hxwnl90/","eb197f888460","2022-02-24","ASSAULT","CONFLICT","Russia and Ukraine ASSAULT each other in the Russia-Ukraine conflict escalation on February 24, 2022.","0.7306","/r/worldnews Live Thread: Ukraine-Russia Tensions (February 21, 2022 | Thread V)"
"hxwnl99","sya4x3","t3_sya4x3","t1_hxwnf9d","worldnews","1645492375","2022-02-22T01:12:55+00:00","sausagemonster1","3","Yeah I think 3.. I honestly thought it was going to go quiet..","/r/worldnews/comments/sya4x3/rworldnews_live_thread_ukrainerussia_tensions/hxwnl99/","eb197f888460","2022-02-24","ASSAULT","CONFLICT","Russia and Ukraine ASSAULT each other in the Russia-Ukraine conflict escalation on February 24, 2022.","0.7306","/r/worldnews Live Thread: Ukraine-Russia Tensions (February 21, 2022 | Thread V)"
"hxwnl9h","sya4x3","t3_sya4x3","t3_sya4x3","worldnews","1645492376","2022-02-22T01:12:56+00:00","Randy_____Marsh","0","I’ve been sent on a peacekeeping mission to this thread","/r/worldnews/comments/sya4x3/rworldnews_live_thread_ukrainerussia_tensions/hxwnl9h/","eb197f888460","2022-02-24","ASSAULT","CONFLICT","Russia and Ukraine ASSAULT each other in the Russia-Ukraine conflict escalation on February 24, 2022.","0.7306","/r/worldnews Live Thread: Ukraine-Russia Tensions (February 21, 2022 | Thread V)"
"hxwnldh","sya4x3","t3_sya4x3","t1_hxwn9zw","worldnews","1645492377","2022-02-22T01:12:57+00:00","[deleted]","1","[removed]","/r/worldnews/comments/sya4x3/rworldnews_live_thread_ukrainerussia_tensions/hxwnldh/","eb197f888460","2022-02-24","ASSAULT","CONFLICT","Russia and Ukraine ASSAULT each other in the Russia-Ukraine conflict escalation on February 24, 2022.","0.7306","/r/worldnews Live Thread: Ukraine-Russia Tensions (February 21, 2022 | Thread V)"
"hxwnley","sya4x3","t3_sya4x3","t1_hxwn66z","worldnews","1645492377","2022-02-22T01:12:57+00:00","_rockethat_","7","what time zone tho.","/r/worldnews/comments/sya4x3/rworldnews_live_thread_ukrainerussia_tensions/hxwnley/","eb197f888460","2022-02-24","ASSAULT","CONFLICT","Russia and Ukraine ASSAULT each other in the Russia-Ukraine conflict escalation on February 24, 2022.","0.7306","/r/worldnews Live Thread: Ukraine-Russia Tensions (February 21, 2022 | Thread V)"
"hxwnlgt","sya4x3","t3_sya4x3","t1_hxwn66z","worldnews","1645492378","2022-02-22T01:12:58+00:00","MesmericWar","348","We have investigated ourselves and found we have done no wrong in ~~Ukraine~~ West Russia","/r/worldnews/comments/sya4x3/rworldnews_live_thread_ukrainerussia_tensions/hxwnlgt/","eb197f888460","2022-02-24","ASSAULT","CONFLICT","Russia and Ukraine ASSAULT each other in the Russia-Ukraine conflict escalation on February 24, 2022.","0.7306","/r/worldnews Live Thread: Ukraine-Russia Tensions (February 21, 2022 | Thread V)"
"hxwnlpf","sya4x3","t3_sya4x3","t1_hxwneha","worldnews","1645492381","2022-02-22T01:13:01+00:00","[deleted]","87","And for what? For one old man’s parting legacy?","/r/worldnews/comments/sya4x3/rworldnews_live_thread_ukrainerussia_tensions/hxwnlpf/","eb197f888460","2022-02-24","ASSAULT","CONFLICT","Russia and Ukraine ASSAULT each other in the Russia-Ukraine conflict escalation on February 24, 2022.","0.7306","/r/worldnews Live Thread: Ukraine-Russia Tensions (February 21, 2022 | Thread V)"
"hxwnlrt","sya4x3","t3_sya4x3","t3_sya4x3","worldnews","1645492382","2022-02-22T01:13:02+00:00","Hayden97","545","Russia economy: “This little maneuver is going to cost us 50 years”","/r/worldnews/comments/sya4x3/rworldnews_live_thread_ukrainerussia_tensions/hxwnlrt/","eb197f888460","2022-02-24","ASSAULT","CONFLICT","Russia and Ukraine ASSAULT each other in the Russia-Ukraine conflict escalation on February 24, 2022.","0.7306","/r/worldnews Live Thread: Ukraine-Russia Tensions (February 21, 2022 | Thread V)"
"hxwnltv","sya4x3","t3_sya4x3","t1_hxwnh4l","worldnews","1645492383","2022-02-22T01:13:03+00:00","hglman","10","Likw they haven't been planning how to get out of the market for years","/r/worldnews/comments/sya4x3/rworldnews_live_thread_ukrainerussia_tensions/hxwnltv/","eb197f888460","2022-02-24","ASSAULT","CONFLICT","Russia and Ukraine ASSAULT each other in the Russia-Ukraine conflict escalation on February 24, 2022.","0.7306","/r/worldnews Live Thread: Ukraine-Russia Tensions (February 21, 2022 | Thread V)"
"hxwnm0b","sya4x3","t3_sya4x3","t3_sya4x3","worldnews","1645492385","2022-02-22T01:13:05+00:00","filmfan10","0","The least chaotic outcome is if Russia stops advancing at the edge of the Separatist regions.

Who knows tho","/r/worldnews/comments/sya4x3/rworldnews_live_thread_ukrainerussia_tensions/hxwnm0b/","eb197f888460","2022-02-24","ASSAULT","CONFLICT","Russia and Ukraine ASSAULT each other in the Russia-Ukraine conflict escalation on February 24, 2022.","0.7306","/r/worldnews Live Thread: Ukraine-Russia Tensions (February 21, 2022 | Thread V)"
"hxwnm3b","sya4x3","t3_sya4x3","t3_sya4x3","worldnews","1645492386","2022-02-22T01:13:06+00:00","[deleted]","27","[deleted]","/r/worldnews/comments/sya4x3/rworldnews_live_thread_ukrainerussia_tensions/hxwnm3b/","eb197f888460","2022-02-24","ASSAULT","CONFLICT","Russia and Ukraine ASSAULT each other in the Russia-Ukraine conflict escalation on February 24, 2022.","0.7306","/r/worldnews Live Thread: Ukraine-Russia Tensions (February 21, 2022 | Thread V)"
"hxwnmhn","sya4x3","t3_sya4x3","t1_hxwnf4o","worldnews","1645492392","2022-02-22T01:13:12+00:00","[deleted]","5","[deleted]","/r/worldnews/comments/sya4x3/rworldnews_live_thread_ukrainerussia_tensions/hxwnmhn/","eb197f888460","2022-02-24","ASSAULT","CONFLICT","Russia and Ukraine ASSAULT each other in the Russia-Ukraine conflict escalation on February 24, 2022.","0.7306","/r/worldnews Live Thread: Ukraine-Russia Tensions (February 21, 2022 | Thread V)"
"hxwnmmu","sya4x3","t3_sya4x3","t3_sya4x3","worldnews","1645492394","2022-02-22T01:13:14+00:00","TcFir3","17","Considering Russia and China's veto in the security council, can they just completely lock everything UK, US and France wanna do leaving the entire meeting close to pointless?","/r/worldnews/comments/sya4x3/rworldnews_live_thread_ukrainerussia_tensions/hxwnmmu/","eb197f888460","2022-02-24","ASSAULT","CONFLICT","Russia and Ukraine ASSAULT each other in the Russia-Ukraine conflict escalation on February 24, 2022.","0.7306","/r/worldnews Live Thread: Ukraine-Russia Tensions (February 21, 2022 | Thread V)"
"hxwnn17","sya4x3","t3_sya4x3","t1_hxwn7q9","worldnews","1645492399","2022-02-22T01:13:19+00:00","kennykerosene","7","Buy RTX","/r/worldnews/comments/sya4x3/rworldnews_live_thread_ukrainerussia_tensions/hxwnn17/","eb197f888460","2022-02-24","ASSAULT","CONFLICT","Russia and Ukraine ASSAULT each other in the Russia-Ukraine conflict escalation on February 24, 2022.","0.7306","/r/worldnews Live Thread: Ukraine-Russia Tensions (February 21, 2022 | Thread V)"
"hxwnn1m","sya4x3","t3_sya4x3","t1_hxwn96y","worldnews","1645492399","2022-02-22T01:13:19+00:00","henryptung","1","Yeah, wonder how many people are remembering that Russia and Ukraine have very different ideas about where these regions start/end. If Russia pushes to the full extent they've been previously looking at, that's tantamount to incursion into Ukraine-held land (with Ukrainian forces and residents there).

Not too hard to leap from there to another false flag or loose trigger event, and from there to full invasion.","/r/worldnews/comments/sya4x3/rworldnews_live_thread_ukrainerussia_tensions/hxwnn1m/","eb197f888460","2022-02-24","ASSAULT","CONFLICT","Russia and Ukraine ASSAULT each other in the Russia-Ukraine conflict escalation on February 24, 2022.","0.7306","/r/worldnews Live Thread: Ukraine-Russia Tensions (February 21, 2022 | Thread V)"
"hxwnncs","sya4x3","t3_sya4x3","t3_sya4x3","worldnews","1645492403","2022-02-22T01:13:23+00:00","[deleted]","3","[deleted]","/r/worldnews/comments/sya4x3/rworldnews_live_thread_ukrainerussia_tensions/hxwnncs/","eb197f888460","2022-02-24","ASSAULT","CONFLICT","Russia and Ukraine ASSAULT each other in the Russia-Ukraine conflict escalation on February 24, 2022.","0.7306","/r/worldnews Live Thread: Ukraine-Russia Tensions (February 21, 2022 | Thread V)"
"hxwnne4","sya4x3","t3_sya4x3","t3_sya4x3","worldnews","1645492404","2022-02-22T01:13:24+00:00","DrWafers","0","So, what are the chances of US getting Involved in all of this, if shit does hit the fan?","/r/worldnews/comments/sya4x3/rworldnews_live_thread_ukrainerussia_tensions/hxwnne4/","eb197f888460","2022-02-24","ASSAULT","CONFLICT","Russia and Ukraine ASSAULT each other in the Russia-Ukraine conflict escalation on February 24, 2022.","0.7306","/r/worldnews Live Thread: Ukraine-Russia Tensions (February 21, 2022 | Thread V)"
"hxwnnh5","sya4x3","t3_sya4x3","t1_hxwnf4o","worldnews","1645492405","2022-02-22T01:13:25+00:00","[deleted]","8","And then the world wouldn’t wake up the next morning","/r/worldnews/comments/sya4x3/rworldnews_live_thread_ukrainerussia_tensions/hxwnnh5/","eb197f888460","2022-02-24","ASSAULT","CONFLICT","Russia and Ukraine ASSAULT each other in the Russia-Ukraine conflict escalation on February 24, 2022.","0.7306","/r/worldnews Live Thread: Ukraine-Russia Tensions (February 21, 2022 | Thread V)"
"hxwnnpv","sya4x3","t3_sya4x3","t1_hxwngqr","worldnews","1645492408","2022-02-22T01:13:28+00:00","Maleficent-Bedroom77","3","They already made their move.","/r/worldnews/comments/sya4x3/rworldnews_live_thread_ukrainerussia_tensions/hxwnnpv/","eb197f888460","2022-02-24","ASSAULT","CONFLICT","Russia and Ukraine ASSAULT each other in the Russia-Ukraine conflict escalation on February 24, 2022.","0.7306","/r/worldnews Live Thread: Ukraine-Russia Tensions (February 21, 2022 | Thread V)"
"hxwnnqp","sya4x3","t3_sya4x3","t1_hxwngi2","worldnews","1645492408","2022-02-22T01:13:28+00:00","weedavo","3","It’s past 4 Moscow time","/r/worldnews/comments/sya4x3/rworldnews_live_thread_ukrainerussia_tensions/hxwnnqp/","eb197f888460","2022-02-24","ASSAULT","CONFLICT","Russia and Ukraine ASSAULT each other in the Russia-Ukraine conflict escalation on February 24, 2022.","0.7306","/r/worldnews Live Thread: Ukraine-Russia Tensions (February 21, 2022 | Thread V)"
"hxwnnru","sya4x3","t3_sya4x3","t1_hxwn38b","worldnews","1645492409","2022-02-22T01:13:29+00:00","Caelinus","80","Honestly I feel just as bad for the Ukrainian military. They are in that position because they are being forced to protect themselves, and any of their deaths are the same as a civilian death to me.

I have complicated feelings about the Russian military. I know the soldiers there are just people who have little choice, but as they are in the invading force I want them to be driven out. It feels weird to root for anyone to die though.

War just sucks. We (humans) really need to just stop.","/r/worldnews/comments/sya4x3/rworldnews_live_thread_ukrainerussia_tensions/hxwnnru/","eb197f888460","2022-02-24","ASSAULT","CONFLICT","Russia and Ukraine ASSAULT each other in the Russia-Ukraine conflict escalation on February 24, 2022.","0.7306","/r/worldnews Live Thread: Ukraine-Russia Tensions (February 21, 2022 | Thread V)"
"hxwnnzs","sya4x3","t3_sya4x3","t3_sya4x3","worldnews","1645492411","2022-02-22T01:13:31+00:00","[deleted]","20","[deleted]","/r/worldnews/comments/sya4x3/rworldnews_live_thread_ukrainerussia_tensions/hxwnnzs/","eb197f888460","2022-02-24","ASSAULT","CONFLICT","Russia and Ukraine ASSAULT each other in the Russia-Ukraine conflict escalation on February 24, 2022.","0.7306","/r/worldnews Live Thread: Ukraine-Russia Tensions (February 21, 2022 | Thread V)"
"hxwno4j","sya4x3","t3_sya4x3","t3_sya4x3","worldnews","1645492413","2022-02-22T01:13:33+00:00","awphuck_imanapple","7","id like to give a quick thank you to the mods for keeping these live threads going and organized. hopefully russia backs down ASAP and these threads won’t be necessary anymore","/r/worldnews/comments/sya4x3/rworldnews_live_thread_ukrainerussia_tensions/hxwno4j/","eb197f888460","2022-02-24","ASSAULT","CONFLICT","Russia and Ukraine ASSAULT each other in the Russia-Ukraine conflict escalation on February 24, 2022.","0.7306","/r/worldnews Live Thread: Ukraine-Russia Tensions (February 21, 2022 | Thread V)"
"hxwnoa1","sya4x3","t3_sya4x3","t1_hxwnm3b","worldnews","1645492415","2022-02-22T01:13:35+00:00","Phillipjfry3021","15","That’s why it dropped.","/r/worldnews/comments/sya4x3/rworldnews_live_thread_ukrainerussia_tensions/hxwnoa1/","eb197f888460","2022-02-24","ASSAULT","CONFLICT","Russia and Ukraine ASSAULT each other in the Russia-Ukraine conflict escalation on February 24, 2022.","0.7306","/r/worldnews Live Thread: Ukraine-Russia Tensions (February 21, 2022 | Thread V)"
"hxwnoab","sya4x3","t3_sya4x3","t1_hxwn38b","worldnews","1645492415","2022-02-22T01:13:35+00:00","NotAnActualPers0n","1","Artillery. Russia does not care.","/r/worldnews/comments/sya4x3/rworldnews_live_thread_ukrainerussia_tensions/hxwnoab/","eb197f888460","2022-02-24","ASSAULT","CONFLICT","Russia and Ukraine ASSAULT each other in the Russia-Ukraine conflict escalation on February 24, 2022.","0.7306","/r/worldnews Live Thread: Ukraine-Russia Tensions (February 21, 2022 | Thread V)"
"hxwnobk","sya4x3","t3_sya4x3","t3_sya4x3","worldnews","1645492416","2022-02-22T01:13:36+00:00","[deleted]","1","[removed]","/r/worldnews/comments/sya4x3/rworldnews_live_thread_ukrainerussia_tensions/hxwnobk/","eb197f888460","2022-02-24","ASSAULT","CONFLICT","Russia and Ukraine ASSAULT each other in the Russia-Ukraine conflict escalation on February 24, 2022.","0.7306","/r/worldnews Live Thread: Ukraine-Russia Tensions (February 21, 2022 | Thread V)"
"hxwnodt","sya4x3","t3_sya4x3","t1_hxwn7q9","worldnews","1645492417","2022-02-22T01:13:37+00:00","partylange","5","Who cares I'm broke and need to fill my gas tank.","/r/worldnews/comments/sya4x3/rworldnews_live_thread_ukrainerussia_tensions/hxwnodt/","eb197f888460","2022-02-24","ASSAULT","CONFLICT","Russia and Ukraine ASSAULT each other in the Russia-Ukraine conflict escalation on February 24, 2022.","0.7306","/r/worldnews Live Thread: Ukraine-Russia Tensions (February 21, 2022 | Thread V)"
"hxwnons","sya4x3","t3_sya4x3","t1_hxwnne4","worldnews","1645492420","2022-02-22T01:13:40+00:00","Ohfreakyman","8","0 militarily

(SPEC OPS like in Vietnam, maybe but we will never know)","/r/worldnews/comments/sya4x3/rworldnews_live_thread_ukrainerussia_tensions/hxwnons/","eb197f888460","2022-02-24","ASSAULT","CONFLICT","Russia and Ukraine ASSAULT each other in the Russia-Ukraine conflict escalation on February 24, 2022.","0.7306","/r/worldnews Live Thread: Ukraine-Russia Tensions (February 21, 2022 | Thread V)"
"hxwnoqa","sya4x3","t3_sya4x3","t1_hxwngi2","worldnews","1645492421","2022-02-22T01:13:41+00:00","Business_Ballon","9","Sorry, i think I've missed something, what happens at 4am in Ukraine?","/r/worldnews/comments/sya4x3/rworldnews_live_thread_ukrainerussia_tensions/hxwnoqa/","eb197f888460","2022-02-24","ASSAULT","CONFLICT","Russia and Ukraine ASSAULT each other in the Russia-Ukraine conflict escalation on February 24, 2022.","0.7306","/r/worldnews Live Thread: Ukraine-Russia Tensions (February 21, 2022 | Thread V)"
"hxwnotx","sya4x3","t3_sya4x3","t1_hxwmzzw","worldnews","1645492422","2022-02-22T01:13:42+00:00","AshingiiAshuaa","0","Being first is never sad.  Congratulations!","/r/worldnews/comments/sya4x3/rworldnews_live_thread_ukrainerussia_tensions/hxwnotx/","eb197f888460","2022-02-24","ASSAULT","CONFLICT","Russia and Ukraine ASSAULT each other in the Russia-Ukraine conflict escalation on February 24, 2022.","0.7306","/r/worldnews Live Thread: Ukraine-Russia Tensions (February 21, 2022 | Thread V)"
"hxwnow6","sya4x3","t3_sya4x3","t1_hxwnlrt","worldnews","1645492423","2022-02-22T01:13:43+00:00","FullCuntalLobotomy","117","Rubles - more like poobles","/r/worldnews/comments/sya4x3/rworldnews_live_thread_ukrainerussia_tensions/hxwnow6/","eb197f888460","2022-02-24","ASSAULT","CONFLICT","Russia and Ukraine ASSAULT each other in the Russia-Ukraine conflict escalation on February 24, 2022.","0.7306","/r/worldnews Live Thread: Ukraine-Russia Tensions (February 21, 2022 | Thread V)"
"hxwnoxa","sya4x3","t3_sya4x3","t1_hxwn7q9","worldnews","1645492424","2022-02-22T01:13:44+00:00","Dense_Survey","6","Is everyone on reddit a stonk junky now lol","/r/worldnews/comments/sya4x3/rworldnews_live_thread_ukrainerussia_tensions/hxwnoxa/","eb197f888460","2022-02-24","ASSAULT","CONFLICT","Russia and Ukraine ASSAULT each other in the Russia-Ukraine conflict escalation on February 24, 2022.","0.7306","/r/worldnews Live Thread: Ukraine-Russia Tensions (February 21, 2022 | Thread V)"
"hxwnp0z","sya4x3","t3_sya4x3","t1_hxwnbdo","worldnews","1645492425","2022-02-22T01:13:45+00:00","ScottColvin","6","Can you imagine if trump got relected. He would probably be in the Kremlin right now, on his knees giving putin a blow job.","/r/worldnews/comments/sya4x3/rworldnews_live_thread_ukrainerussia_tensions/hxwnp0z/","eb197f888460","2022-02-24","ASSAULT","CONFLICT","Russia and Ukraine ASSAULT each other in the Russia-Ukraine conflict escalation on February 24, 2022.","0.7306","/r/worldnews Live Thread: Ukraine-Russia Tensions (February 21, 2022 | Thread V)"
"hxwnp2c","sya4x3","t3_sya4x3","t3_sya4x3","worldnews","1645492426","2022-02-22T01:13:46+00:00","[deleted]","1","I hate it when one kind-of credible journalist tweets something and then all the OSINT collectors retweet it and use each other as vouches.","/r/worldnews/comments/sya4x3/rworldnews_live_thread_ukrainerussia_tensions/hxwnp2c/","eb197f888460","2022-02-24","ASSAULT","CONFLICT","Russia and Ukraine ASSAULT each other in the Russia-Ukraine conflict escalation on February 24, 2022.","0.7306","/r/worldnews Live Thread: Ukraine-Russia Tensions (February 21, 2022 | Thread V)"
"hxwnp2w","sya4x3","t3_sya4x3","t1_hxwnc22","worldnews","1645492426","2022-02-22T01:13:46+00:00","flecktarnbrother","2","The Russian Army has deployed to Ukraine through occupied Donbas under the pretenses of being ""peacekeepers"".","/r/worldnews/comments/sya4x3/rworldnews_live_thread_ukrainerussia_tensions/hxwnp2w/","eb197f888460","2022-02-24","ASSAULT","CONFLICT","Russia and Ukraine ASSAULT each other in the Russia-Ukraine conflict escalation on February 24, 2022.","0.7306","/r/worldnews Live Thread: Ukraine-Russia Tensions (February 21, 2022 | Thread V)"
"hxwnp5o","sya4x3","t3_sya4x3","t3_sya4x3","worldnews","1645492427","2022-02-22T01:13:47+00:00","[deleted]","10","[deleted]","/r/worldnews/comments/sya4x3/rworldnews_live_thread_ukrainerussia_tensions/hxwnp5o/","eb197f888460","2022-02-24","ASSAULT","CONFLICT","Russia and Ukraine ASSAULT each other in the Russia-Ukraine conflict escalation on February 24, 2022.","0.7306","/r/worldnews Live Thread: Ukraine-Russia Tensions (February 21, 2022 | Thread V)"
"hxwnpn8","sya4x3","t3_sya4x3","t1_hxwnmmu","worldnews","1645492433","2022-02-22T01:13:53+00:00","Phillipjfry3021","8","Yes.","/r/worldnews/comments/sya4x3/rworldnews_live_thread_ukrainerussia_tensions/hxwnpn8/","eb197f888460","2022-02-24","ASSAULT","CONFLICT","Russia and Ukraine ASSAULT each other in the Russia-Ukraine conflict escalation on February 24, 2022.","0.7306","/r/worldnews Live Thread: Ukraine-Russia Tensions (February 21, 2022 | Thread V)"
"hxwnq34","sya4x3","t3_sya4x3","t1_hxwnnzs","worldnews","1645492438","2022-02-22T01:13:58+00:00","MrFishFace","3","What if I smoke water? Shall I drink marijuana ?","/r/worldnews/comments/sya4x3/rworldnews_live_thread_ukrainerussia_tensions/hxwnq34/","eb197f888460","2022-02-24","ASSAULT","CONFLICT","Russia and Ukraine ASSAULT each other in the Russia-Ukraine conflict escalation on February 24, 2022.","0.7306","/r/worldnews Live Thread: Ukraine-Russia Tensions (February 21, 2022 | Thread V)"
"hxwnq9a","sya4x3","t3_sya4x3","t1_hxwnc22","worldnews","1645492441","2022-02-22T01:14:01+00:00","ARealVermontar","1","Click on the livethread link at the top of the page

https://www.reddit.com/live/18hnzysb1elcs","/r/worldnews/comments/sya4x3/rworldnews_live_thread_ukrainerussia_tensions/hxwnq9a/","eb197f888460","2022-02-24","ASSAULT","CONFLICT","Russia and Ukraine ASSAULT each other in the Russia-Ukraine conflict escalation on February 24, 2022.","0.7306","/r/worldnews Live Thread: Ukraine-Russia Tensions (February 21, 2022 | Thread V)"
"hxwnqn0","sya4x3","t3_sya4x3","t3_sya4x3","worldnews","1645492446","2022-02-22T01:14:06+00:00","medumelo","0","oh wow 5th thread already","/r/worldnews/comments/sya4x3/rworldnews_live_thread_ukrainerussia_tensions/hxwnqn0/","eb197f888460","2022-02-24","ASSAULT","CONFLICT","Russia and Ukraine ASSAULT each other in the Russia-Ukraine conflict escalation on February 24, 2022.","0.7306","/r/worldnews Live Thread: Ukraine-Russia Tensions (February 21, 2022 | Thread V)"
"hxwnqy0","sya4x3","t3_sya4x3","t1_hxwnoa1","worldnews","1645492450","2022-02-22T01:14:10+00:00","[deleted]","2","[deleted]","/r/worldnews/comments/sya4x3/rworldnews_live_thread_ukrainerussia_tensions/hxwnqy0/","eb197f888460","2022-02-24","ASSAULT","CONFLICT","Russia and Ukraine ASSAULT each other in the Russia-Ukraine conflict escalation on February 24, 2022.","0.7306","/r/worldnews Live Thread: Ukraine-Russia Tensions (February 21, 2022 | Thread V)"
"hxwnr3p","sya4x3","t3_sya4x3","t3_sya4x3","worldnews","1645492452","2022-02-22T01:14:12+00:00","[deleted]","-3","[removed]","/r/worldnews/comments/sya4x3/rworldnews_live_thread_ukrainerussia_tensions/hxwnr3p/","eb197f888460","2022-02-24","ASSAULT","CONFLICT","Russia and Ukraine ASSAULT each other in the Russia-Ukraine conflict escalation on February 24, 2022.","0.7306","/r/worldnews Live Thread: Ukraine-Russia Tensions (February 21, 2022 | Thread V)"
"hxwnr9n","sya4x3","t3_sya4x3","t1_hxwnp5o","worldnews","1645492454","2022-02-22T01:14:14+00:00","Phillipjfry3021","4","So embarrassing.","/r/worldnews/comments/sya4x3/rworldnews_live_thread_ukrainerussia_tensions/hxwnr9n/","eb197f888460","2022-02-24","ASSAULT","CONFLICT","Russia and Ukraine ASSAULT each other in the Russia-Ukraine conflict escalation on February 24, 2022.","0.7306","/r/worldnews Live Thread: Ukraine-Russia Tensions (February 21, 2022 | Thread V)"
"hxwnrio","sya4x3","t3_sya4x3","t3_sya4x3","worldnews","1645492457","2022-02-22T01:14:17+00:00","GeoLogic23","198","Top news stories of the primetime hour:

MSNBC: Russia invading Ukraine

CNN: Russia invading Ukraine

Fox: Canada invading Truckers","/r/worldnews/comments/sya4x3/rworldnews_live_thread_ukrainerussia_tensions/hxwnrio/","eb197f888460","2022-02-24","ASSAULT","CONFLICT","Russia and Ukraine ASSAULT each other in the Russia-Ukraine conflict escalation on February 24, 2022.","0.7306","/r/worldnews Live Thread: Ukraine-Russia Tensions (February 21, 2022 | Thread V)"
"hxwnrle","sya4x3","t3_sya4x3","t3_sya4x3","worldnews","1645492458","2022-02-22T01:14:18+00:00","gizzardgullet","28","Russians, if NATO is an existential threat to Russia, why are they not using this as an excuse to attack you? If NATO is not attacking now, why do you think they ever will?","/r/worldnews/comments/sya4x3/rworldnews_live_thread_ukrainerussia_tensions/hxwnrle/","eb197f888460","2022-02-24","ASSAULT","CONFLICT","Russia and Ukraine ASSAULT each other in the Russia-Ukraine conflict escalation on February 24, 2022.","0.7306","/r/worldnews Live Thread: Ukraine-Russia Tensions (February 21, 2022 | Thread V)"
"hxwnrp1","sya4x3","t3_sya4x3","t1_hxwnley","worldnews","1645492459","2022-02-22T01:14:19+00:00","mrspotatoheadddd","9","ET, so an hour","/r/worldnews/comments/sya4x3/rworldnews_live_thread_ukrainerussia_tensions/hxwnrp1/","eb197f888460","2022-02-24","ASSAULT","CONFLICT","Russia and Ukraine ASSAULT each other in the Russia-Ukraine conflict escalation on February 24, 2022.","0.7306","/r/worldnews Live Thread: Ukraine-Russia Tensions (February 21, 2022 | Thread V)"
"hxwnrpw","sya4x3","t3_sya4x3","t3_sya4x3","worldnews","1645492459","2022-02-22T01:14:19+00:00","[deleted]","1","[removed]","/r/worldnews/comments/sya4x3/rworldnews_live_thread_ukrainerussia_tensions/hxwnrpw/","eb197f888460","2022-02-24","ASSAULT","CONFLICT","Russia and Ukraine ASSAULT each other in the Russia-Ukraine conflict escalation on February 24, 2022.","0.7306","/r/worldnews Live Thread: Ukraine-Russia Tensions (February 21, 2022 | Thread V)"
"hxwnrz3","sya4x3","t3_sya4x3","t1_hxwnf4o","worldnews","1645492463","2022-02-22T01:14:23+00:00","Musiah","1","And start WW3?","/r/worldnews/comments/sya4x3/rworldnews_live_thread_ukrainerussia_tensions/hxwnrz3/","eb197f888460","2022-02-24","ASSAULT","CONFLICT","Russia and Ukraine ASSAULT each other in the Russia-Ukraine conflict escalation on February 24, 2022.","0.7306","/r/worldnews Live Thread: Ukraine-Russia Tensions (February 21, 2022 | Thread V)"
"hxwnsa5","sya4x3","t3_sya4x3","t1_hxwnf4o","worldnews","1645492467","2022-02-22T01:14:27+00:00","Entire_Syrup_4664","1","Then we all die","/r/worldnews/comments/sya4x3/rworldnews_live_thread_ukrainerussia_tensions/hxwnsa5/","eb197f888460","2022-02-24","ASSAULT","CONFLICT","Russia and Ukraine ASSAULT each other in the Russia-Ukraine conflict escalation on February 24, 2022.","0.7306","/r/worldnews Live Thread: Ukraine-Russia Tensions (February 21, 2022 | Thread V)"
"hxwnsbv","sya4x3","t3_sya4x3","t1_hxwnh4l","worldnews","1645492467","2022-02-22T01:14:27+00:00","darthdope123","2","They don’t care","/r/worldnews/comments/sya4x3/rworldnews_live_thread_ukrainerussia_tensions/hxwnsbv/","eb197f888460","2022-02-24","ASSAULT","CONFLICT","Russia and Ukraine ASSAULT each other in the Russia-Ukraine conflict escalation on February 24, 2022.","0.7306","/r/worldnews Live Thread: Ukraine-Russia Tensions (February 21, 2022 | Thread V)"
"hxwnseg","sya4x3","t3_sya4x3","t1_hxwn4r0","worldnews","1645492468","2022-02-22T01:14:28+00:00","[deleted]","88","[deleted]","/r/worldnews/comments/sya4x3/rworldnews_live_thread_ukrainerussia_tensions/hxwnseg/","eb197f888460","2022-02-24","ASSAULT","CONFLICT","Russia and Ukraine ASSAULT each other in the Russia-Ukraine conflict escalation on February 24, 2022.","0.7306","/r/worldnews Live Thread: Ukraine-Russia Tensions (February 21, 2022 | Thread V)"
"hxwnsml","sya4x3","t3_sya4x3","t3_sya4x3","worldnews","1645492471","2022-02-22T01:14:31+00:00","[deleted]","90","[removed]","/r/worldnews/comments/sya4x3/rworldnews_live_thread_ukrainerussia_tensions/hxwnsml/","eb197f888460","2022-02-24","ASSAULT","CONFLICT","Russia and Ukraine ASSAULT each other in the Russia-Ukraine conflict escalation on February 24, 2022.","0.7306","/r/worldnews Live Thread: Ukraine-Russia Tensions (February 21, 2022 | Thread V)"
"hxwnsnz","sya4x3","t3_sya4x3","t1_hxwnp5o","worldnews","1645492472","2022-02-22T01:14:32+00:00","FullCuntalLobotomy","3","Fuckn losers who does that smh","/r/worldnews/comments/sya4x3/rworldnews_live_thread_ukrainerussia_tensions/hxwnsnz/","eb197f888460","2022-02-24","ASSAULT","CONFLICT","Russia and Ukraine ASSAULT each other in the Russia-Ukraine conflict escalation on February 24, 2022.","0.7306","/r/worldnews Live Thread: Ukraine-Russia Tensions (February 21, 2022 | Thread V)"
"hxwnsrh","sya4x3","t3_sya4x3","t1_hxwnf4o","worldnews","1645492473","2022-02-22T01:14:33+00:00","morgan423","5","I live within 15 miles of DC and would prefer to not wake up to a nuclear detonation tomorrow, thanks.","/r/worldnews/comments/sya4x3/rworldnews_live_thread_ukrainerussia_tensions/hxwnsrh/","eb197f888460","2022-02-24","ASSAULT","CONFLICT","Russia and Ukraine ASSAULT each other in the Russia-Ukraine conflict escalation on February 24, 2022.","0.7306","/r/worldnews Live Thread: Ukraine-Russia Tensions (February 21, 2022 | Thread V)"
"hxwnsrw","sya4x3","t3_sya4x3","t3_sya4x3","worldnews","1645492473","2022-02-22T01:14:33+00:00","Zen1","6","https://www.theguardian.com/world/live/2022/feb/21/russia-ukraine-news-latest-crisis-putin-biden-summit-kyiv-kiev-russian-invasion-threat-live-updates

Russia acquires the right to build military bases in eastern Ukraine


Yikes.","/r/worldnews/comments/sya4x3/rworldnews_live_thread_ukrainerussia_tensions/hxwnsrw/","eb197f888460","2022-02-24","ASSAULT","CONFLICT","Russia and Ukraine ASSAULT each other in the Russia-Ukraine conflict escalation on February 24, 2022.","0.7306","/r/worldnews Live Thread: Ukraine-Russia Tensions (February 21, 2022 | Thread V)"
"hxwnss9","sya4x3","t3_sya4x3","t3_sya4x3","worldnews","1645492473","2022-02-22T01:14:33+00:00","Gunsh0t","22","As we in the west rest comfortably in our beds tonight while doom scrolling for action shots of the impending war, please take the time to temper your excitement with the somber understanding that there WILL be innocent victims. Children, innocent children, are about to have their lives cut short because of the arrogant bloodlust of Vladimir Putin. 

I hope and pray that Ukraine can resist the coming storm.","/r/worldnews/comments/sya4x3/rworldnews_live_thread_ukrainerussia_tensions/hxwnss9/","eb197f888460","2022-02-24","ASSAULT","CONFLICT","Russia and Ukraine ASSAULT each other in the Russia-Ukraine conflict escalation on February 24, 2022.","0.7306","/r/worldnews Live Thread: Ukraine-Russia Tensions (February 21, 2022 | Thread V)"
"hxwnsxm","sya4x3","t3_sya4x3","t1_hxwnnzs","worldnews","1645492475","2022-02-22T01:14:35+00:00","Theboyy12","0","Goat 🇺🇦🇺🇦🙏🏼🙏🏼","/r/worldnews/comments/sya4x3/rworldnews_live_thread_ukrainerussia_tensions/hxwnsxm/","eb197f888460","2022-02-24","ASSAULT","CONFLICT","Russia and Ukraine ASSAULT each other in the Russia-Ukraine conflict escalation on February 24, 2022.","0.7306","/r/worldnews Live Thread: Ukraine-Russia Tensions (February 21, 2022 | Thread V)"
"hxwnsyd","sya4x3","t3_sya4x3","t3_sya4x3","worldnews","1645492475","2022-02-22T01:14:35+00:00","Codyskank","17","Hey everyone! Drink some water, unclench your jaw and relax your shoulders, get up and stretch, take a break, get some rest. Do something to take care of your mental health. Sending love!","/r/worldnews/comments/sya4x3/rworldnews_live_thread_ukrainerussia_tensions/hxwnsyd/","eb197f888460","2022-02-24","ASSAULT","CONFLICT","Russia and Ukraine ASSAULT each other in the Russia-Ukraine conflict escalation on February 24, 2022.","0.7306","/r/worldnews Live Thread: Ukraine-Russia Tensions (February 21, 2022 | Thread V)"
"hxwnszt","sya4x3","t3_sya4x3","t3_sya4x3","worldnews","1645492476","2022-02-22T01:14:36+00:00","[deleted]","8","[removed]","/r/worldnews/comments/sya4x3/rworldnews_live_thread_ukrainerussia_tensions/hxwnszt/","eb197f888460","2022-02-24","ASSAULT","CONFLICT","Russia and Ukraine ASSAULT each other in the Russia-Ukraine conflict escalation on February 24, 2022.","0.7306","/r/worldnews Live Thread: Ukraine-Russia Tensions (February 21, 2022 | Thread V)"
"hxwnt4g","sya4x3","t3_sya4x3","t1_hxwnn17","worldnews","1645492477","2022-02-22T01:14:37+00:00","Fairchild110","11","Nothing less than 8GB tho","/r/worldnews/comments/sya4x3/rworldnews_live_thread_ukrainerussia_tensions/hxwnt4g/","eb197f888460","2022-02-24","ASSAULT","CONFLICT","Russia and Ukraine ASSAULT each other in the Russia-Ukraine conflict escalation on February 24, 2022.","0.7306","/r/worldnews Live Thread: Ukraine-Russia Tensions (February 21, 2022 | Thread V)"
"hxwntco","sya4x3","t3_sya4x3","t1_hxwnh4l","worldnews","1645492480","2022-02-22T01:14:40+00:00","greenerpastuers","5","All their money is offshore in Delaware","/r/worldnews/comments/sya4x3/rworldnews_live_thread_ukrainerussia_tensions/hxwntco/","eb197f888460","2022-02-24","ASSAULT","CONFLICT","Russia and Ukraine ASSAULT each other in the Russia-Ukraine conflict escalation on February 24, 2022.","0.7306","/r/worldnews Live Thread: Ukraine-Russia Tensions (February 21, 2022 | Thread V)"
"hxwntgr","sya4x3","t3_sya4x3","t1_hxwnk77","worldnews","1645492482","2022-02-22T01:14:42+00:00","andabottleofrom","9","Usual military movement hours","/r/worldnews/comments/sya4x3/rworldnews_live_thread_ukrainerussia_tensions/hxwntgr/","eb197f888460","2022-02-24","ASSAULT","CONFLICT","Russia and Ukraine ASSAULT each other in the Russia-Ukraine conflict escalation on February 24, 2022.","0.7306","/r/worldnews Live Thread: Ukraine-Russia Tensions (February 21, 2022 | Thread V)"
"hxwnthe","sya4x3","t3_sya4x3","t1_hxwneha","worldnews","1645492482","2022-02-22T01:14:42+00:00","ShockTrauma-","39","Just to elaborate on this, this was the estimate for a full-scale invasion of Ukraine:  
Source: [https://thehill.com/policy/international/593001-us-officials-say-russian-invasion-of-ukraine-could-kill-50000-civilians](https://thehill.com/policy/international/593001-us-officials-say-russian-invasion-of-ukraine-could-kill-50000-civilians) (02/05/2022)  


""Senior Biden officials warned in briefings to lawmakers and European partners in recent days that if Moscow elects to launch a full invasion of Ukraine, 50,000 civilians could be killed and up to 5 million refugees could result, multiple news outlets reported on Saturday, including The Washington Post.""","/r/worldnews/comments/sya4x3/rworldnews_live_thread_ukrainerussia_tensions/hxwnthe/","eb197f888460","2022-02-24","ASSAULT","CONFLICT","Russia and Ukraine ASSAULT each other in the Russia-Ukraine conflict escalation on February 24, 2022.","0.7306","/r/worldnews Live Thread: Ukraine-Russia Tensions (February 21, 2022 | Thread V)"
"hxwntmn","sya4x3","t3_sya4x3","t1_hxwn7q9","worldnews","1645492484","2022-02-22T01:14:44+00:00","HexicDragon","2","Circuit breakers will go off.","/r/worldnews/comments/sya4x3/rworldnews_live_thread_ukrainerussia_tensions/hxwntmn/","eb197f888460","2022-02-24","ASSAULT","CONFLICT","Russia and Ukraine ASSAULT each other in the Russia-Ukraine conflict escalation on February 24, 2022.","0.7306","/r/worldnews Live Thread: Ukraine-Russia Tensions (February 21, 2022 | Thread V)"
"hxwntnl","sya4x3","t3_sya4x3","t1_hxwnf4o","worldnews","1645492484","2022-02-22T01:14:44+00:00","CarrotSwimming","2","Yeah the nuclear salvo Russia would launch in retaliation is nbd.","/r/worldnews/comments/sya4x3/rworldnews_live_thread_ukrainerussia_tensions/hxwntnl/","eb197f888460","2022-02-24","ASSAULT","CONFLICT","Russia and Ukraine ASSAULT each other in the Russia-Ukraine conflict escalation on February 24, 2022.","0.7306","/r/worldnews Live Thread: Ukraine-Russia Tensions (February 21, 2022 | Thread V)"
"hxwnu1g","sya4x3","t3_sya4x3","t1_hxwnq34","worldnews","1645492489","2022-02-22T01:14:49+00:00","leappleeater1","0","hahahaha","/r/worldnews/comments/sya4x3/rworldnews_live_thread_ukrainerussia_tensions/hxwnu1g/","eb197f888460","2022-02-24","ASSAULT","CONFLICT","Russia and Ukraine ASSAULT each other in the Russia-Ukraine conflict escalation on February 24, 2022.","0.7306","/r/worldnews Live Thread: Ukraine-Russia Tensions (February 21, 2022 | Thread V)"
"hxwnu74","sya4x3","t3_sya4x3","t1_hxwnley","worldnews","1645492491","2022-02-22T01:14:51+00:00","[deleted]","1","[removed]","/r/worldnews/comments/sya4x3/rworldnews_live_thread_ukrainerussia_tensions/hxwnu74/","eb197f888460","2022-02-24","ASSAULT","CONFLICT","Russia and Ukraine ASSAULT each other in the Russia-Ukraine conflict escalation on February 24, 2022.","0.7306","/r/worldnews Live Thread: Ukraine-Russia Tensions (February 21, 2022 | Thread V)"
"hxwnu82","sya4x3","t3_sya4x3","t1_hxwnnzs","worldnews","1645492491","2022-02-22T01:14:51+00:00","[deleted]","1","[removed]","/r/worldnews/comments/sya4x3/rworldnews_live_thread_ukrainerussia_tensions/hxwnu82/","eb197f888460","2022-02-24","ASSAULT","CONFLICT","Russia and Ukraine ASSAULT each other in the Russia-Ukraine conflict escalation on February 24, 2022.","0.7306","/r/worldnews Live Thread: Ukraine-Russia Tensions (February 21, 2022 | Thread V)"
"hxwnubp","sya4x3","t3_sya4x3","t1_hxwnaqi","worldnews","1645492493","2022-02-22T01:14:53+00:00","[deleted]","15","[deleted]","/r/worldnews/comments/sya4x3/rworldnews_live_thread_ukrainerussia_tensions/hxwnubp/","eb197f888460","2022-02-24","ASSAULT","CONFLICT","Russia and Ukraine ASSAULT each other in the Russia-Ukraine conflict escalation on February 24, 2022.","0.7306","/r/worldnews Live Thread: Ukraine-Russia Tensions (February 21, 2022 | Thread V)"
"hxwnud0","sya4x3","t3_sya4x3","t1_hxwnne4","worldnews","1645492493","2022-02-22T01:14:53+00:00","Big_Dick_Kick","3","This isn’t the first time Russia invaded a country during the Olympics lol","/r/worldnews/comments/sya4x3/rworldnews_live_thread_ukrainerussia_tensions/hxwnud0/","eb197f888460","2022-02-24","ASSAULT","CONFLICT","Russia and Ukraine ASSAULT each other in the Russia-Ukraine conflict escalation on February 24, 2022.","0.7306","/r/worldnews Live Thread: Ukraine-Russia Tensions (February 21, 2022 | Thread V)"
"hxwnujx","sya4x3","t3_sya4x3","t1_hxwngqr","worldnews","1645492496","2022-02-22T01:14:56+00:00","routerg0d","11","Attacking civilians is a war crime.","/r/worldnews/comments/sya4x3/rworldnews_live_thread_ukrainerussia_tensions/hxwnujx/","eb197f888460","2022-02-24","ASSAULT","CONFLICT","Russia and Ukraine ASSAULT each other in the Russia-Ukraine conflict escalation on February 24, 2022.","0.7306","/r/worldnews Live Thread: Ukraine-Russia Tensions (February 21, 2022 | Thread V)"
"hxwnum3","sya4x3","t3_sya4x3","t3_sya4x3","worldnews","1645492496","2022-02-22T01:14:56+00:00","humfreythemummer","1","So what was with those explosions in Donetsk? Fake news?","/r/worldnews/comments/sya4x3/rworldnews_live_thread_ukrainerussia_tensions/hxwnum3/","eb197f888460","2022-02-24","ASSAULT","CONFLICT","Russia and Ukraine ASSAULT each other in the Russia-Ukraine conflict escalation on February 24, 2022.","0.7306","/r/worldnews Live Thread: Ukraine-Russia Tensions (February 21, 2022 | Thread V)"
"hxwnupz","sya4x3","t3_sya4x3","t1_hxwnbdo","worldnews","1645492498","2022-02-22T01:14:58+00:00","mixman12","1","Have any links?  Would like to read those.","/r/worldnews/comments/sya4x3/rworldnews_live_thread_ukrainerussia_tensions/hxwnupz/","eb197f888460","2022-02-24","ASSAULT","CONFLICT","Russia and Ukraine ASSAULT each other in the Russia-Ukraine conflict escalation on February 24, 2022.","0.7306","/r/worldnews Live Thread: Ukraine-Russia Tensions (February 21, 2022 | Thread V)"
"hxwnus5","sya4x3","t3_sya4x3","t1_hxwnley","worldnews","1645492499","2022-02-22T01:14:59+00:00","ThatGeekyGuyX","14","Well since the UN is in New York I would guess US Eastern","/r/worldnews/comments/sya4x3/rworldnews_live_thread_ukrainerussia_tensions/hxwnus5/","eb197f888460","2022-02-24","ASSAULT","CONFLICT","Russia and Ukraine ASSAULT each other in the Russia-Ukraine conflict escalation on February 24, 2022.","0.7306","/r/worldnews Live Thread: Ukraine-Russia Tensions (February 21, 2022 | Thread V)"
"hxwnutc","sya4x3","t3_sya4x3","t3_sya4x3","worldnews","1645492499","2022-02-22T01:14:59+00:00","TaylordSwiftsus","28","Russia is pretty cringe :/","/r/worldnews/comments/sya4x3/rworldnews_live_thread_ukrainerussia_tensions/hxwnutc/","eb197f888460","2022-02-24","ASSAULT","CONFLICT","Russia and Ukraine ASSAULT each other in the Russia-Ukraine conflict escalation on February 24, 2022.","0.7306","/r/worldnews Live Thread: Ukraine-Russia Tensions (February 21, 2022 | Thread V)"
"hxwnv1m","sya4x3","t3_sya4x3","t1_hxwncsk","worldnews","1645492502","2022-02-22T01:15:02+00:00","rockdude14","29","Na, lets just do what he did and ignore the rules.  Lets put Ukraine in charge just to fuck with him.","/r/worldnews/comments/sya4x3/rworldnews_live_thread_ukrainerussia_tensions/hxwnv1m/","eb197f888460","2022-02-24","ASSAULT","CONFLICT","Russia and Ukraine ASSAULT each other in the Russia-Ukraine conflict escalation on February 24, 2022.","0.7306","/r/worldnews Live Thread: Ukraine-Russia Tensions (February 21, 2022 | Thread V)"
"hxwnv2h","sya4x3","t3_sya4x3","t1_hxwneha","worldnews","1645492502","2022-02-22T01:15:02+00:00","I-Am-Uncreative","57","Holy shit. I feel so awful for everyone in Ukraine right now. :( 

My dad is having major surgery tomorrow and I'm so anxious... my anxiety over that pales in comparison to what the citizens of Ukraine must be feeling. 

I hope the Ukrainians make it as painful as possible for Russia.","/r/worldnews/comments/sya4x3/rworldnews_live_thread_ukrainerussia_tensions/hxwnv2h/","eb197f888460","2022-02-24","ASSAULT","CONFLICT","Russia and Ukraine ASSAULT each other in the Russia-Ukraine conflict escalation on February 24, 2022.","0.7306","/r/worldnews Live Thread: Ukraine-Russia Tensions (February 21, 2022 | Thread V)"
"hxwnvih","sya4x3","t3_sya4x3","t1_hxwnh4l","worldnews","1645492508","2022-02-22T01:15:08+00:00","AshingiiAshuaa","1","Cash gang here licking my chops.","/r/worldnews/comments/sya4x3/rworldnews_live_thread_ukrainerussia_tensions/hxwnvih/","eb197f888460","2022-02-24","ASSAULT","CONFLICT","Russia and Ukraine ASSAULT each other in the Russia-Ukraine conflict escalation on February 24, 2022.","0.7306","/r/worldnews Live Thread: Ukraine-Russia Tensions (February 21, 2022 | Thread V)"
"hxwnvju","sya4x3","t3_sya4x3","t3_sya4x3","worldnews","1645492509","2022-02-22T01:15:09+00:00","huskies4life","168","The fact that the US is already urging the Ukrainian president to flee to Lviv is crazy.","/r/worldnews/comments/sya4x3/rworldnews_live_thread_ukrainerussia_tensions/hxwnvju/","eb197f888460","2022-02-24","ASSAULT","CONFLICT","Russia and Ukraine ASSAULT each other in the Russia-Ukraine conflict escalation on February 24, 2022.","0.7306","/r/worldnews Live Thread: Ukraine-Russia Tensions (February 21, 2022 | Thread V)"
"hxwnvpp","sya4x3","t3_sya4x3","t1_hxwn4r0","worldnews","1645492511","2022-02-22T01:15:11+00:00","Dramatic_Coyote9159","10","I believe Russians are pretty use to it all sadly.","/r/worldnews/comments/sya4x3/rworldnews_live_thread_ukrainerussia_tensions/hxwnvpp/","eb197f888460","2022-02-24","ASSAULT","CONFLICT","Russia and Ukraine ASSAULT each other in the Russia-Ukraine conflict escalation on February 24, 2022.","0.7306","/r/worldnews Live Thread: Ukraine-Russia Tensions (February 21, 2022 | Thread V)"
"hxwnvt9","sya4x3","t3_sya4x3","t3_sya4x3","worldnews","1645492513","2022-02-22T01:15:13+00:00","[deleted]","65","[deleted]","/r/worldnews/comments/sya4x3/rworldnews_live_thread_ukrainerussia_tensions/hxwnvt9/","eb197f888460","2022-02-24","ASSAULT","CONFLICT","Russia and Ukraine ASSAULT each other in the Russia-Ukraine conflict escalation on February 24, 2022.","0.7306","/r/worldnews Live Thread: Ukraine-Russia Tensions (February 21, 2022 | Thread V)"
"hxwnvv2","sya4x3","t3_sya4x3","t1_hxwnk77","worldnews","1645492513","2022-02-22T01:15:13+00:00","SuspiciousStable9649","9","There’s an old message from a Russian about war on 2/22/22 at 4 am.","/r/worldnews/comments/sya4x3/rworldnews_live_thread_ukrainerussia_tensions/hxwnvv2/","eb197f888460","2022-02-24","ASSAULT","CONFLICT","Russia and Ukraine ASSAULT each other in the Russia-Ukraine conflict escalation on February 24, 2022.","0.7306","/r/worldnews Live Thread: Ukraine-Russia Tensions (February 21, 2022 | Thread V)"
"hxwnvxk","sya4x3","t3_sya4x3","t1_hxwngqr","worldnews","1645492514","2022-02-22T01:15:14+00:00","jackp0t789","2","They might divert around the cities and surround them instead of getting into heated urban combat, which could help reduce civilian casualties, but I guess we'll see","/r/worldnews/comments/sya4x3/rworldnews_live_thread_ukrainerussia_tensions/hxwnvxk/","eb197f888460","2022-02-24","ASSAULT","CONFLICT","Russia and Ukraine ASSAULT each other in the Russia-Ukraine conflict escalation on February 24, 2022.","0.7306","/r/worldnews Live Thread: Ukraine-Russia Tensions (February 21, 2022 | Thread V)"
"hxwnw4x","sya4x3","t3_sya4x3","t1_hxwnhtm","worldnews","1645492517","2022-02-22T01:15:17+00:00","Lordoffunk","1","Not really. Allows for arguments to be laid out before any agreement by security council is vetoed.","/r/worldnews/comments/sya4x3/rworldnews_live_thread_ukrainerussia_tensions/hxwnw4x/","eb197f888460","2022-02-24","ASSAULT","CONFLICT","Russia and Ukraine ASSAULT each other in the Russia-Ukraine conflict escalation on February 24, 2022.","0.7306","/r/worldnews Live Thread: Ukraine-Russia Tensions (February 21, 2022 | Thread V)"
"hxwnwaf","sya4x3","t3_sya4x3","t1_hxwn66z","worldnews","1645492519","2022-02-22T01:15:19+00:00","Walouisi","3","I heard it may be a closed door session?","/r/worldnews/comments/sya4x3/rworldnews_live_thread_ukrainerussia_tensions/hxwnwaf/","eb197f888460","2022-02-24","ASSAULT","CONFLICT","Russia and Ukraine ASSAULT each other in the Russia-Ukraine conflict escalation on February 24, 2022.","0.7306","/r/worldnews Live Thread: Ukraine-Russia Tensions (February 21, 2022 | Thread V)"
"hxwnwcw","sya4x3","t3_sya4x3","t1_hxwnl9h","worldnews","1645492520","2022-02-22T01:15:20+00:00","Celebritycummer","1","Was someone in this thread seeking ""independence""?","/r/worldnews/comments/sya4x3/rworldnews_live_thread_ukrainerussia_tensions/hxwnwcw/","eb197f888460","2022-02-24","ASSAULT","CONFLICT","Russia and Ukraine ASSAULT each other in the Russia-Ukraine conflict escalation on February 24, 2022.","0.7306","/r/worldnews Live Thread: Ukraine-Russia Tensions (February 21, 2022 | Thread V)"
"hxwnweb","sya4x3","t3_sya4x3","t3_sya4x3","worldnews","1645492520","2022-02-22T01:15:20+00:00","jarena009","5","I meant to post this here, not on the IV thread. I do wonder about the US response and a potential lack in toughness in it, plus in general a lack of determination to stand up to Russia among the US public. I believe our failed $7T and ~20 years of wars in the mideast are a factor. These were such a diversion/waste of resources, and have driven the American public and politicians into a consistent state of weariness/reluctance to stand up to actual threats (Putin). Plus so many Americans continue to struggle economically and have been left behind the last few decades that they simply don't have the energy to care.  

All of these years of mis-allocated resources ($7T) and the wrong priorities (we could have taken half or a third of money to invest in military R&amp;D) have taken a toll.","/r/worldnews/comments/sya4x3/rworldnews_live_thread_ukrainerussia_tensions/hxwnweb/","eb197f888460","2022-02-24","ASSAULT","CONFLICT","Russia and Ukraine ASSAULT each other in the Russia-Ukraine conflict escalation on February 24, 2022.","0.7306","/r/worldnews Live Thread: Ukraine-Russia Tensions (February 21, 2022 | Thread V)"
"hxwnwes","sya4x3","t3_sya4x3","t3_sya4x3","worldnews","1645492520","2022-02-22T01:15:20+00:00","Shadowislovable","4","The U.S will assuredly accept Ukrainian refugees. I hope other countries like France, Germany and the U.K step up as well","/r/worldnews/comments/sya4x3/rworldnews_live_thread_ukrainerussia_tensions/hxwnwes/","eb197f888460","2022-02-24","ASSAULT","CONFLICT","Russia and Ukraine ASSAULT each other in the Russia-Ukraine conflict escalation on February 24, 2022.","0.7306","/r/worldnews Live Thread: Ukraine-Russia Tensions (February 21, 2022 | Thread V)"
"hxwnwi7","sya4x3","t3_sya4x3","t1_hxwnfp7","worldnews","1645492522","2022-02-22T01:15:22+00:00","HexicDragon","8","I'm interested in seeing if this is true and if there is evidence of any other cyber attacks at the moment.","/r/worldnews/comments/sya4x3/rworldnews_live_thread_ukrainerussia_tensions/hxwnwi7/","eb197f888460","2022-02-24","ASSAULT","CONFLICT","Russia and Ukraine ASSAULT each other in the Russia-Ukraine conflict escalation on February 24, 2022.","0.7306","/r/worldnews Live Thread: Ukraine-Russia Tensions (February 21, 2022 | Thread V)"
"hxwnwow","sya4x3","t3_sya4x3","t3_sya4x3","worldnews","1645492524","2022-02-22T01:15:24+00:00","R3D-D4WN","3","It is possible to cut off their access to semiconductors with sanctions?","/r/worldnews/comments/sya4x3/rworldnews_live_thread_ukrainerussia_tensions/hxwnwow/","eb197f888460","2022-02-24","ASSAULT","CONFLICT","Russia and Ukraine ASSAULT each other in the Russia-Ukraine conflict escalation on February 24, 2022.","0.7306","/r/worldnews Live Thread: Ukraine-Russia Tensions (February 21, 2022 | Thread V)"
"hxwnwoz","sya4x3","t3_sya4x3","t3_sya4x3","worldnews","1645492524","2022-02-22T01:15:24+00:00","[deleted]","1","[removed]","/r/worldnews/comments/sya4x3/rworldnews_live_thread_ukrainerussia_tensions/hxwnwoz/","eb197f888460","2022-02-24","ASSAULT","CONFLICT","Russia and Ukraine ASSAULT each other in the Russia-Ukraine conflict escalation on February 24, 2022.","0.7306","/r/worldnews Live Thread: Ukraine-Russia Tensions (February 21, 2022 | Thread V)"
"hxwnwt9","sya4x3","t3_sya4x3","t3_sya4x3","worldnews","1645492526","2022-02-22T01:15:26+00:00","trent_Sodak","9","a communications disruption can mean only one thing...invasion","/r/worldnews/comments/sya4x3/rworldnews_live_thread_ukrainerussia_tensions/hxwnwt9/","eb197f888460","2022-02-24","ASSAULT","CONFLICT","Russia and Ukraine ASSAULT each other in the Russia-Ukraine conflict escalation on February 24, 2022.","0.7306","/r/worldnews Live Thread: Ukraine-Russia Tensions (February 21, 2022 | Thread V)"
"hxwnwtd","sya4x3","t3_sya4x3","t1_hxwnfnd","worldnews","1645492526","2022-02-22T01:15:26+00:00","JoeDaddie69","3","These posts are so annoying","/r/worldnews/comments/sya4x3/rworldnews_live_thread_ukrainerussia_tensions/hxwnwtd/","eb197f888460","2022-02-24","ASSAULT","CONFLICT","Russia and Ukraine ASSAULT each other in the Russia-Ukraine conflict escalation on February 24, 2022.","0.7306","/r/worldnews Live Thread: Ukraine-Russia Tensions (February 21, 2022 | Thread V)"
"hxwnwyu","sya4x3","t3_sya4x3","t1_hxwnnzs","worldnews","1645492528","2022-02-22T01:15:28+00:00","[deleted]","4","[mother fucker stole my post](https://old.reddit.com/r/worldnews/comments/sxco3t/rworldnews_live_thread_ukrainerussia_tensions/hxscc80/)

but yes drink water","/r/worldnews/comments/sya4x3/rworldnews_live_thread_ukrainerussia_tensions/hxwnwyu/","eb197f888460","2022-02-24","ASSAULT","CONFLICT","Russia and Ukraine ASSAULT each other in the Russia-Ukraine conflict escalation on February 24, 2022.","0.7306","/r/worldnews Live Thread: Ukraine-Russia Tensions (February 21, 2022 | Thread V)"
"hxwnwza","sya4x3","t3_sya4x3","t1_hxwnoqa","worldnews","1645492528","2022-02-22T01:15:28+00:00","Aliencj","2","Prediction","/r/worldnews/comments/sya4x3/rworldnews_live_thread_ukrainerussia_tensions/hxwnwza/","eb197f888460","2022-02-24","ASSAULT","CONFLICT","Russia and Ukraine ASSAULT each other in the Russia-Ukraine conflict escalation on February 24, 2022.","0.7306","/r/worldnews Live Thread: Ukraine-Russia Tensions (February 21, 2022 | Thread V)"
"hxwnx1k","sya4x3","t3_sya4x3","t3_sya4x3","worldnews","1645492529","2022-02-22T01:15:29+00:00","69thThrowAway","11","Putin has the small PP","/r/worldnews/comments/sya4x3/rworldnews_live_thread_ukrainerussia_tensions/hxwnx1k/","eb197f888460","2022-02-24","ASSAULT","CONFLICT","Russia and Ukraine ASSAULT each other in the Russia-Ukraine conflict escalation on February 24, 2022.","0.7306","/r/worldnews Live Thread: Ukraine-Russia Tensions (February 21, 2022 | Thread V)"
"hxwnx5z","sya4x3","t3_sya4x3","t1_hxwnoqa","worldnews","1645492530","2022-02-22T01:15:30+00:00","jacksonattack","2","Sun starts to come up.","/r/worldnews/comments/sya4x3/rworldnews_live_thread_ukrainerussia_tensions/hxwnx5z/","eb197f888460","2022-02-24","ASSAULT","CONFLICT","Russia and Ukraine ASSAULT each other in the Russia-Ukraine conflict escalation on February 24, 2022.","0.7306","/r/worldnews Live Thread: Ukraine-Russia Tensions (February 21, 2022 | Thread V)"
"hxwnxi8","sya4x3","t3_sya4x3","t1_hxwnjl2","worldnews","1645492535","2022-02-22T01:15:35+00:00","2ndAmendmentPeople","3","lol","/r/worldnews/comments/sya4x3/rworldnews_live_thread_ukrainerussia_tensions/hxwnxi8/","eb197f888460","2022-02-24","ASSAULT","CONFLICT","Russia and Ukraine ASSAULT each other in the Russia-Ukraine conflict escalation on February 24, 2022.","0.7306","/r/worldnews Live Thread: Ukraine-Russia Tensions (February 21, 2022 | Thread V)"
"hxwnxje","sya4x3","t3_sya4x3","t1_hxwnf4o","worldnews","1645492535","2022-02-22T01:15:35+00:00","cbraun93","0","And what happens after we do that?","/r/worldnews/comments/sya4x3/rworldnews_live_thread_ukrainerussia_tensions/hxwnxje/","eb197f888460","2022-02-24","ASSAULT","CONFLICT","Russia and Ukraine ASSAULT each other in the Russia-Ukraine conflict escalation on February 24, 2022.","0.7306","/r/worldnews Live Thread: Ukraine-Russia Tensions (February 21, 2022 | Thread V)"
"hxwnxni","sya4x3","t3_sya4x3","t1_hxwnfo1","worldnews","1645492537","2022-02-22T01:15:37+00:00","Allstate85","6","Despite Putins 47 land acquisitions in all countries.","/r/worldnews/comments/sya4x3/rworldnews_live_thread_ukrainerussia_tensions/hxwnxni/","eb197f888460","2022-02-24","ASSAULT","CONFLICT","Russia and Ukraine ASSAULT each other in the Russia-Ukraine conflict escalation on February 24, 2022.","0.7306","/r/worldnews Live Thread: Ukraine-Russia Tensions (February 21, 2022 | Thread V)"
"hxwnxok","sya4x3","t3_sya4x3","t1_hxwnlpf","worldnews","1645492537","2022-02-22T01:15:37+00:00","[deleted]","2","[removed]","/r/worldnews/comments/sya4x3/rworldnews_live_thread_ukrainerussia_tensions/hxwnxok/","eb197f888460","2022-02-24","ASSAULT","CONFLICT","Russia and Ukraine ASSAULT each other in the Russia-Ukraine conflict escalation on February 24, 2022.","0.7306","/r/worldnews Live Thread: Ukraine-Russia Tensions (February 21, 2022 | Thread V)"
"hxwnxre","sya4x3","t3_sya4x3","t1_hxwnsyd","worldnews","1645492538","2022-02-22T01:15:38+00:00","[deleted]","1","[removed]","/r/worldnews/comments/sya4x3/rworldnews_live_thread_ukrainerussia_tensions/hxwnxre/","eb197f888460","2022-02-24","ASSAULT","CONFLICT","Russia and Ukraine ASSAULT each other in the Russia-Ukraine conflict escalation on February 24, 2022.","0.7306","/r/worldnews Live Thread: Ukraine-Russia Tensions (February 21, 2022 | Thread V)"
"hxwnxzr","sya4x3","t3_sya4x3","t3_sya4x3","worldnews","1645492541","2022-02-22T01:15:41+00:00","[deleted]","0","[deleted]","/r/worldnews/comments/sya4x3/rworldnews_live_thread_ukrainerussia_tensions/hxwnxzr/","eb197f888460","2022-02-24","ASSAULT","CONFLICT","Russia and Ukraine ASSAULT each other in the Russia-Ukraine conflict escalation on February 24, 2022.","0.7306","/r/worldnews Live Thread: Ukraine-Russia Tensions (February 21, 2022 | Thread V)"
"hxwny3s","sya4x3","t3_sya4x3","t3_sya4x3","worldnews","1645492543","2022-02-22T01:15:43+00:00","[deleted]","1","[removed]","/r/worldnews/comments/sya4x3/rworldnews_live_thread_ukrainerussia_tensions/hxwny3s/","eb197f888460","2022-02-24","ASSAULT","CONFLICT","Russia and Ukraine ASSAULT each other in the Russia-Ukraine conflict escalation on February 24, 2022.","0.7306","/r/worldnews Live Thread: Ukraine-Russia Tensions (February 21, 2022 | Thread V)"
"hxwny55","sya4x3","t3_sya4x3","t1_hxwneha","worldnews","1645492543","2022-02-22T01:15:43+00:00","AbstractStranger","2","Do you have a source for this? I’m not saying you’re wrong I just haven’t heard this.","/r/worldnews/comments/sya4x3/rworldnews_live_thread_ukrainerussia_tensions/hxwny55/","eb197f888460","2022-02-24","ASSAULT","CONFLICT","Russia and Ukraine ASSAULT each other in the Russia-Ukraine conflict escalation on February 24, 2022.","0.7306","/r/worldnews Live Thread: Ukraine-Russia Tensions (February 21, 2022 | Thread V)"
"hxwny58","sya4x3","t3_sya4x3","t3_sya4x3","worldnews","1645492544","2022-02-22T01:15:44+00:00","Zardif","1","Is there a sub just for the collection of the videos from the invasion?","/r/worldnews/comments/sya4x3/rworldnews_live_thread_ukrainerussia_tensions/hxwny58/","eb197f888460","2022-02-24","ASSAULT","CONFLICT","Russia and Ukraine ASSAULT each other in the Russia-Ukraine conflict escalation on February 24, 2022.","0.7306","/r/worldnews Live Thread: Ukraine-Russia Tensions (February 21, 2022 | Thread V)"
"hxwnynt","sya4x3","t3_sya4x3","t3_sya4x3","worldnews","1645492550","2022-02-22T01:15:50+00:00","farbs12","82","The biggest disappointment of the world is knowing that we could accomplish so much by working together, but instead human ego causes us to bicker, argue, and war with each other over things that barely matter in the grand scheme of it all.","/r/worldnews/comments/sya4x3/rworldnews_live_thread_ukrainerussia_tensions/hxwnynt/","eb197f888460","2022-02-24","ASSAULT","CONFLICT","Russia and Ukraine ASSAULT each other in the Russia-Ukraine conflict escalation on February 24, 2022.","0.7306","/r/worldnews Live Thread: Ukraine-Russia Tensions (February 21, 2022 | Thread V)"
"hxwnyo8","sya4x3","t3_sya4x3","t1_hxwnqy0","worldnews","1645492550","2022-02-22T01:15:50+00:00","stunted_troglodyte","7","they dropped in anticipation of any and all punitive sanctions. If anything, we might see a little rebound due to the US pulling back on their threat of a severe response","/r/worldnews/comments/sya4x3/rworldnews_live_thread_ukrainerussia_tensions/hxwnyo8/","eb197f888460","2022-02-24","ASSAULT","CONFLICT","Russia and Ukraine ASSAULT each other in the Russia-Ukraine conflict escalation on February 24, 2022.","0.7306","/r/worldnews Live Thread: Ukraine-Russia Tensions (February 21, 2022 | Thread V)"
"hxwnypi","sya4x3","t3_sya4x3","t1_hxwnl3d","worldnews","1645492551","2022-02-22T01:15:51+00:00","SuspiciousStable9649","5","Yeah, when this pops it will be hard to keep ip","/r/worldnews/comments/sya4x3/rworldnews_live_thread_ukrainerussia_tensions/hxwnypi/","eb197f888460","2022-02-24","ASSAULT","CONFLICT","Russia and Ukraine ASSAULT each other in the Russia-Ukraine conflict escalation on February 24, 2022.","0.7306","/r/worldnews Live Thread: Ukraine-Russia Tensions (February 21, 2022 | Thread V)"
"hxwnyu4","sya4x3","t3_sya4x3","t1_hxwngi2","worldnews","1645492552","2022-02-22T01:15:52+00:00","leappleeater1","1","so?","/r/worldnews/comments/sya4x3/rworldnews_live_thread_ukrainerussia_tensions/hxwnyu4/","eb197f888460","2022-02-24","ASSAULT","CONFLICT","Russia and Ukraine ASSAULT each other in the Russia-Ukraine conflict escalation on February 24, 2022.","0.7306","/r/worldnews Live Thread: Ukraine-Russia Tensions (February 21, 2022 | Thread V)"
"hxwnz76","sya4x3","t3_sya4x3","t1_hxwn66z","worldnews","1645492556","2022-02-22T01:15:56+00:00","deftoner42","67","The peacekeeping will continue until morale improves.","/r/worldnews/comments/sya4x3/rworldnews_live_thread_ukrainerussia_tensions/hxwnz76/","eb197f888460","2022-02-24","ASSAULT","CONFLICT","Russia and Ukraine ASSAULT each other in the Russia-Ukraine conflict escalation on February 24, 2022.","0.7306","/r/worldnews Live Thread: Ukraine-Russia Tensions (February 21, 2022 | Thread V)"
"hxwnzcm","sya4x3","t3_sya4x3","t1_hxwnfp7","worldnews","1645492558","2022-02-22T01:15:58+00:00","Seang2989","11","Interesting, if that's the case that means larger scale troop and equipment movements into region. Can't share details troop positions.","/r/worldnews/comments/sya4x3/rworldnews_live_thread_ukrainerussia_tensions/hxwnzcm/","eb197f888460","2022-02-24","ASSAULT","CONFLICT","Russia and Ukraine ASSAULT each other in the Russia-Ukraine conflict escalation on February 24, 2022.","0.7306","/r/worldnews Live Thread: Ukraine-Russia Tensions (February 21, 2022 | Thread V)"
"hxwnzfx","sya4x3","t3_sya4x3","t3_sya4x3","worldnews","1645492560","2022-02-22T01:16:00+00:00","xixi_duro","0","https://www.flightradar24.com/SQP6973/2ae64a8b","/r/worldnews/comments/sya4x3/rworldnews_live_thread_ukrainerussia_tensions/hxwnzfx/","eb197f888460","2022-02-24","ASSAULT","CONFLICT","Russia and Ukraine ASSAULT each other in the Russia-Ukraine conflict escalation on February 24, 2022.","0.7306","/r/worldnews Live Thread: Ukraine-Russia Tensions (February 21, 2022 | Thread V)"
"hxwnzkq","sya4x3","t3_sya4x3","t3_sya4x3","worldnews","1645492561","2022-02-22T01:16:01+00:00","Zestyclose_Meet1034","1","Belarus leader looks like he didn’t flush the toilet?","/r/worldnews/comments/sya4x3/rworldnews_live_thread_ukrainerussia_tensions/hxwnzkq/","eb197f888460","2022-02-24","ASSAULT","CONFLICT","Russia and Ukraine ASSAULT each other in the Russia-Ukraine conflict escalation on February 24, 2022.","0.7306","/r/worldnews Live Thread: Ukraine-Russia Tensions (February 21, 2022 | Thread V)"
"hxwnzx7","sya4x3","t3_sya4x3","t3_sya4x3","worldnews","1645492566","2022-02-22T01:16:06+00:00","LastLetter444","2","🇺🇦","/r/worldnews/comments/sya4x3/rworldnews_live_thread_ukrainerussia_tensions/hxwnzx7/","eb197f888460","2022-02-24","ASSAULT","CONFLICT","Russia and Ukraine ASSAULT each other in the Russia-Ukraine conflict escalation on February 24, 2022.","0.7306","/r/worldnews Live Thread: Ukraine-Russia Tensions (February 21, 2022 | Thread V)"
"hxwnzxp","sya4x3","t3_sya4x3","t3_sya4x3","worldnews","1645492566","2022-02-22T01:16:06+00:00","beatifulfutbol","4","Was out for 12hours. Is this it? Start of war?","/r/worldnews/comments/sya4x3/rworldnews_live_thread_ukrainerussia_tensions/hxwnzxp/","eb197f888460","2022-02-24","ASSAULT","CONFLICT","Russia and Ukraine ASSAULT each other in the Russia-Ukraine conflict escalation on February 24, 2022.","0.7306","/r/worldnews Live Thread: Ukraine-Russia Tensions (February 21, 2022 | Thread V)"
"hxwo01v","sya4x3","t3_sya4x3","t1_hxwnbdo","worldnews","1645492567","2022-02-22T01:16:07+00:00","Bisexual_Republican","2","Fox is literally this Generation's ""Lord Haw-Haw"".","/r/worldnews/comments/sya4x3/rworldnews_live_thread_ukrainerussia_tensions/hxwo01v/","eb197f888460","2022-02-24","ASSAULT","CONFLICT","Russia and Ukraine ASSAULT each other in the Russia-Ukraine conflict escalation on February 24, 2022.","0.7306","/r/worldnews Live Thread: Ukraine-Russia Tensions (February 21, 2022 | Thread V)"
"hxwo04n","sya4x3","t3_sya4x3","t1_hxwnp0z","worldnews","1645492568","2022-02-22T01:16:08+00:00","lostraven","2","*shudder*","/r/worldnews/comments/sya4x3/rworldnews_live_thread_ukrainerussia_tensions/hxwo04n/","eb197f888460","2022-02-24","ASSAULT","CONFLICT","Russia and Ukraine ASSAULT each other in the Russia-Ukraine conflict escalation on February 24, 2022.","0.7306","/r/worldnews Live Thread: Ukraine-Russia Tensions (February 21, 2022 | Thread V)"
"hxwo057","sya4x3","t3_sya4x3","t1_hxwnncs","worldnews","1645492569","2022-02-22T01:16:09+00:00","graggy_ice","1","D’oh!","/r/worldnews/comments/sya4x3/rworldnews_live_thread_ukrainerussia_tensions/hxwo057/","eb197f888460","2022-02-24","ASSAULT","CONFLICT","Russia and Ukraine ASSAULT each other in the Russia-Ukraine conflict escalation on February 24, 2022.","0.7306","/r/worldnews Live Thread: Ukraine-Russia Tensions (February 21, 2022 | Thread V)"
"hxwo0bd","sya4x3","t3_sya4x3","t1_hxwnf4o","worldnews","1645492571","2022-02-22T01:16:11+00:00","Weird-Engineer","0","So all of you are saying that russia can invade any country it wants and we can’t respond because they have nukes? So any country with nukes can take over any country they want if they threaten nuclear annihilation? Maybe that’s a better excuse to wipe these countries off the face of the earth","/r/worldnews/comments/sya4x3/rworldnews_live_thread_ukrainerussia_tensions/hxwo0bd/","eb197f888460","2022-02-24","ASSAULT","CONFLICT","Russia and Ukraine ASSAULT each other in the Russia-Ukraine conflict escalation on February 24, 2022.","0.7306","/r/worldnews Live Thread: Ukraine-Russia Tensions (February 21, 2022 | Thread V)"
"hxwo0fi","sya4x3","t3_sya4x3","t3_sya4x3","worldnews","1645492572","2022-02-22T01:16:12+00:00","SewAlone","26","I don’t drink much but I asked my husband to bring me a bottle of wine on the way home. So tense. I raise a glass to Ukrainians tonight.","/r/worldnews/comments/sya4x3/rworldnews_live_thread_ukrainerussia_tensions/hxwo0fi/","eb197f888460","2022-02-24","ASSAULT","CONFLICT","Russia and Ukraine ASSAULT each other in the Russia-Ukraine conflict escalation on February 24, 2022.","0.7306","/r/worldnews Live Thread: Ukraine-Russia Tensions (February 21, 2022 | Thread V)"
"hxwo0la","sya4x3","t3_sya4x3","t1_hxwn66z","worldnews","1645492574","2022-02-22T01:16:14+00:00","[deleted]","1","[deleted]","/r/worldnews/comments/sya4x3/rworldnews_live_thread_ukrainerussia_tensions/hxwo0la/","eb197f888460","2022-02-24","ASSAULT","CONFLICT","Russia and Ukraine ASSAULT each other in the Russia-Ukraine conflict escalation on February 24, 2022.","0.7306","/r/worldnews Live Thread: Ukraine-Russia Tensions (February 21, 2022 | Thread V)"
"hxwo0qy","sya4x3","t3_sya4x3","t1_hxwnsyd","worldnews","1645492576","2022-02-22T01:16:16+00:00","Crapulous_Jargogle","0","Don't forget to eat more fiber so your bowels will be regular. Drinking water helps with that, too!","/r/worldnews/comments/sya4x3/rworldnews_live_thread_ukrainerussia_tensions/hxwo0qy/","eb197f888460","2022-02-24","ASSAULT","CONFLICT","Russia and Ukraine ASSAULT each other in the Russia-Ukraine conflict escalation on February 24, 2022.","0.7306","/r/worldnews Live Thread: Ukraine-Russia Tensions (February 21, 2022 | Thread V)"
"hxwo0uf","sya4x3","t3_sya4x3","t3_sya4x3","worldnews","1645492577","2022-02-22T01:16:17+00:00","[deleted]","1","[removed]","/r/worldnews/comments/sya4x3/rworldnews_live_thread_ukrainerussia_tensions/hxwo0uf/","eb197f888460","2022-02-24","ASSAULT","CONFLICT","Russia and Ukraine ASSAULT each other in the Russia-Ukraine conflict escalation on February 24, 2022.","0.7306","/r/worldnews Live Thread: Ukraine-Russia Tensions (February 21, 2022 | Thread V)"
"hxwo0vh","sya4x3","t3_sya4x3","t1_hxwnedd","worldnews","1645492578","2022-02-22T01:16:18+00:00","acityonthemoon","1","Just the dip?","/r/worldnews/comments/sya4x3/rworldnews_live_thread_ukrainerussia_tensions/hxwo0vh/","eb197f888460","2022-02-24","ASSAULT","CONFLICT","Russia and Ukraine ASSAULT each other in the Russia-Ukraine conflict escalation on February 24, 2022.","0.7306","/r/worldnews Live Thread: Ukraine-Russia Tensions (February 21, 2022 | Thread V)"
"hxwo12a","sya4x3","t3_sya4x3","t1_hxwnwyu","worldnews","1645492580","2022-02-22T01:16:20+00:00","[deleted]","1","[deleted]","/r/worldnews/comments/sya4x3/rworldnews_live_thread_ukrainerussia_tensions/hxwo12a/","eb197f888460","2022-02-24","ASSAULT","CONFLICT","Russia and Ukraine ASSAULT each other in the Russia-Ukraine conflict escalation on February 24, 2022.","0.7306","/r/worldnews Live Thread: Ukraine-Russia Tensions (February 21, 2022 | Thread V)"
"hxwo17j","sya4x3","t3_sya4x3","t1_hxwnkjr","worldnews","1645492582","2022-02-22T01:16:22+00:00","2ndAmendmentPeople","1","It's Tuesday in Moscow.","/r/worldnews/comments/sya4x3/rworldnews_live_thread_ukrainerussia_tensions/hxwo17j/","eb197f888460","2022-02-24","ASSAULT","CONFLICT","Russia and Ukraine ASSAULT each other in the Russia-Ukraine conflict escalation on February 24, 2022.","0.7306","/r/worldnews Live Thread: Ukraine-Russia Tensions (February 21, 2022 | Thread V)"
"hxwo1eb","sya4x3","t3_sya4x3","t3_sya4x3","worldnews","1645492584","2022-02-22T01:16:24+00:00","[deleted]","10","[deleted]","/r/worldnews/comments/sya4x3/rworldnews_live_thread_ukrainerussia_tensions/hxwo1eb/","eb197f888460","2022-02-24","ASSAULT","CONFLICT","Russia and Ukraine ASSAULT each other in the Russia-Ukraine conflict escalation on February 24, 2022.","0.7306","/r/worldnews Live Thread: Ukraine-Russia Tensions (February 21, 2022 | Thread V)"
"hxwo1k5","sya4x3","t3_sya4x3","t1_hxwngdj","worldnews","1645492587","2022-02-22T01:16:27+00:00","SuspiciousStable9649","1","How do they still have any men? (I mean, generally)","/r/worldnews/comments/sya4x3/rworldnews_live_thread_ukrainerussia_tensions/hxwo1k5/","eb197f888460","2022-02-24","ASSAULT","CONFLICT","Russia and Ukraine ASSAULT each other in the Russia-Ukraine conflict escalation on February 24, 2022.","0.7306","/r/worldnews Live Thread: Ukraine-Russia Tensions (February 21, 2022 | Thread V)"
"hxwo1n9","sya4x3","t3_sya4x3","t1_hxwnum3","worldnews","1645492588","2022-02-22T01:16:28+00:00","BlatantConservative","3","Seems like Russian TV people set off fireworks to try and convince people that Donbass was celebrating.","/r/worldnews/comments/sya4x3/rworldnews_live_thread_ukrainerussia_tensions/hxwo1n9/","eb197f888460","2022-02-24","ASSAULT","CONFLICT","Russia and Ukraine ASSAULT each other in the Russia-Ukraine conflict escalation on February 24, 2022.","0.7306","/r/worldnews Live Thread: Ukraine-Russia Tensions (February 21, 2022 | Thread V)"
"hxwo1ry","sya4x3","t3_sya4x3","t3_sya4x3","worldnews","1645492589","2022-02-22T01:16:29+00:00","Wanderer-Wonderer","166","I can’t imagine trying to mod these threads. I’m exhausted reading the few comments I can.","/r/worldnews/comments/sya4x3/rworldnews_live_thread_ukrainerussia_tensions/hxwo1ry/","eb197f888460","2022-02-24","ASSAULT","CONFLICT","Russia and Ukraine ASSAULT each other in the Russia-Ukraine conflict escalation on February 24, 2022.","0.7306","/r/worldnews Live Thread: Ukraine-Russia Tensions (February 21, 2022 | Thread V)"
"hxwo1t2","sya4x3","t3_sya4x3","t1_hxwn38b","worldnews","1645492590","2022-02-22T01:16:30+00:00","VendettaAOF","1","There were reports of deployments of thermobaric weapons. If used it would dash your hopes pretty quickly.","/r/worldnews/comments/sya4x3/rworldnews_live_thread_ukrainerussia_tensions/hxwo1t2/","eb197f888460","2022-02-24","ASSAULT","CONFLICT","Russia and Ukraine ASSAULT each other in the Russia-Ukraine conflict escalation on February 24, 2022.","0.7306","/r/worldnews Live Thread: Ukraine-Russia Tensions (February 21, 2022 | Thread V)"
"hxwo25q","sya4x3","t3_sya4x3","t1_hxwnujx","worldnews","1645492594","2022-02-22T01:16:34+00:00","Zardif","35","It's only a crime if you get charged. It remains to be seen if the rest of the world will do anything.","/r/worldnews/comments/sya4x3/rworldnews_live_thread_ukrainerussia_tensions/hxwo25q/","eb197f888460","2022-02-24","ASSAULT","CONFLICT","Russia and Ukraine ASSAULT each other in the Russia-Ukraine conflict escalation on February 24, 2022.","0.7306","/r/worldnews Live Thread: Ukraine-Russia Tensions (February 21, 2022 | Thread V)"
"hxwo27f","sya4x3","t3_sya4x3","t3_sya4x3","worldnews","1645492595","2022-02-22T01:16:35+00:00","mrspotatoheadddd","27","Please remember to **check the timestamps on your sources before citing them**","/r/worldnews/comments/sya4x3/rworldnews_live_thread_ukrainerussia_tensions/hxwo27f/","eb197f888460","2022-02-24","ASSAULT","CONFLICT","Russia and Ukraine ASSAULT each other in the Russia-Ukraine conflict escalation on February 24, 2022.","0.7306","/r/worldnews Live Thread: Ukraine-Russia Tensions (February 21, 2022 | Thread V)"
"hxwo27l","sya4x3","t3_sya4x3","t1_hxwn7q9","worldnews","1645492595","2022-02-22T01:16:35+00:00","Inimical_Shrew","2","Priced in...","/r/worldnews/comments/sya4x3/rworldnews_live_thread_ukrainerussia_tensions/hxwo27l/","eb197f888460","2022-02-24","ASSAULT","CONFLICT","Russia and Ukraine ASSAULT each other in the Russia-Ukraine conflict escalation on February 24, 2022.","0.7306","/r/worldnews Live Thread: Ukraine-Russia Tensions (February 21, 2022 | Thread V)"
"hxwo2a4","sya4x3","t3_sya4x3","t1_hxwny58","worldnews","1645492596","2022-02-22T01:16:36+00:00","[deleted]","9","[deleted]","/r/worldnews/comments/sya4x3/rworldnews_live_thread_ukrainerussia_tensions/hxwo2a4/","eb197f888460","2022-02-24","ASSAULT","CONFLICT","Russia and Ukraine ASSAULT each other in the Russia-Ukraine conflict escalation on February 24, 2022.","0.7306","/r/worldnews Live Thread: Ukraine-Russia Tensions (February 21, 2022 | Thread V)"
"hxwo2je","sya4x3","t3_sya4x3","t1_hxwn66z","worldnews","1645492600","2022-02-22T01:16:40+00:00","Tribalbob","10","Gonna be akwaaaard.","/r/worldnews/comments/sya4x3/rworldnews_live_thread_ukrainerussia_tensions/hxwo2je/","eb197f888460","2022-02-24","ASSAULT","CONFLICT","Russia and Ukraine ASSAULT each other in the Russia-Ukraine conflict escalation on February 24, 2022.","0.7306","/r/worldnews Live Thread: Ukraine-Russia Tensions (February 21, 2022 | Thread V)"
"hxwo2l9","sya4x3","t3_sya4x3","t1_hxwn8kl","worldnews","1645492600","2022-02-22T01:16:40+00:00","Walouisi","3","Thank you for what you do. I often see incredibly offensive or spammy comments, and when I refresh, they're removed as soon as they appear. Despite the complaints, I think you strike a good balance for not hampering discourse.","/r/worldnews/comments/sya4x3/rworldnews_live_thread_ukrainerussia_tensions/hxwo2l9/","eb197f888460","2022-02-24","ASSAULT","CONFLICT","Russia and Ukraine ASSAULT each other in the Russia-Ukraine conflict escalation on February 24, 2022.","0.7306","/r/worldnews Live Thread: Ukraine-Russia Tensions (February 21, 2022 | Thread V)"
"hxwo35t","sya4x3","t3_sya4x3","t3_sya4x3","worldnews","1645492607","2022-02-22T01:16:47+00:00","AppropriateSail7","732","You know who's the bad guy when Switzerland no longer stays neutral.  
[https://twitter.com/SwissMFA/status/1495882827208052742](https://twitter.com/SwissMFA/status/1495882827208052742)

""Switzerland calls on Russia to uphold its international obligations and to reverse its action.""","/r/worldnews/comments/sya4x3/rworldnews_live_thread_ukrainerussia_tensions/hxwo35t/","eb197f888460","2022-02-24","ASSAULT","CONFLICT","Russia and Ukraine ASSAULT each other in the Russia-Ukraine conflict escalation on February 24, 2022.","0.7306","/r/worldnews Live Thread: Ukraine-Russia Tensions (February 21, 2022 | Thread V)"
"hxwo36v","sya4x3","t3_sya4x3","t3_sya4x3","worldnews","1645492608","2022-02-22T01:16:48+00:00","aarovski","116","I was assured by many comments on this subreddit that Russia was merely performaning a military exercise...

*Huh. Guess that means all of those people were idiots after all.* Go ahead, Biden, cripple Russia's economy. Make it hurt. This swing state voter supports it.","/r/worldnews/comments/sya4x3/rworldnews_live_thread_ukrainerussia_tensions/hxwo36v/","eb197f888460","2022-02-24","ASSAULT","CONFLICT","Russia and Ukraine ASSAULT each other in the Russia-Ukraine conflict escalation on February 24, 2022.","0.7306","/r/worldnews Live Thread: Ukraine-Russia Tensions (February 21, 2022 | Thread V)"
"hxwo3b6","sya4x3","t3_sya4x3","t1_hxwnaqi","worldnews","1645492609","2022-02-22T01:16:49+00:00","[deleted]","0","[deleted]","/r/worldnews/comments/sya4x3/rworldnews_live_thread_ukrainerussia_tensions/hxwo3b6/","eb197f888460","2022-02-24","ASSAULT","CONFLICT","Russia and Ukraine ASSAULT each other in the Russia-Ukraine conflict escalation on February 24, 2022.","0.7306","/r/worldnews Live Thread: Ukraine-Russia Tensions (February 21, 2022 | Thread V)"
"hxwo3r2","sya4x3","t3_sya4x3","t1_hxwneha","worldnews","1645492615","2022-02-22T01:16:55+00:00","[deleted]","0","[deleted]","/r/worldnews/comments/sya4x3/rworldnews_live_thread_ukrainerussia_tensions/hxwo3r2/","eb197f888460","2022-02-24","ASSAULT","CONFLICT","Russia and Ukraine ASSAULT each other in the Russia-Ukraine conflict escalation on February 24, 2022.","0.7306","/r/worldnews Live Thread: Ukraine-Russia Tensions (February 21, 2022 | Thread V)"
"hxwo3s1","sya4x3","t3_sya4x3","t1_hxwnow6","worldnews","1645492616","2022-02-22T01:16:56+00:00","routerg0d","21","Russians are buying dollars as a way to avoid the ruining of rubles. Go figure.","/r/worldnews/comments/sya4x3/rworldnews_live_thread_ukrainerussia_tensions/hxwo3s1/","eb197f888460","2022-02-24","ASSAULT","CONFLICT","Russia and Ukraine ASSAULT each other in the Russia-Ukraine conflict escalation on February 24, 2022.","0.7306","/r/worldnews Live Thread: Ukraine-Russia Tensions (February 21, 2022 | Thread V)"
"hxwo3us","sya4x3","t3_sya4x3","t1_hxwnoqa","worldnews","1645492617","2022-02-22T01:16:57+00:00","Definition-Prize","1","Dooms day conspiracy or some shit","/r/worldnews/comments/sya4x3/rworldnews_live_thread_ukrainerussia_tensions/hxwo3us/","eb197f888460","2022-02-24","ASSAULT","CONFLICT","Russia and Ukraine ASSAULT each other in the Russia-Ukraine conflict escalation on February 24, 2022.","0.7306","/r/worldnews Live Thread: Ukraine-Russia Tensions (February 21, 2022 | Thread V)"
"hxwo3yz","sya4x3","t3_sya4x3","t1_hxwnrz3","worldnews","1645492618","2022-02-22T01:16:58+00:00","Weird-Engineer","-1","So your response is we let these countries take over whomever they want. Surrender for peace.","/r/worldnews/comments/sya4x3/rworldnews_live_thread_ukrainerussia_tensions/hxwo3yz/","eb197f888460","2022-02-24","ASSAULT","CONFLICT","Russia and Ukraine ASSAULT each other in the Russia-Ukraine conflict escalation on February 24, 2022.","0.7306","/r/worldnews Live Thread: Ukraine-Russia Tensions (February 21, 2022 | Thread V)"
"hxwo41r","sya4x3","t3_sya4x3","t1_hxwnlpf","worldnews","1645492619","2022-02-22T01:16:59+00:00","flecktarnbrother","97","We are dealing with a malignant narcissistic psychopath who's in charge of the world's 2nd largest military and over 6200 nuclear weapons. This doesn't have to make sense, and nor is reason incorporated into these decisions.","/r/worldnews/comments/sya4x3/rworldnews_live_thread_ukrainerussia_tensions/hxwo41r/","eb197f888460","2022-02-24","ASSAULT","CONFLICT","Russia and Ukraine ASSAULT each other in the Russia-Ukraine conflict escalation on February 24, 2022.","0.7306","/r/worldnews Live Thread: Ukraine-Russia Tensions (February 21, 2022 | Thread V)"
"hxwo4cp","sya4x3","t3_sya4x3","t1_hxwnv2h","worldnews","1645492623","2022-02-22T01:17:03+00:00","AngrySnakeNoises","16","Good luck to your dad, hope the surgery goes smoothly!","/r/worldnews/comments/sya4x3/rworldnews_live_thread_ukrainerussia_tensions/hxwo4cp/","eb197f888460","2022-02-24","ASSAULT","CONFLICT","Russia and Ukraine ASSAULT each other in the Russia-Ukraine conflict escalation on February 24, 2022.","0.7306","/r/worldnews Live Thread: Ukraine-Russia Tensions (February 21, 2022 | Thread V)"
"hxwo4cz","sya4x3","t3_sya4x3","t3_sya4x3","worldnews","1645492623","2022-02-22T01:17:03+00:00","special_cases","8","An alert has been declared among Ukrainian soldiers.","/r/worldnews/comments/sya4x3/rworldnews_live_thread_ukrainerussia_tensions/hxwo4cz/","eb197f888460","2022-02-24","ASSAULT","CONFLICT","Russia and Ukraine ASSAULT each other in the Russia-Ukraine conflict escalation on February 24, 2022.","0.7306","/r/worldnews Live Thread: Ukraine-Russia Tensions (February 21, 2022 | Thread V)"
"hxwo4dm","sya4x3","t3_sya4x3","t1_hxwnf33","worldnews","1645492623","2022-02-22T01:17:03+00:00","DOOManiac","4","Thank you for your service.","/r/worldnews/comments/sya4x3/rworldnews_live_thread_ukrainerussia_tensions/hxwo4dm/","eb197f888460","2022-02-24","ASSAULT","CONFLICT","Russia and Ukraine ASSAULT each other in the Russia-Ukraine conflict escalation on February 24, 2022.","0.7306","/r/worldnews Live Thread: Ukraine-Russia Tensions (February 21, 2022 | Thread V)"
"hxwo4ie","sya4x3","t3_sya4x3","t1_hxwnedd","worldnews","1645492625","2022-02-22T01:17:05+00:00","synthesize_me","1","bean dip.","/r/worldnews/comments/sya4x3/rworldnews_live_thread_ukrainerussia_tensions/hxwo4ie/","eb197f888460","2022-02-24","ASSAULT","CONFLICT","Russia and Ukraine ASSAULT each other in the Russia-Ukraine conflict escalation on February 24, 2022.","0.7306","/r/worldnews Live Thread: Ukraine-Russia Tensions (February 21, 2022 | Thread V)"
"hxwo4k9","sya4x3","t3_sya4x3","t3_sya4x3","worldnews","1645492626","2022-02-22T01:17:06+00:00","[deleted]","0","[removed]","/r/worldnews/comments/sya4x3/rworldnews_live_thread_ukrainerussia_tensions/hxwo4k9/","eb197f888460","2022-02-24","ASSAULT","CONFLICT","Russia and Ukraine ASSAULT each other in the Russia-Ukraine conflict escalation on February 24, 2022.","0.7306","/r/worldnews Live Thread: Ukraine-Russia Tensions (February 21, 2022 | Thread V)"
"hxwo4l0","sya4x3","t3_sya4x3","t3_sya4x3","worldnews","1645492626","2022-02-22T01:17:06+00:00","[deleted]","1","[removed]","/r/worldnews/comments/sya4x3/rworldnews_live_thread_ukrainerussia_tensions/hxwo4l0/","eb197f888460","2022-02-24","ASSAULT","CONFLICT","Russia and Ukraine ASSAULT each other in the Russia-Ukraine conflict escalation on February 24, 2022.","0.7306","/r/worldnews Live Thread: Ukraine-Russia Tensions (February 21, 2022 | Thread V)"
"hxwo4r1","sya4x3","t3_sya4x3","t1_hxwnbdo","worldnews","1645492629","2022-02-22T01:17:09+00:00","Dull-Sample2435","-1","Republicans only like Russians now because Trump is attracted to Russian women and despots.","/r/worldnews/comments/sya4x3/rworldnews_live_thread_ukrainerussia_tensions/hxwo4r1/","eb197f888460","2022-02-24","ASSAULT","CONFLICT","Russia and Ukraine ASSAULT each other in the Russia-Ukraine conflict escalation on February 24, 2022.","0.7306","/r/worldnews Live Thread: Ukraine-Russia Tensions (February 21, 2022 | Thread V)"
"hxwo4sy","sya4x3","t3_sya4x3","t3_sya4x3","worldnews","1645492629","2022-02-22T01:17:09+00:00","Stuthebastard","19","My bet is that the Russians are just waiting until they're ready on the frontline in Eastern Ukraine, before they attack. It's not like the Ukrainians actually have to do anything for the Russians to just SAY ""Ukraine fired at us first.""","/r/worldnews/comments/sya4x3/rworldnews_live_thread_ukrainerussia_tensions/hxwo4sy/","eb197f888460","2022-02-24","ASSAULT","CONFLICT","Russia and Ukraine ASSAULT each other in the Russia-Ukraine conflict escalation on February 24, 2022.","0.7306","/r/worldnews Live Thread: Ukraine-Russia Tensions (February 21, 2022 | Thread V)"
"hxwo52m","sya4x3","t3_sya4x3","t3_sya4x3","worldnews","1645492633","2022-02-22T01:17:13+00:00","filmfan10","11","Well at least this time, Russia waited to invade until after the Olympics.","/r/worldnews/comments/sya4x3/rworldnews_live_thread_ukrainerussia_tensions/hxwo52m/","eb197f888460","2022-02-24","ASSAULT","CONFLICT","Russia and Ukraine ASSAULT each other in the Russia-Ukraine conflict escalation on February 24, 2022.","0.7306","/r/worldnews Live Thread: Ukraine-Russia Tensions (February 21, 2022 | Thread V)"
"hxwo54x","sya4x3","t3_sya4x3","t1_hxwnwes","worldnews","1645492633","2022-02-22T01:17:13+00:00","[deleted]","8","The US and UK have a pretty bad track record for accepting refugees, might be different this time though for Caucasian reasons","/r/worldnews/comments/sya4x3/rworldnews_live_thread_ukrainerussia_tensions/hxwo54x/","eb197f888460","2022-02-24","ASSAULT","CONFLICT","Russia and Ukraine ASSAULT each other in the Russia-Ukraine conflict escalation on February 24, 2022.","0.7306","/r/worldnews Live Thread: Ukraine-Russia Tensions (February 21, 2022 | Thread V)"
"hxwo597","sya4x3","t3_sya4x3","t1_hxwngi2","worldnews","1645492635","2022-02-22T01:17:15+00:00","cosmic-cactus22","1","What is supposed to happen then?","/r/worldnews/comments/sya4x3/rworldnews_live_thread_ukrainerussia_tensions/hxwo597/","eb197f888460","2022-02-24","ASSAULT","CONFLICT","Russia and Ukraine ASSAULT each other in the Russia-Ukraine conflict escalation on February 24, 2022.","0.7306","/r/worldnews Live Thread: Ukraine-Russia Tensions (February 21, 2022 | Thread V)"
"hxwo5jk","sya4x3","t3_sya4x3","t1_hxwnw4x","worldnews","1645492639","2022-02-22T01:17:19+00:00","DontSleep1131","2","so the conclusion will be similar to if they didnt even have the meeting? sounds absolutely pointless.

we’re just going through the motions at this point","/r/worldnews/comments/sya4x3/rworldnews_live_thread_ukrainerussia_tensions/hxwo5jk/","eb197f888460","2022-02-24","ASSAULT","CONFLICT","Russia and Ukraine ASSAULT each other in the Russia-Ukraine conflict escalation on February 24, 2022.","0.7306","/r/worldnews Live Thread: Ukraine-Russia Tensions (February 21, 2022 | Thread V)"
"hxwo5pr","sya4x3","t3_sya4x3","t1_hxwnrio","worldnews","1645492640","2022-02-22T01:17:20+00:00","SomeGuyNamedPaul","17","Right now Fox is claiming that Russia could invade as early as tonight.  I guess they're in the same page as Putin as far as status of these regions are concerned.","/r/worldnews/comments/sya4x3/rworldnews_live_thread_ukrainerussia_tensions/hxwo5pr/","eb197f888460","2022-02-24","ASSAULT","CONFLICT","Russia and Ukraine ASSAULT each other in the Russia-Ukraine conflict escalation on February 24, 2022.","0.7306","/r/worldnews Live Thread: Ukraine-Russia Tensions (February 21, 2022 | Thread V)"
"hxwo5q3","sya4x3","t3_sya4x3","t1_hxwnltv","worldnews","1645492641","2022-02-22T01:17:21+00:00","Scottamemnon","3","It's probably what the 17% drop today really was... they all would have gotten a heads up of what was coming.","/r/worldnews/comments/sya4x3/rworldnews_live_thread_ukrainerussia_tensions/hxwo5q3/","eb197f888460","2022-02-24","ASSAULT","CONFLICT","Russia and Ukraine ASSAULT each other in the Russia-Ukraine conflict escalation on February 24, 2022.","0.7306","/r/worldnews Live Thread: Ukraine-Russia Tensions (February 21, 2022 | Thread V)"
"hxwo5vm","sya4x3","t3_sya4x3","t1_hxwnnh5","worldnews","1645492643","2022-02-22T01:17:23+00:00","Weird-Engineer","-1","So we should allow russia to do whatever they want because they have nuclear weapons?","/r/worldnews/comments/sya4x3/rworldnews_live_thread_ukrainerussia_tensions/hxwo5vm/","eb197f888460","2022-02-24","ASSAULT","CONFLICT","Russia and Ukraine ASSAULT each other in the Russia-Ukraine conflict escalation on February 24, 2022.","0.7306","/r/worldnews Live Thread: Ukraine-Russia Tensions (February 21, 2022 | Thread V)"
"hxwo5ws","sya4x3","t3_sya4x3","t1_hxwne5f","worldnews","1645492643","2022-02-22T01:17:23+00:00","HexicDragon","1","He has been dedicated. 12 hours straight of streaming just yesterday and that's on top of streaming all day for several days in a row.","/r/worldnews/comments/sya4x3/rworldnews_live_thread_ukrainerussia_tensions/hxwo5ws/","eb197f888460","2022-02-24","ASSAULT","CONFLICT","Russia and Ukraine ASSAULT each other in the Russia-Ukraine conflict escalation on February 24, 2022.","0.7306","/r/worldnews Live Thread: Ukraine-Russia Tensions (February 21, 2022 | Thread V)"
"hxwo66y","sya4x3","t3_sya4x3","t1_hxwnzfx","worldnews","1645492646","2022-02-22T01:17:26+00:00","purifyingwaters","1","interesting","/r/worldnews/comments/sya4x3/rworldnews_live_thread_ukrainerussia_tensions/hxwo66y/","eb197f888460","2022-02-24","ASSAULT","CONFLICT","Russia and Ukraine ASSAULT each other in the Russia-Ukraine conflict escalation on February 24, 2022.","0.7306","/r/worldnews Live Thread: Ukraine-Russia Tensions (February 21, 2022 | Thread V)"
"hxwo671","sya4x3","t3_sya4x3","t1_hxwo4cp","worldnews","1645492646","2022-02-22T01:17:26+00:00","I-Am-Uncreative","5","Thank you!","/r/worldnews/comments/sya4x3/rworldnews_live_thread_ukrainerussia_tensions/hxwo671/","eb197f888460","2022-02-24","ASSAULT","CONFLICT","Russia and Ukraine ASSAULT each other in the Russia-Ukraine conflict escalation on February 24, 2022.","0.7306","/r/worldnews Live Thread: Ukraine-Russia Tensions (February 21, 2022 | Thread V)"
"hxwo6aq","sya4x3","t3_sya4x3","t1_hxwnoqa","worldnews","1645492648","2022-02-22T01:17:28+00:00","[deleted]","0","[deleted]","/r/worldnews/comments/sya4x3/rworldnews_live_thread_ukrainerussia_tensions/hxwo6aq/","eb197f888460","2022-02-24","ASSAULT","CONFLICT","Russia and Ukraine ASSAULT each other in the Russia-Ukraine conflict escalation on February 24, 2022.","0.7306","/r/worldnews Live Thread: Ukraine-Russia Tensions (February 21, 2022 | Thread V)"
"hxwo6in","sya4x3","t3_sya4x3","t1_hxwo4cz","worldnews","1645492650","2022-02-22T01:17:30+00:00","tread_lightly94","7","Link?","/r/worldnews/comments/sya4x3/rworldnews_live_thread_ukrainerussia_tensions/hxwo6in/","eb197f888460","2022-02-24","ASSAULT","CONFLICT","Russia and Ukraine ASSAULT each other in the Russia-Ukraine conflict escalation on February 24, 2022.","0.7306","/r/worldnews Live Thread: Ukraine-Russia Tensions (February 21, 2022 | Thread V)"
"hxwo6iq","sya4x3","t3_sya4x3","t1_hxwnncs","worldnews","1645492651","2022-02-22T01:17:31+00:00","LKincheloe","1","Mmm... Donuts...","/r/worldnews/comments/sya4x3/rworldnews_live_thread_ukrainerussia_tensions/hxwo6iq/","eb197f888460","2022-02-24","ASSAULT","CONFLICT","Russia and Ukraine ASSAULT each other in the Russia-Ukraine conflict escalation on February 24, 2022.","0.7306","/r/worldnews Live Thread: Ukraine-Russia Tensions (February 21, 2022 | Thread V)"
"hxwo6j2","sya4x3","t3_sya4x3","t3_sya4x3","worldnews","1645492651","2022-02-22T01:17:31+00:00","SuspiciousStable9649","0","This could get really messy.  For the world.  Internet might get a little slow for one thing.","/r/worldnews/comments/sya4x3/rworldnews_live_thread_ukrainerussia_tensions/hxwo6j2/","eb197f888460","2022-02-24","ASSAULT","CONFLICT","Russia and Ukraine ASSAULT each other in the Russia-Ukraine conflict escalation on February 24, 2022.","0.7306","/r/worldnews Live Thread: Ukraine-Russia Tensions (February 21, 2022 | Thread V)"
"hxwo6p3","sya4x3","t3_sya4x3","t1_hxwnthe","worldnews","1645492653","2022-02-22T01:17:33+00:00","flecktarnbrother","1","Correct.","/r/worldnews/comments/sya4x3/rworldnews_live_thread_ukrainerussia_tensions/hxwo6p3/","eb197f888460","2022-02-24","ASSAULT","CONFLICT","Russia and Ukraine ASSAULT each other in the Russia-Ukraine conflict escalation on February 24, 2022.","0.7306","/r/worldnews Live Thread: Ukraine-Russia Tensions (February 21, 2022 | Thread V)"
"hxwo6uy","sya4x3","t3_sya4x3","t3_sya4x3","worldnews","1645492655","2022-02-22T01:17:35+00:00","ledgersoccer09","38","So why are people blaming Biden for Putin invading Ukraine?? What did I miss??","/r/worldnews/comments/sya4x3/rworldnews_live_thread_ukrainerussia_tensions/hxwo6uy/","eb197f888460","2022-02-24","ASSAULT","CONFLICT","Russia and Ukraine ASSAULT each other in the Russia-Ukraine conflict escalation on February 24, 2022.","0.7306","/r/worldnews Live Thread: Ukraine-Russia Tensions (February 21, 2022 | Thread V)"
"hxwo6we","sya4x3","t3_sya4x3","t1_hxwnl2q","worldnews","1645492655","2022-02-22T01:17:35+00:00","[deleted]","1","[removed]","/r/worldnews/comments/sya4x3/rworldnews_live_thread_ukrainerussia_tensions/hxwo6we/","eb197f888460","2022-02-24","ASSAULT","CONFLICT","Russia and Ukraine ASSAULT each other in the Russia-Ukraine conflict escalation on February 24, 2022.","0.7306","/r/worldnews Live Thread: Ukraine-Russia Tensions (February 21, 2022 | Thread V)"
"hxwo73c","sya4x3","t3_sya4x3","t1_hxwnbd4","worldnews","1645492657","2022-02-22T01:17:37+00:00","be_that","37","“In a conference call with reporters on responding to Putin, and what comes next, a senior admin official suggested that Russian troops in Donetsk/Luhansk *alone* may *not* warrant the ""swift and severe"" sanctions the admin has been previewing.”

Good fucking luck","/r/worldnews/comments/sya4x3/rworldnews_live_thread_ukrainerussia_tensions/hxwo73c/","eb197f888460","2022-02-24","ASSAULT","CONFLICT","Russia and Ukraine ASSAULT each other in the Russia-Ukraine conflict escalation on February 24, 2022.","0.7306","/r/worldnews Live Thread: Ukraine-Russia Tensions (February 21, 2022 | Thread V)"
"hxwo7ak","sya4x3","t3_sya4x3","t1_hxwnss9","worldnews","1645492660","2022-02-22T01:17:40+00:00","jarena009","7","Plus it looks like Russia has little to no regard for Ukrainians, civilian or military, so an open war will likely be brutal.","/r/worldnews/comments/sya4x3/rworldnews_live_thread_ukrainerussia_tensions/hxwo7ak/","eb197f888460","2022-02-24","ASSAULT","CONFLICT","Russia and Ukraine ASSAULT each other in the Russia-Ukraine conflict escalation on February 24, 2022.","0.7306","/r/worldnews Live Thread: Ukraine-Russia Tensions (February 21, 2022 | Thread V)"
"hxwo7m7","sya4x3","t3_sya4x3","t1_hxwnv2h","worldnews","1645492664","2022-02-22T01:17:44+00:00","Tribalbob","9","I hope your dad's surgery goes well.","/r/worldnews/comments/sya4x3/rworldnews_live_thread_ukrainerussia_tensions/hxwo7m7/","eb197f888460","2022-02-24","ASSAULT","CONFLICT","Russia and Ukraine ASSAULT each other in the Russia-Ukraine conflict escalation on February 24, 2022.","0.7306","/r/worldnews Live Thread: Ukraine-Russia Tensions (February 21, 2022 | Thread V)"
"hxwo7mw","sya4x3","t3_sya4x3","t1_hxwnseg","worldnews","1645492664","2022-02-22T01:17:44+00:00","leappleeater1","-24","reddit","/r/worldnews/comments/sya4x3/rworldnews_live_thread_ukrainerussia_tensions/hxwo7mw/","eb197f888460","2022-02-24","ASSAULT","CONFLICT","Russia and Ukraine ASSAULT each other in the Russia-Ukraine conflict escalation on February 24, 2022.","0.7306","/r/worldnews Live Thread: Ukraine-Russia Tensions (February 21, 2022 | Thread V)"
"hxwo7qh","sya4x3","t3_sya4x3","t1_hxwnmhn","worldnews","1645492666","2022-02-22T01:17:46+00:00","Weird-Engineer","0","So we allow any countries with nuclear arms to take over whatever country they want for any reason","/r/worldnews/comments/sya4x3/rworldnews_live_thread_ukrainerussia_tensions/hxwo7qh/","eb197f888460","2022-02-24","ASSAULT","CONFLICT","Russia and Ukraine ASSAULT each other in the Russia-Ukraine conflict escalation on February 24, 2022.","0.7306","/r/worldnews Live Thread: Ukraine-Russia Tensions (February 21, 2022 | Thread V)"
"hxwo7qt","sya4x3","t3_sya4x3","t1_hxwnnzs","worldnews","1645492666","2022-02-22T01:17:46+00:00","[deleted]","-4","[deleted]","/r/worldnews/comments/sya4x3/rworldnews_live_thread_ukrainerussia_tensions/hxwo7qt/","eb197f888460","2022-02-24","ASSAULT","CONFLICT","Russia and Ukraine ASSAULT each other in the Russia-Ukraine conflict escalation on February 24, 2022.","0.7306","/r/worldnews Live Thread: Ukraine-Russia Tensions (February 21, 2022 | Thread V)"
"hxwo829","sya4x3","t3_sya4x3","t1_hxwnl2q","worldnews","1645492670","2022-02-22T01:17:50+00:00","Grow_Beyond","1","""We will be occupying Roswell and Carlsbad to prevent the tragic New Mexican genocide against [Texan](https://i.pinimg.com/originals/29/3a/7c/293a7c3c1d3441cc0cd6ea28cc37f0d7.jpg) civilians.""","/r/worldnews/comments/sya4x3/rworldnews_live_thread_ukrainerussia_tensions/hxwo829/","eb197f888460","2022-02-24","ASSAULT","CONFLICT","Russia and Ukraine ASSAULT each other in the Russia-Ukraine conflict escalation on February 24, 2022.","0.7306","/r/worldnews Live Thread: Ukraine-Russia Tensions (February 21, 2022 | Thread V)"
"hxwo838","sya4x3","t3_sya4x3","t1_hxwnl2q","worldnews","1645492670","2022-02-22T01:17:50+00:00","isthatmyex","1","Maybe El Paso?","/r/worldnews/comments/sya4x3/rworldnews_live_thread_ukrainerussia_tensions/hxwo838/","eb197f888460","2022-02-24","ASSAULT","CONFLICT","Russia and Ukraine ASSAULT each other in the Russia-Ukraine conflict escalation on February 24, 2022.","0.7306","/r/worldnews Live Thread: Ukraine-Russia Tensions (February 21, 2022 | Thread V)"
"hxwo8bf","sya4x3","t3_sya4x3","t1_hxwnsml","worldnews","1645492673","2022-02-22T01:17:53+00:00","[deleted]","18","[removed]","/r/worldnews/comments/sya4x3/rworldnews_live_thread_ukrainerussia_tensions/hxwo8bf/","eb197f888460","2022-02-24","ASSAULT","CONFLICT","Russia and Ukraine ASSAULT each other in the Russia-Ukraine conflict escalation on February 24, 2022.","0.7306","/r/worldnews Live Thread: Ukraine-Russia Tensions (February 21, 2022 | Thread V)"
"hxwo8em","sya4x3","t3_sya4x3","t3_sya4x3","worldnews","1645492674","2022-02-22T01:17:54+00:00","bekindbeniceplease","4","I’m going to bed, what will I awake to?","/r/worldnews/comments/sya4x3/rworldnews_live_thread_ukrainerussia_tensions/hxwo8em/","eb197f888460","2022-02-24","ASSAULT","CONFLICT","Russia and Ukraine ASSAULT each other in the Russia-Ukraine conflict escalation on February 24, 2022.","0.7306","/r/worldnews Live Thread: Ukraine-Russia Tensions (February 21, 2022 | Thread V)"
"hxwo8mj","sya4x3","t3_sya4x3","t1_hxwnrio","worldnews","1645492676","2022-02-22T01:17:56+00:00","BrownSugarBare","9","Fox isn't news, it's entertainment. Makes sense they wouldn't know what's going on in the world and are instead engrossed in false story telling.","/r/worldnews/comments/sya4x3/rworldnews_live_thread_ukrainerussia_tensions/hxwo8mj/","eb197f888460","2022-02-24","ASSAULT","CONFLICT","Russia and Ukraine ASSAULT each other in the Russia-Ukraine conflict escalation on February 24, 2022.","0.7306","/r/worldnews Live Thread: Ukraine-Russia Tensions (February 21, 2022 | Thread V)"
"hxwo8no","sya4x3","t3_sya4x3","t1_hxwnf33","worldnews","1645492677","2022-02-22T01:17:57+00:00","[deleted]","1","[deleted]","/r/worldnews/comments/sya4x3/rworldnews_live_thread_ukrainerussia_tensions/hxwo8no/","eb197f888460","2022-02-24","ASSAULT","CONFLICT","Russia and Ukraine ASSAULT each other in the Russia-Ukraine conflict escalation on February 24, 2022.","0.7306","/r/worldnews Live Thread: Ukraine-Russia Tensions (February 21, 2022 | Thread V)"
"hxwo8ph","sya4x3","t3_sya4x3","t1_hxwo6uy","worldnews","1645492677","2022-02-22T01:17:57+00:00","YoungDeplorable","25","Ignorance","/r/worldnews/comments/sya4x3/rworldnews_live_thread_ukrainerussia_tensions/hxwo8ph/","eb197f888460","2022-02-24","ASSAULT","CONFLICT","Russia and Ukraine ASSAULT each other in the Russia-Ukraine conflict escalation on February 24, 2022.","0.7306","/r/worldnews Live Thread: Ukraine-Russia Tensions (February 21, 2022 | Thread V)"
"hxwo8wk","sya4x3","t3_sya4x3","t1_hxwnujx","worldnews","1645492680","2022-02-22T01:18:00+00:00","michilio","17","Not if every civilian is a rebel fighter

*taps head*","/r/worldnews/comments/sya4x3/rworldnews_live_thread_ukrainerussia_tensions/hxwo8wk/","eb197f888460","2022-02-24","ASSAULT","CONFLICT","Russia and Ukraine ASSAULT each other in the Russia-Ukraine conflict escalation on February 24, 2022.","0.7306","/r/worldnews Live Thread: Ukraine-Russia Tensions (February 21, 2022 | Thread V)"
"hxwo918","sya4x3","t3_sya4x3","t1_hxwnweb","worldnews","1645492681","2022-02-22T01:18:01+00:00","desslox","0","What was the cracks in the USSR wall… Afghanistan maybe. Are we living what they already lived?","/r/worldnews/comments/sya4x3/rworldnews_live_thread_ukrainerussia_tensions/hxwo918/","eb197f888460","2022-02-24","ASSAULT","CONFLICT","Russia and Ukraine ASSAULT each other in the Russia-Ukraine conflict escalation on February 24, 2022.","0.7306","/r/worldnews Live Thread: Ukraine-Russia Tensions (February 21, 2022 | Thread V)"
"hxwo91b","sya4x3","t3_sya4x3","t1_hxwo36v","worldnews","1645492681","2022-02-22T01:18:01+00:00","brdjfc","-2","bEAtiNG tHE drUMs oF WaR","/r/worldnews/comments/sya4x3/rworldnews_live_thread_ukrainerussia_tensions/hxwo91b/","eb197f888460","2022-02-24","ASSAULT","CONFLICT","Russia and Ukraine ASSAULT each other in the Russia-Ukraine conflict escalation on February 24, 2022.","0.7306","/r/worldnews Live Thread: Ukraine-Russia Tensions (February 21, 2022 | Thread V)"
"hxwo92t","sya4x3","t3_sya4x3","t1_hxwo6uy","worldnews","1645492681","2022-02-22T01:18:01+00:00","[deleted]","1","[removed]","/r/worldnews/comments/sya4x3/rworldnews_live_thread_ukrainerussia_tensions/hxwo92t/","eb197f888460","2022-02-24","ASSAULT","CONFLICT","Russia and Ukraine ASSAULT each other in the Russia-Ukraine conflict escalation on February 24, 2022.","0.7306","/r/worldnews Live Thread: Ukraine-Russia Tensions (February 21, 2022 | Thread V)"
"hxwo97l","sya4x3","t3_sya4x3","t1_hxwnm3b","worldnews","1645492683","2022-02-22T01:18:03+00:00","[deleted]","5","[deleted]","/r/worldnews/comments/sya4x3/rworldnews_live_thread_ukrainerussia_tensions/hxwo97l/","eb197f888460","2022-02-24","ASSAULT","CONFLICT","Russia and Ukraine ASSAULT each other in the Russia-Ukraine conflict escalation on February 24, 2022.","0.7306","/r/worldnews Live Thread: Ukraine-Russia Tensions (February 21, 2022 | Thread V)"
"hxwo9bt","sya4x3","t3_sya4x3","t1_hxwnlrt","worldnews","1645492685","2022-02-22T01:18:05+00:00","Handleton","72","I'm never going to financially recover from this.","/r/worldnews/comments/sya4x3/rworldnews_live_thread_ukrainerussia_tensions/hxwo9bt/","eb197f888460","2022-02-24","ASSAULT","CONFLICT","Russia and Ukraine ASSAULT each other in the Russia-Ukraine conflict escalation on February 24, 2022.","0.7306","/r/worldnews Live Thread: Ukraine-Russia Tensions (February 21, 2022 | Thread V)"
"hxwo9dm","sya4x3","t3_sya4x3","t1_hxwo35t","worldnews","1645492685","2022-02-22T01:18:05+00:00","Redtyde","286","Lol wtf. Its like being scolded by your dog.","/r/worldnews/comments/sya4x3/rworldnews_live_thread_ukrainerussia_tensions/hxwo9dm/","eb197f888460","2022-02-24","ASSAULT","CONFLICT","Russia and Ukraine ASSAULT each other in the Russia-Ukraine conflict escalation on February 24, 2022.","0.7306","/r/worldnews Live Thread: Ukraine-Russia Tensions (February 21, 2022 | Thread V)"
"hxwo9ks","sya4x3","t3_sya4x3","t1_hxwnbdo","worldnews","1645492687","2022-02-22T01:18:07+00:00","[deleted]","3","It all tracks. Jan 6th insurrectionists wanted to stage a coup were unsuccessful. Canadians in the freedom convoy wanted to change the government mandates so they did what Jan 6th rioters couldn’t do and made their protest last for more than a day. Hence the support from the right wing—the insurrectionists are heroes to them. Zoom out and now someone is wanting to force their ways on the global stage and is taking what they feel is theirs, much like the freedom convoy and Jan6th dummies wanted; change. So they hold up Putin to some sort of diety because they see him doing what they feel like they wanted to do and now are emboldened by it. 

They lauded trump for assuming the position for Putin but throw shade at Biden for keeping his pants on in Vlads presence","/r/worldnews/comments/sya4x3/rworldnews_live_thread_ukrainerussia_tensions/hxwo9ks/","eb197f888460","2022-02-24","ASSAULT","CONFLICT","Russia and Ukraine ASSAULT each other in the Russia-Ukraine conflict escalation on February 24, 2022.","0.7306","/r/worldnews Live Thread: Ukraine-Russia Tensions (February 21, 2022 | Thread V)"
"hxwo9n5","sya4x3","t3_sya4x3","t1_hxwnc22","worldnews","1645492688","2022-02-22T01:18:08+00:00","AshingiiAshuaa","1","Zelensky will announce he's going back into comedy and filming a new season of  *Servant of the People*.","/r/worldnews/comments/sya4x3/rworldnews_live_thread_ukrainerussia_tensions/hxwo9n5/","eb197f888460","2022-02-24","ASSAULT","CONFLICT","Russia and Ukraine ASSAULT each other in the Russia-Ukraine conflict escalation on February 24, 2022.","0.7306","/r/worldnews Live Thread: Ukraine-Russia Tensions (February 21, 2022 | Thread V)"
"hxwo9q4","sya4x3","t3_sya4x3","t1_hxwo7m7","worldnews","1645492689","2022-02-22T01:18:09+00:00","I-Am-Uncreative","3","Thank you!","/r/worldnews/comments/sya4x3/rworldnews_live_thread_ukrainerussia_tensions/hxwo9q4/","eb197f888460","2022-02-24","ASSAULT","CONFLICT","Russia and Ukraine ASSAULT each other in the Russia-Ukraine conflict escalation on February 24, 2022.","0.7306","/r/worldnews Live Thread: Ukraine-Russia Tensions (February 21, 2022 | Thread V)"
"hxwo9rd","sya4x3","t3_sya4x3","t1_hxwn7q9","worldnews","1645492690","2022-02-22T01:18:10+00:00","[deleted]","2","[deleted]","/r/worldnews/comments/sya4x3/rworldnews_live_thread_ukrainerussia_tensions/hxwo9rd/","eb197f888460","2022-02-24","ASSAULT","CONFLICT","Russia and Ukraine ASSAULT each other in the Russia-Ukraine conflict escalation on February 24, 2022.","0.7306","/r/worldnews Live Thread: Ukraine-Russia Tensions (February 21, 2022 | Thread V)"
"hxwo9vp","sya4x3","t3_sya4x3","t1_hxwo6uy","worldnews","1645492691","2022-02-22T01:18:11+00:00","the_serendrin","48","It’s just blind partisan hate","/r/worldnews/comments/sya4x3/rworldnews_live_thread_ukrainerussia_tensions/hxwo9vp/","eb197f888460","2022-02-24","ASSAULT","CONFLICT","Russia and Ukraine ASSAULT each other in the Russia-Ukraine conflict escalation on February 24, 2022.","0.7306","/r/worldnews Live Thread: Ukraine-Russia Tensions (February 21, 2022 | Thread V)"
"hxwoa5d","sya4x3","t3_sya4x3","t1_hxwo4cz","worldnews","1645492695","2022-02-22T01:18:15+00:00","KatanaAmerica","4","Link??","/r/worldnews/comments/sya4x3/rworldnews_live_thread_ukrainerussia_tensions/hxwoa5d/","eb197f888460","2022-02-24","ASSAULT","CONFLICT","Russia and Ukraine ASSAULT each other in the Russia-Ukraine conflict escalation on February 24, 2022.","0.7306","/r/worldnews Live Thread: Ukraine-Russia Tensions (February 21, 2022 | Thread V)"
"hxwoa8t","sya4x3","t3_sya4x3","t1_hxwo6uy","worldnews","1645492696","2022-02-22T01:18:16+00:00","[deleted]","1","[removed]","/r/worldnews/comments/sya4x3/rworldnews_live_thread_ukrainerussia_tensions/hxwoa8t/","eb197f888460","2022-02-24","ASSAULT","CONFLICT","Russia and Ukraine ASSAULT each other in the Russia-Ukraine conflict escalation on February 24, 2022.","0.7306","/r/worldnews Live Thread: Ukraine-Russia Tensions (February 21, 2022 | Thread V)"
"hxwoafn","sya4x3","t3_sya4x3","t1_hxwo8em","worldnews","1645492698","2022-02-22T01:18:18+00:00","[deleted]","1","[removed]","/r/worldnews/comments/sya4x3/rworldnews_live_thread_ukrainerussia_tensions/hxwoafn/","eb197f888460","2022-02-24","ASSAULT","CONFLICT","Russia and Ukraine ASSAULT each other in the Russia-Ukraine conflict escalation on February 24, 2022.","0.7306","/r/worldnews Live Thread: Ukraine-Russia Tensions (February 21, 2022 | Thread V)"
"hxwoape","sya4x3","t3_sya4x3","t1_hxwnbdo","worldnews","1645492701","2022-02-22T01:18:21+00:00","routerg0d","0","The left needs to burn the GOP to the ground with them supporting Russia and trying to destroy democracy. They are part of the axis of evil.","/r/worldnews/comments/sya4x3/rworldnews_live_thread_ukrainerussia_tensions/hxwoape/","eb197f888460","2022-02-24","ASSAULT","CONFLICT","Russia and Ukraine ASSAULT each other in the Russia-Ukraine conflict escalation on February 24, 2022.","0.7306","/r/worldnews Live Thread: Ukraine-Russia Tensions (February 21, 2022 | Thread V)"
"hxwoat2","sya4x3","t3_sya4x3","t1_hxwnzxp","worldnews","1645492703","2022-02-22T01:18:23+00:00","xSaRgED","4","Looks like it. Russian troops moving in and Ukrainian troops being ordered to hold fast but not engage.","/r/worldnews/comments/sya4x3/rworldnews_live_thread_ukrainerussia_tensions/hxwoat2/","eb197f888460","2022-02-24","ASSAULT","CONFLICT","Russia and Ukraine ASSAULT each other in the Russia-Ukraine conflict escalation on February 24, 2022.","0.7306","/r/worldnews Live Thread: Ukraine-Russia Tensions (February 21, 2022 | Thread V)"
"hxwobcg","sya4x3","t3_sya4x3","t1_hxwnn17","worldnews","1645492710","2022-02-22T01:18:30+00:00","Mike_Bloomberg2020","1","and LMT","/r/worldnews/comments/sya4x3/rworldnews_live_thread_ukrainerussia_tensions/hxwobcg/","eb197f888460","2022-02-24","ASSAULT","CONFLICT","Russia and Ukraine ASSAULT each other in the Russia-Ukraine conflict escalation on February 24, 2022.","0.7306","/r/worldnews Live Thread: Ukraine-Russia Tensions (February 21, 2022 | Thread V)"
"hxwobdp","sya4x3","t3_sya4x3","t1_hxwo35t","worldnews","1645492711","2022-02-22T01:18:31+00:00","Mulatto-Butts","13","Oh damn.","/r/worldnews/comments/sya4x3/rworldnews_live_thread_ukrainerussia_tensions/hxwobdp/","eb197f888460","2022-02-24","ASSAULT","CONFLICT","Russia and Ukraine ASSAULT each other in the Russia-Ukraine conflict escalation on February 24, 2022.","0.7306","/r/worldnews Live Thread: Ukraine-Russia Tensions (February 21, 2022 | Thread V)"
"hxwobjf","sya4x3","t3_sya4x3","t1_hxwo8em","worldnews","1645492713","2022-02-22T01:18:33+00:00","DontSleep1131","4","me if youre lucky ;) or unlucky..","/r/worldnews/comments/sya4x3/rworldnews_live_thread_ukrainerussia_tensions/hxwobjf/","eb197f888460","2022-02-24","ASSAULT","CONFLICT","Russia and Ukraine ASSAULT each other in the Russia-Ukraine conflict escalation on February 24, 2022.","0.7306","/r/worldnews Live Thread: Ukraine-Russia Tensions (February 21, 2022 | Thread V)"
"hxwobjg","sya4x3","t3_sya4x3","t1_hxwo6uy","worldnews","1645492713","2022-02-22T01:18:33+00:00","2057Champs__","22","It’s the same people who have and will hated Biden from the start. Or trolls. Either or","/r/worldnews/comments/sya4x3/rworldnews_live_thread_ukrainerussia_tensions/hxwobjg/","eb197f888460","2022-02-24","ASSAULT","CONFLICT","Russia and Ukraine ASSAULT each other in the Russia-Ukraine conflict escalation on February 24, 2022.","0.7306","/r/worldnews Live Thread: Ukraine-Russia Tensions (February 21, 2022 | Thread V)"
"hxwobkh","sya4x3","t3_sya4x3","t1_hxwnvv2","worldnews","1645492713","2022-02-22T01:18:33+00:00","ongimsogayfortitties","3","Not that old. He said it in December.","/r/worldnews/comments/sya4x3/rworldnews_live_thread_ukrainerussia_tensions/hxwobkh/","eb197f888460","2022-02-24","ASSAULT","CONFLICT","Russia and Ukraine ASSAULT each other in the Russia-Ukraine conflict escalation on February 24, 2022.","0.7306","/r/worldnews Live Thread: Ukraine-Russia Tensions (February 21, 2022 | Thread V)"
"hxwobl8","sya4x3","t3_sya4x3","t1_hxwo8em","worldnews","1645492713","2022-02-22T01:18:33+00:00","AstronautNo3","2","Peacekeeping","/r/worldnews/comments/sya4x3/rworldnews_live_thread_ukrainerussia_tensions/hxwobl8/","eb197f888460","2022-02-24","ASSAULT","CONFLICT","Russia and Ukraine ASSAULT each other in the Russia-Ukraine conflict escalation on February 24, 2022.","0.7306","/r/worldnews Live Thread: Ukraine-Russia Tensions (February 21, 2022 | Thread V)"
"hxwobni","sya4x3","t3_sya4x3","t3_sya4x3","worldnews","1645492714","2022-02-22T01:18:34+00:00","Borigrad","-3","so this war in Ukraine is actually happening huh. Been nice knowing you.","/r/worldnews/comments/sya4x3/rworldnews_live_thread_ukrainerussia_tensions/hxwobni/","eb197f888460","2022-02-24","ASSAULT","CONFLICT","Russia and Ukraine ASSAULT each other in the Russia-Ukraine conflict escalation on February 24, 2022.","0.7306","/r/worldnews Live Thread: Ukraine-Russia Tensions (February 21, 2022 | Thread V)"
"hxwobu7","sya4x3","t3_sya4x3","t1_hxwnrio","worldnews","1645492717","2022-02-22T01:18:37+00:00","[deleted]","1","[removed]","/r/worldnews/comments/sya4x3/rworldnews_live_thread_ukrainerussia_tensions/hxwobu7/","eb197f888460","2022-02-24","ASSAULT","CONFLICT","Russia and Ukraine ASSAULT each other in the Russia-Ukraine conflict escalation on February 24, 2022.","0.7306","/r/worldnews Live Thread: Ukraine-Russia Tensions (February 21, 2022 | Thread V)"
"hxwobvm","sya4x3","t3_sya4x3","t1_hxwo9vp","worldnews","1645492718","2022-02-22T01:18:38+00:00","i_hate_people_lol","29","Republicans are weird","/r/worldnews/comments/sya4x3/rworldnews_live_thread_ukrainerussia_tensions/hxwobvm/","eb197f888460","2022-02-24","ASSAULT","CONFLICT","Russia and Ukraine ASSAULT each other in the Russia-Ukraine conflict escalation on February 24, 2022.","0.7306","/r/worldnews Live Thread: Ukraine-Russia Tensions (February 21, 2022 | Thread V)"
"hxwobyj","sya4x3","t3_sya4x3","t1_hxwn89q","worldnews","1645492719","2022-02-22T01:18:39+00:00","HexicDragon","1","Agenda Free TV has been streaming all day every day since the crisis started boiling over.","/r/worldnews/comments/sya4x3/rworldnews_live_thread_ukrainerussia_tensions/hxwobyj/","eb197f888460","2022-02-24","ASSAULT","CONFLICT","Russia and Ukraine ASSAULT each other in the Russia-Ukraine conflict escalation on February 24, 2022.","0.7306","/r/worldnews Live Thread: Ukraine-Russia Tensions (February 21, 2022 | Thread V)"
"hxwobyz","sya4x3","t3_sya4x3","t1_hxwnujx","worldnews","1645492719","2022-02-22T01:18:39+00:00","mjc500","7","That fact will do little to nothing to prevent it from happening.","/r/worldnews/comments/sya4x3/rworldnews_live_thread_ukrainerussia_tensions/hxwobyz/","eb197f888460","2022-02-24","ASSAULT","CONFLICT","Russia and Ukraine ASSAULT each other in the Russia-Ukraine conflict escalation on February 24, 2022.","0.7306","/r/worldnews Live Thread: Ukraine-Russia Tensions (February 21, 2022 | Thread V)"
"hxwoc3k","sya4x3","t3_sya4x3","t1_hxwn66z","worldnews","1645492720","2022-02-22T01:18:40+00:00","Drulock","2","Wouldn’t matter who was in charge, Russia would just veto any resolution.","/r/worldnews/comments/sya4x3/rworldnews_live_thread_ukrainerussia_tensions/hxwoc3k/","eb197f888460","2022-02-24","ASSAULT","CONFLICT","Russia and Ukraine ASSAULT each other in the Russia-Ukraine conflict escalation on February 24, 2022.","0.7306","/r/worldnews Live Thread: Ukraine-Russia Tensions (February 21, 2022 | Thread V)"
"hxwoc43","sya4x3","t3_sya4x3","t1_hxwo8em","worldnews","1645492721","2022-02-22T01:18:41+00:00","sripey","9","Sticky sheets?","/r/worldnews/comments/sya4x3/rworldnews_live_thread_ukrainerussia_tensions/hxwoc43/","eb197f888460","2022-02-24","ASSAULT","CONFLICT","Russia and Ukraine ASSAULT each other in the Russia-Ukraine conflict escalation on February 24, 2022.","0.7306","/r/worldnews Live Thread: Ukraine-Russia Tensions (February 21, 2022 | Thread V)"
"hxwockz","sya4x3","t3_sya4x3","t1_hxwo41r","worldnews","1645492727","2022-02-22T01:18:47+00:00","danidr","31","No longer the world’s second largest military. The only chance they have to not let NATO win in an all-out war is nukes. And and that point, nobody wins.","/r/worldnews/comments/sya4x3/rworldnews_live_thread_ukrainerussia_tensions/hxwockz/","eb197f888460","2022-02-24","ASSAULT","CONFLICT","Russia and Ukraine ASSAULT each other in the Russia-Ukraine conflict escalation on February 24, 2022.","0.7306","/r/worldnews Live Thread: Ukraine-Russia Tensions (February 21, 2022 | Thread V)"
"hxwoclg","sya4x3","t3_sya4x3","t1_hxwnq34","worldnews","1645492727","2022-02-22T01:18:47+00:00","SomeGuyNamedPaul","1","The math checks out, go for it.","/r/worldnews/comments/sya4x3/rworldnews_live_thread_ukrainerussia_tensions/hxwoclg/","eb197f888460","2022-02-24","ASSAULT","CONFLICT","Russia and Ukraine ASSAULT each other in the Russia-Ukraine conflict escalation on February 24, 2022.","0.7306","/r/worldnews Live Thread: Ukraine-Russia Tensions (February 21, 2022 | Thread V)"
"hxwocot","sya4x3","t3_sya4x3","t1_hxwnnru","worldnews","1645492728","2022-02-22T01:18:48+00:00","Tribalbob","12","When your country is directly involved in a war, it becomes very simple.  When you're watching a war from outside, things get complicated.","/r/worldnews/comments/sya4x3/rworldnews_live_thread_ukrainerussia_tensions/hxwocot/","eb197f888460","2022-02-24","ASSAULT","CONFLICT","Russia and Ukraine ASSAULT each other in the Russia-Ukraine conflict escalation on February 24, 2022.","0.7306","/r/worldnews Live Thread: Ukraine-Russia Tensions (February 21, 2022 | Thread V)"
"hxwocpu","sya4x3","t3_sya4x3","t1_hxwo8em","worldnews","1645492729","2022-02-22T01:18:49+00:00","DarthSet","1","A red dawn.","/r/worldnews/comments/sya4x3/rworldnews_live_thread_ukrainerussia_tensions/hxwocpu/","eb197f888460","2022-02-24","ASSAULT","CONFLICT","Russia and Ukraine ASSAULT each other in the Russia-Ukraine conflict escalation on February 24, 2022.","0.7306","/r/worldnews Live Thread: Ukraine-Russia Tensions (February 21, 2022 | Thread V)"
"hxwocpx","sya4x3","t3_sya4x3","t1_hxwnow6","worldnews","1645492729","2022-02-22T01:18:49+00:00","Purple_Monkee_","2","More like pot noodles","/r/worldnews/comments/sya4x3/rworldnews_live_thread_ukrainerussia_tensions/hxwocpx/","eb197f888460","2022-02-24","ASSAULT","CONFLICT","Russia and Ukraine ASSAULT each other in the Russia-Ukraine conflict escalation on February 24, 2022.","0.7306","/r/worldnews Live Thread: Ukraine-Russia Tensions (February 21, 2022 | Thread V)"
"hxwocte","sya4x3","t3_sya4x3","t1_hxwo8no","worldnews","1645492730","2022-02-22T01:18:50+00:00","BlatantConservative","5","Bunch of people posting blatantly evil/bad takes who just enjoy the reaction of 30-40 users jumping on them in a minute.","/r/worldnews/comments/sya4x3/rworldnews_live_thread_ukrainerussia_tensions/hxwocte/","eb197f888460","2022-02-24","ASSAULT","CONFLICT","Russia and Ukraine ASSAULT each other in the Russia-Ukraine conflict escalation on February 24, 2022.","0.7306","/r/worldnews Live Thread: Ukraine-Russia Tensions (February 21, 2022 | Thread V)"
"hxwoctp","sya4x3","t3_sya4x3","t1_hxwnynt","worldnews","1645492730","2022-02-22T01:18:50+00:00","Starskins","3","Amen!","/r/worldnews/comments/sya4x3/rworldnews_live_thread_ukrainerussia_tensions/hxwoctp/","eb197f888460","2022-02-24","ASSAULT","CONFLICT","Russia and Ukraine ASSAULT each other in the Russia-Ukraine conflict escalation on February 24, 2022.","0.7306","/r/worldnews Live Thread: Ukraine-Russia Tensions (February 21, 2022 | Thread V)"
"hxwocv9","sya4x3","t3_sya4x3","t1_hxwnvt9","worldnews","1645492730","2022-02-22T01:18:50+00:00","cdw2468","17","personally i think it’s all an act. i think a part of the plan is to play up the craziness to induce panic","/r/worldnews/comments/sya4x3/rworldnews_live_thread_ukrainerussia_tensions/hxwocv9/","eb197f888460","2022-02-24","ASSAULT","CONFLICT","Russia and Ukraine ASSAULT each other in the Russia-Ukraine conflict escalation on February 24, 2022.","0.7306","/r/worldnews Live Thread: Ukraine-Russia Tensions (February 21, 2022 | Thread V)"
"hxwocws","sya4x3","t3_sya4x3","t1_hxwn66z","worldnews","1645492731","2022-02-22T01:18:51+00:00","[deleted]","1","[removed]","/r/worldnews/comments/sya4x3/rworldnews_live_thread_ukrainerussia_tensions/hxwocws/","eb197f888460","2022-02-24","ASSAULT","CONFLICT","Russia and Ukraine ASSAULT each other in the Russia-Ukraine conflict escalation on February 24, 2022.","0.7306","/r/worldnews Live Thread: Ukraine-Russia Tensions (February 21, 2022 | Thread V)"
"hxwocy0","sya4x3","t3_sya4x3","t1_hxwo6j2","worldnews","1645492731","2022-02-22T01:18:51+00:00","Wanderer-Wonderer","3","Whoa! No need or go all apocalypse!","/r/worldnews/comments/sya4x3/rworldnews_live_thread_ukrainerussia_tensions/hxwocy0/","eb197f888460","2022-02-24","ASSAULT","CONFLICT","Russia and Ukraine ASSAULT each other in the Russia-Ukraine conflict escalation on February 24, 2022.","0.7306","/r/worldnews Live Thread: Ukraine-Russia Tensions (February 21, 2022 | Thread V)"
"hxwod1c","sya4x3","t3_sya4x3","t1_hxwo7qh","worldnews","1645492732","2022-02-22T01:18:52+00:00","[deleted]","0","[deleted]","/r/worldnews/comments/sya4x3/rworldnews_live_thread_ukrainerussia_tensions/hxwod1c/","eb197f888460","2022-02-24","ASSAULT","CONFLICT","Russia and Ukraine ASSAULT each other in the Russia-Ukraine conflict escalation on February 24, 2022.","0.7306","/r/worldnews Live Thread: Ukraine-Russia Tensions (February 21, 2022 | Thread V)"
"hxwodc5","sya4x3","t3_sya4x3","t1_hxwnqy0","worldnews","1645492736","2022-02-22T01:18:56+00:00","[deleted]","6","[deleted]","/r/worldnews/comments/sya4x3/rworldnews_live_thread_ukrainerussia_tensions/hxwodc5/","eb197f888460","2022-02-24","ASSAULT","CONFLICT","Russia and Ukraine ASSAULT each other in the Russia-Ukraine conflict escalation on February 24, 2022.","0.7306","/r/worldnews Live Thread: Ukraine-Russia Tensions (February 21, 2022 | Thread V)"
"hxwodjl","sya4x3","t3_sya4x3","t1_hxwo8em","worldnews","1645492739","2022-02-22T01:18:59+00:00","SpiritTalker","1","A Brave New World","/r/worldnews/comments/sya4x3/rworldnews_live_thread_ukrainerussia_tensions/hxwodjl/","eb197f888460","2022-02-24","ASSAULT","CONFLICT","Russia and Ukraine ASSAULT each other in the Russia-Ukraine conflict escalation on February 24, 2022.","0.7306","/r/worldnews Live Thread: Ukraine-Russia Tensions (February 21, 2022 | Thread V)"
"hxwodou","sya4x3","t3_sya4x3","t1_hxwo8em","worldnews","1645492741","2022-02-22T01:19:01+00:00","[deleted]","6","[deleted]","/r/worldnews/comments/sya4x3/rworldnews_live_thread_ukrainerussia_tensions/hxwodou/","eb197f888460","2022-02-24","ASSAULT","CONFLICT","Russia and Ukraine ASSAULT each other in the Russia-Ukraine conflict escalation on February 24, 2022.","0.7306","/r/worldnews Live Thread: Ukraine-Russia Tensions (February 21, 2022 | Thread V)"
"hxwodsl","sya4x3","t3_sya4x3","t1_hxwn38b","worldnews","1645492742","2022-02-22T01:19:02+00:00","Post-Reported","1","_","/r/worldnews/comments/sya4x3/rworldnews_live_thread_ukrainerussia_tensions/hxwodsl/","eb197f888460","2022-02-24","ASSAULT","CONFLICT","Russia and Ukraine ASSAULT each other in the Russia-Ukraine conflict escalation on February 24, 2022.","0.7306","/r/worldnews Live Thread: Ukraine-Russia Tensions (February 21, 2022 | Thread V)"
"hxwodyn","sya4x3","t3_sya4x3","t3_sya4x3","worldnews","1645492744","2022-02-22T01:19:04+00:00","filmfan10","1","I don't think these sanctions are going to work tho","/r/worldnews/comments/sya4x3/rworldnews_live_thread_ukrainerussia_tensions/hxwodyn/","eb197f888460","2022-02-24","ASSAULT","CONFLICT","Russia and Ukraine ASSAULT each other in the Russia-Ukraine conflict escalation on February 24, 2022.","0.7306","/r/worldnews Live Thread: Ukraine-Russia Tensions (February 21, 2022 | Thread V)"
"hxwodzr","sya4x3","t3_sya4x3","t1_hxwo6uy","worldnews","1645492744","2022-02-22T01:19:04+00:00","[deleted]","0","[deleted]","/r/worldnews/comments/sya4x3/rworldnews_live_thread_ukrainerussia_tensions/hxwodzr/","eb197f888460","2022-02-24","ASSAULT","CONFLICT","Russia and Ukraine ASSAULT each other in the Russia-Ukraine conflict escalation on February 24, 2022.","0.7306","/r/worldnews Live Thread: Ukraine-Russia Tensions (February 21, 2022 | Thread V)"
"hxwoe35","sya4x3","t3_sya4x3","t1_hxwo8em","worldnews","1645492746","2022-02-22T01:19:06+00:00","LKincheloe","3","I predict it'll be thread number... Nine!","/r/worldnews/comments/sya4x3/rworldnews_live_thread_ukrainerussia_tensions/hxwoe35/","eb197f888460","2022-02-24","ASSAULT","CONFLICT","Russia and Ukraine ASSAULT each other in the Russia-Ukraine conflict escalation on February 24, 2022.","0.7306","/r/worldnews Live Thread: Ukraine-Russia Tensions (February 21, 2022 | Thread V)"
"hxwoe46","sya4x3","t3_sya4x3","t3_sya4x3","worldnews","1645492746","2022-02-22T01:19:06+00:00","[deleted]","1","[removed]","/r/worldnews/comments/sya4x3/rworldnews_live_thread_ukrainerussia_tensions/hxwoe46/","eb197f888460","2022-02-24","ASSAULT","CONFLICT","Russia and Ukraine ASSAULT each other in the Russia-Ukraine conflict escalation on February 24, 2022.","0.7306","/r/worldnews Live Thread: Ukraine-Russia Tensions (February 21, 2022 | Thread V)"
"hxwoean","sya4x3","t3_sya4x3","t1_hxwo6uy","worldnews","1645492748","2022-02-22T01:19:08+00:00","[deleted]","26","Combination of bad faith posting and being idiots.  So the usual.","/r/worldnews/comments/sya4x3/rworldnews_live_thread_ukrainerussia_tensions/hxwoean/","eb197f888460","2022-02-24","ASSAULT","CONFLICT","Russia and Ukraine ASSAULT each other in the Russia-Ukraine conflict escalation on February 24, 2022.","0.7306","/r/worldnews Live Thread: Ukraine-Russia Tensions (February 21, 2022 | Thread V)"
"hxwoebd","sya4x3","t3_sya4x3","t1_hxwnzxp","worldnews","1645492748","2022-02-22T01:19:08+00:00","blong217","2","Yeah, Putin ordered Russian troops into Ukrainian separatist area's aka Ukraine.","/r/worldnews/comments/sya4x3/rworldnews_live_thread_ukrainerussia_tensions/hxwoebd/","eb197f888460","2022-02-24","ASSAULT","CONFLICT","Russia and Ukraine ASSAULT each other in the Russia-Ukraine conflict escalation on February 24, 2022.","0.7306","/r/worldnews Live Thread: Ukraine-Russia Tensions (February 21, 2022 | Thread V)"
"hxwoeeb","sya4x3","t3_sya4x3","t1_hxwnoqa","worldnews","1645492750","2022-02-22T01:19:10+00:00","voxes","1","Many modern invasions start around that time.","/r/worldnews/comments/sya4x3/rworldnews_live_thread_ukrainerussia_tensions/hxwoeeb/","eb197f888460","2022-02-24","ASSAULT","CONFLICT","Russia and Ukraine ASSAULT each other in the Russia-Ukraine conflict escalation on February 24, 2022.","0.7306","/r/worldnews Live Thread: Ukraine-Russia Tensions (February 21, 2022 | Thread V)"
"hxwoeg5","sya4x3","t3_sya4x3","t1_hxwnujx","worldnews","1645492750","2022-02-22T01:19:10+00:00","flecktarnbrother","15","They don't give a shit.","/r/worldnews/comments/sya4x3/rworldnews_live_thread_ukrainerussia_tensions/hxwoeg5/","eb197f888460","2022-02-24","ASSAULT","CONFLICT","Russia and Ukraine ASSAULT each other in the Russia-Ukraine conflict escalation on February 24, 2022.","0.7306","/r/worldnews Live Thread: Ukraine-Russia Tensions (February 21, 2022 | Thread V)"
"hxwoekd","sya4x3","t3_sya4x3","t1_hxwnzxp","worldnews","1645492752","2022-02-22T01:19:12+00:00","Flyingcookies","3","Hopefully not; but Putin had a rambling speech in which he said

 Ukraine not a real nation and historic russian, bad decisions by past leaders, just a USA puppet now, corrupt and controlled by oligarchs and sells out to west, they know names and will ""punish them"", nato a threat to russia and broke promises and russiophobic states like poland lead its policy towards russia, Ukraine is a threat because it has technology to develop nuclear weapons and they can't exclude that this will be supported by the west. Recognition of Donesk and Luhansk.

And then send peacekeepers into the newly recognised repuiblics. So its looks really bad, but there is still a small chance he wont invade ukraine proper(small because of of the deployed troops and news)","/r/worldnews/comments/sya4x3/rworldnews_live_thread_ukrainerussia_tensions/hxwoekd/","eb197f888460","2022-02-24","ASSAULT","CONFLICT","Russia and Ukraine ASSAULT each other in the Russia-Ukraine conflict escalation on February 24, 2022.","0.7306","/r/worldnews Live Thread: Ukraine-Russia Tensions (February 21, 2022 | Thread V)"
"hxwoeq2","sya4x3","t3_sya4x3","t1_hxwo35t","worldnews","1645492754","2022-02-22T01:19:14+00:00","404merrinessnotfound","15","Is there more Russian money for credit Suisse to filter?","/r/worldnews/comments/sya4x3/rworldnews_live_thread_ukrainerussia_tensions/hxwoeq2/","eb197f888460","2022-02-24","ASSAULT","CONFLICT","Russia and Ukraine ASSAULT each other in the Russia-Ukraine conflict escalation on February 24, 2022.","0.7306","/r/worldnews Live Thread: Ukraine-Russia Tensions (February 21, 2022 | Thread V)"
"hxwoeul","sya4x3","t3_sya4x3","t1_hxwobjf","worldnews","1645492755","2022-02-22T01:19:15+00:00","euclid0472","6","Relevant username?","/r/worldnews/comments/sya4x3/rworldnews_live_thread_ukrainerussia_tensions/hxwoeul/","eb197f888460","2022-02-24","ASSAULT","CONFLICT","Russia and Ukraine ASSAULT each other in the Russia-Ukraine conflict escalation on February 24, 2022.","0.7306","/r/worldnews Live Thread: Ukraine-Russia Tensions (February 21, 2022 | Thread V)"
"hxwoevx","sya4x3","t3_sya4x3","t1_hxwnrio","worldnews","1645492756","2022-02-22T01:19:16+00:00","JoeRetardExperience","2","A police horse knocked over some boomers, invade Canada!","/r/worldnews/comments/sya4x3/rworldnews_live_thread_ukrainerussia_tensions/hxwoevx/","eb197f888460","2022-02-24","ASSAULT","CONFLICT","Russia and Ukraine ASSAULT each other in the Russia-Ukraine conflict escalation on February 24, 2022.","0.7306","/r/worldnews Live Thread: Ukraine-Russia Tensions (February 21, 2022 | Thread V)"
"hxwof00","sya4x3","t3_sya4x3","t1_hxwo6uy","worldnews","1645492757","2022-02-22T01:19:17+00:00","the-ahh-guy","-2","the same reason people say it's trumps falt partisan hatred","/r/worldnews/comments/sya4x3/rworldnews_live_thread_ukrainerussia_tensions/hxwof00/","eb197f888460","2022-02-24","ASSAULT","CONFLICT","Russia and Ukraine ASSAULT each other in the Russia-Ukraine conflict escalation on February 24, 2022.","0.7306","/r/worldnews Live Thread: Ukraine-Russia Tensions (February 21, 2022 | Thread V)"
"hxwof13","sya4x3","t3_sya4x3","t1_hxwobjf","worldnews","1645492758","2022-02-22T01:19:18+00:00","[deleted]","1","[removed]","/r/worldnews/comments/sya4x3/rworldnews_live_thread_ukrainerussia_tensions/hxwof13/","eb197f888460","2022-02-24","ASSAULT","CONFLICT","Russia and Ukraine ASSAULT each other in the Russia-Ukraine conflict escalation on February 24, 2022.","0.7306","/r/worldnews Live Thread: Ukraine-Russia Tensions (February 21, 2022 | Thread V)"
"hxwof26","sya4x3","t3_sya4x3","t1_hxwnthe","worldnews","1645492758","2022-02-22T01:19:18+00:00","[deleted]","19","[deleted]","/r/worldnews/comments/sya4x3/rworldnews_live_thread_ukrainerussia_tensions/hxwof26/","eb197f888460","2022-02-24","ASSAULT","CONFLICT","Russia and Ukraine ASSAULT each other in the Russia-Ukraine conflict escalation on February 24, 2022.","0.7306","/r/worldnews Live Thread: Ukraine-Russia Tensions (February 21, 2022 | Thread V)"
"hxwof3p","sya4x3","t3_sya4x3","t1_hxwo8em","worldnews","1645492759","2022-02-22T01:19:19+00:00","toko75","0","The fall of kyiv","/r/worldnews/comments/sya4x3/rworldnews_live_thread_ukrainerussia_tensions/hxwof3p/","eb197f888460","2022-02-24","ASSAULT","CONFLICT","Russia and Ukraine ASSAULT each other in the Russia-Ukraine conflict escalation on February 24, 2022.","0.7306","/r/worldnews Live Thread: Ukraine-Russia Tensions (February 21, 2022 | Thread V)"
"hxwof6t","sya4x3","t3_sya4x3","t1_hxwo4cz","worldnews","1645492760","2022-02-22T01:19:20+00:00","[deleted]","3","Really?","/r/worldnews/comments/sya4x3/rworldnews_live_thread_ukrainerussia_tensions/hxwof6t/","eb197f888460","2022-02-24","ASSAULT","CONFLICT","Russia and Ukraine ASSAULT each other in the Russia-Ukraine conflict escalation on February 24, 2022.","0.7306","/r/worldnews Live Thread: Ukraine-Russia Tensions (February 21, 2022 | Thread V)"
"hxwof8g","sya4x3","t3_sya4x3","t1_hxwo8em","worldnews","1645492760","2022-02-22T01:19:20+00:00","ShockTrauma-","3","Probably what is discussed at the UNSC meeting @ 9 PM EST, otherwise the nights are quiet.","/r/worldnews/comments/sya4x3/rworldnews_live_thread_ukrainerussia_tensions/hxwof8g/","eb197f888460","2022-02-24","ASSAULT","CONFLICT","Russia and Ukraine ASSAULT each other in the Russia-Ukraine conflict escalation on February 24, 2022.","0.7306","/r/worldnews Live Thread: Ukraine-Russia Tensions (February 21, 2022 | Thread V)"
"hxwof9l","sya4x3","t3_sya4x3","t1_hxwnf4o","worldnews","1645492761","2022-02-22T01:19:21+00:00","Stryker2003","1","You'd be asking for nuclear annihilation at that point.","/r/worldnews/comments/sya4x3/rworldnews_live_thread_ukrainerussia_tensions/hxwof9l/","eb197f888460","2022-02-24","ASSAULT","CONFLICT","Russia and Ukraine ASSAULT each other in the Russia-Ukraine conflict escalation on February 24, 2022.","0.7306","/r/worldnews Live Thread: Ukraine-Russia Tensions (February 21, 2022 | Thread V)"
"hxwofa8","sya4x3","t3_sya4x3","t3_sya4x3","worldnews","1645492761","2022-02-22T01:19:21+00:00","thiccratass","10","Who else a little scared","/r/worldnews/comments/sya4x3/rworldnews_live_thread_ukrainerussia_tensions/hxwofa8/","eb197f888460","2022-02-24","ASSAULT","CONFLICT","Russia and Ukraine ASSAULT each other in the Russia-Ukraine conflict escalation on February 24, 2022.","0.7306","/r/worldnews Live Thread: Ukraine-Russia Tensions (February 21, 2022 | Thread V)"
"hxwofj9","sya4x3","t3_sya4x3","t1_hxwo6uy","worldnews","1645492764","2022-02-22T01:19:24+00:00","[deleted]","6","Some dumb asses are going so far off the deep end that they believe that Hunter Biden is the reason Russia was able to get this far.","/r/worldnews/comments/sya4x3/rworldnews_live_thread_ukrainerussia_tensions/hxwofj9/","eb197f888460","2022-02-24","ASSAULT","CONFLICT","Russia and Ukraine ASSAULT each other in the Russia-Ukraine conflict escalation on February 24, 2022.","0.7306","/r/worldnews Live Thread: Ukraine-Russia Tensions (February 21, 2022 | Thread V)"
"hxwofkh","sya4x3","t3_sya4x3","t1_hxwo35t","worldnews","1645492765","2022-02-22T01:19:25+00:00","theredditoro","0","Oh wow","/r/worldnews/comments/sya4x3/rworldnews_live_thread_ukrainerussia_tensions/hxwofkh/","eb197f888460","2022-02-24","ASSAULT","CONFLICT","Russia and Ukraine ASSAULT each other in the Russia-Ukraine conflict escalation on February 24, 2022.","0.7306","/r/worldnews Live Thread: Ukraine-Russia Tensions (February 21, 2022 | Thread V)"
"hxwofl2","sya4x3","t3_sya4x3","t1_hxwnsml","worldnews","1645492765","2022-02-22T01:19:25+00:00","[deleted]","47","[removed]","/r/worldnews/comments/sya4x3/rworldnews_live_thread_ukrainerussia_tensions/hxwofl2/","eb197f888460","2022-02-24","ASSAULT","CONFLICT","Russia and Ukraine ASSAULT each other in the Russia-Ukraine conflict escalation on February 24, 2022.","0.7306","/r/worldnews Live Thread: Ukraine-Russia Tensions (February 21, 2022 | Thread V)"
"hxwofsy","sya4x3","t3_sya4x3","t3_sya4x3","worldnews","1645492768","2022-02-22T01:19:28+00:00","are-e-el","13","Russia after they invade: “I’m never going to financially recover from this thing”","/r/worldnews/comments/sya4x3/rworldnews_live_thread_ukrainerussia_tensions/hxwofsy/","eb197f888460","2022-02-24","ASSAULT","CONFLICT","Russia and Ukraine ASSAULT each other in the Russia-Ukraine conflict escalation on February 24, 2022.","0.7306","/r/worldnews Live Thread: Ukraine-Russia Tensions (February 21, 2022 | Thread V)"
"hxwoftq","sya4x3","t3_sya4x3","t1_hxwo6uy","worldnews","1645492768","2022-02-22T01:19:28+00:00","[deleted]","14","Remember how hard republicans got over Benghazi?","/r/worldnews/comments/sya4x3/rworldnews_live_thread_ukrainerussia_tensions/hxwoftq/","eb197f888460","2022-02-24","ASSAULT","CONFLICT","Russia and Ukraine ASSAULT each other in the Russia-Ukraine conflict escalation on February 24, 2022.","0.7306","/r/worldnews Live Thread: Ukraine-Russia Tensions (February 21, 2022 | Thread V)"
"hxwofw3","sya4x3","t3_sya4x3","t1_hxwo5jk","worldnews","1645492769","2022-02-22T01:19:29+00:00","Lordoffunk","2","It’s important for these talks to be publicly recorded. The motions are a necessary part of the process.","/r/worldnews/comments/sya4x3/rworldnews_live_thread_ukrainerussia_tensions/hxwofw3/","eb197f888460","2022-02-24","ASSAULT","CONFLICT","Russia and Ukraine ASSAULT each other in the Russia-Ukraine conflict escalation on February 24, 2022.","0.7306","/r/worldnews Live Thread: Ukraine-Russia Tensions (February 21, 2022 | Thread V)"
"hxwogdc","sya4x3","t3_sya4x3","t1_hxwn66z","worldnews","1645492775","2022-02-22T01:19:35+00:00","SuspiciousStable9649","1","That sounds planned.","/r/worldnews/comments/sya4x3/rworldnews_live_thread_ukrainerussia_tensions/hxwogdc/","eb197f888460","2022-02-24","ASSAULT","CONFLICT","Russia and Ukraine ASSAULT each other in the Russia-Ukraine conflict escalation on February 24, 2022.","0.7306","/r/worldnews Live Thread: Ukraine-Russia Tensions (February 21, 2022 | Thread V)"
"hxwogiq","sya4x3","t3_sya4x3","t3_sya4x3","worldnews","1645492777","2022-02-22T01:19:37+00:00","un_relenting","30","Fuck you Putin, fuck you for making the lives of these innocent people worse.

I hope you get the Mussolini treatment.","/r/worldnews/comments/sya4x3/rworldnews_live_thread_ukrainerussia_tensions/hxwogiq/","eb197f888460","2022-02-24","ASSAULT","CONFLICT","Russia and Ukraine ASSAULT each other in the Russia-Ukraine conflict escalation on February 24, 2022.","0.7306","/r/worldnews Live Thread: Ukraine-Russia Tensions (February 21, 2022 | Thread V)"
"hxwoglk","sya4x3","t3_sya4x3","t1_hxwnvt9","worldnews","1645492778","2022-02-22T01:19:38+00:00","Crapulous_Jargogle","12","Russian intelligence flipped Alex Jones by stroking his ego with stories of Putin listening to Info Wars, everyday. At the time, figured that was just a manipulative lie...but maybe Putin is a conspiracy dum dum. That is so much more dangerous.","/r/worldnews/comments/sya4x3/rworldnews_live_thread_ukrainerussia_tensions/hxwoglk/","eb197f888460","2022-02-24","ASSAULT","CONFLICT","Russia and Ukraine ASSAULT each other in the Russia-Ukraine conflict escalation on February 24, 2022.","0.7306","/r/worldnews Live Thread: Ukraine-Russia Tensions (February 21, 2022 | Thread V)"
"hxwogql","sya4x3","t3_sya4x3","t1_hxwnnru","worldnews","1645492780","2022-02-22T01:19:40+00:00","SGT_Squirrelly","8","Sometimes, you have to root for people to die. 

Half a million Nazis were killed in Stalingrad. Many of those were conscripts, people who wanted nothing to do with the war. If they hadn't been killed, WW2 would have dragged on much further, killing millions more.","/r/worldnews/comments/sya4x3/rworldnews_live_thread_ukrainerussia_tensions/hxwogql/","eb197f888460","2022-02-24","ASSAULT","CONFLICT","Russia and Ukraine ASSAULT each other in the Russia-Ukraine conflict escalation on February 24, 2022.","0.7306","/r/worldnews Live Thread: Ukraine-Russia Tensions (February 21, 2022 | Thread V)"
"hxwogwd","sya4x3","t3_sya4x3","t1_hxwnujx","worldnews","1645492782","2022-02-22T01:19:42+00:00","robotical712","2","And what are you going to do about it?","/r/worldnews/comments/sya4x3/rworldnews_live_thread_ukrainerussia_tensions/hxwogwd/","eb197f888460","2022-02-24","ASSAULT","CONFLICT","Russia and Ukraine ASSAULT each other in the Russia-Ukraine conflict escalation on February 24, 2022.","0.7306","/r/worldnews Live Thread: Ukraine-Russia Tensions (February 21, 2022 | Thread V)"
"hxwoh3y","sya4x3","t3_sya4x3","t3_sya4x3","worldnews","1645492785","2022-02-22T01:19:45+00:00","CaptainRicOlie","51","Putin is crazy and evil. He really is. WTF is his endgame? He’s fucking alone in this one. I predict huge economic sanctions. The Russian economy will suffer. The russian people will suffer too.","/r/worldnews/comments/sya4x3/rworldnews_live_thread_ukrainerussia_tensions/hxwoh3y/","eb197f888460","2022-02-24","ASSAULT","CONFLICT","Russia and Ukraine ASSAULT each other in the Russia-Ukraine conflict escalation on February 24, 2022.","0.7306","/r/worldnews Live Thread: Ukraine-Russia Tensions (February 21, 2022 | Thread V)"
"hxwoh71","sya4x3","t3_sya4x3","t3_sya4x3","worldnews","1645492786","2022-02-22T01:19:46+00:00","[deleted]","-1","[deleted]","/r/worldnews/comments/sya4x3/rworldnews_live_thread_ukrainerussia_tensions/hxwoh71/","eb197f888460","2022-02-24","ASSAULT","CONFLICT","Russia and Ukraine ASSAULT each other in the Russia-Ukraine conflict escalation on February 24, 2022.","0.7306","/r/worldnews Live Thread: Ukraine-Russia Tensions (February 21, 2022 | Thread V)"
"hxwohu9","sya4x3","t3_sya4x3","t3_sya4x3","worldnews","1645492794","2022-02-22T01:19:54+00:00","[deleted]","1","[deleted]","/r/worldnews/comments/sya4x3/rworldnews_live_thread_ukrainerussia_tensions/hxwohu9/","eb197f888460","2022-02-24","ASSAULT","CONFLICT","Russia and Ukraine ASSAULT each other in the Russia-Ukraine conflict escalation on February 24, 2022.","0.7306","/r/worldnews Live Thread: Ukraine-Russia Tensions (February 21, 2022 | Thread V)"
"hxwohuv","sya4x3","t3_sya4x3","t1_hxwo6in","worldnews","1645492794","2022-02-22T01:19:54+00:00","special_cases","3","From soldiers I know, read this guy, the fire was going for some time https://www.facebook.com/myroslavhai","/r/worldnews/comments/sya4x3/rworldnews_live_thread_ukrainerussia_tensions/hxwohuv/","eb197f888460","2022-02-24","ASSAULT","CONFLICT","Russia and Ukraine ASSAULT each other in the Russia-Ukraine conflict escalation on February 24, 2022.","0.7306","/r/worldnews Live Thread: Ukraine-Russia Tensions (February 21, 2022 | Thread V)"
"hxwohvl","sya4x3","t3_sya4x3","t1_hxwobjf","worldnews","1645492794","2022-02-22T01:19:54+00:00","[deleted]","1","[removed]","/r/worldnews/comments/sya4x3/rworldnews_live_thread_ukrainerussia_tensions/hxwohvl/","eb197f888460","2022-02-24","ASSAULT","CONFLICT","Russia and Ukraine ASSAULT each other in the Russia-Ukraine conflict escalation on February 24, 2022.","0.7306","/r/worldnews Live Thread: Ukraine-Russia Tensions (February 21, 2022 | Thread V)"
"hxwoi25","sya4x3","t3_sya4x3","t1_hxwo52m","worldnews","1645492797","2022-02-22T01:19:57+00:00","the-ahh-guy","6","because Putin didn't want to step on Xi's toes","/r/worldnews/comments/sya4x3/rworldnews_live_thread_ukrainerussia_tensions/hxwoi25/","eb197f888460","2022-02-24","ASSAULT","CONFLICT","Russia and Ukraine ASSAULT each other in the Russia-Ukraine conflict escalation on February 24, 2022.","0.7306","/r/worldnews Live Thread: Ukraine-Russia Tensions (February 21, 2022 | Thread V)"
"hxwoi2l","sya4x3","t3_sya4x3","t1_hxwo1eb","worldnews","1645492797","2022-02-22T01:19:57+00:00","[deleted]","3","While this is getting steam on Twitter, it is so far unconfirmed. Margo is the only one reporting this as of yet, everyone else's source is her.","/r/worldnews/comments/sya4x3/rworldnews_live_thread_ukrainerussia_tensions/hxwoi2l/","eb197f888460","2022-02-24","ASSAULT","CONFLICT","Russia and Ukraine ASSAULT each other in the Russia-Ukraine conflict escalation on February 24, 2022.","0.7306","/r/worldnews Live Thread: Ukraine-Russia Tensions (February 21, 2022 | Thread V)"
"hxwoi33","sya4x3","t3_sya4x3","t1_hxwnfp7","worldnews","1645492797","2022-02-22T01:19:57+00:00","flecktarnbrother","1","Vodafone and KyivStar had already experienced outages in the days leading up to this.","/r/worldnews/comments/sya4x3/rworldnews_live_thread_ukrainerussia_tensions/hxwoi33/","eb197f888460","2022-02-24","ASSAULT","CONFLICT","Russia and Ukraine ASSAULT each other in the Russia-Ukraine conflict escalation on February 24, 2022.","0.7306","/r/worldnews Live Thread: Ukraine-Russia Tensions (February 21, 2022 | Thread V)"
"hxwoi7w","sya4x3","t3_sya4x3","t1_hxwnzfx","worldnews","1645492799","2022-02-22T01:19:59+00:00","Diegobyte","1","What’s weird about it?","/r/worldnews/comments/sya4x3/rworldnews_live_thread_ukrainerussia_tensions/hxwoi7w/","eb197f888460","2022-02-24","ASSAULT","CONFLICT","Russia and Ukraine ASSAULT each other in the Russia-Ukraine conflict escalation on February 24, 2022.","0.7306","/r/worldnews Live Thread: Ukraine-Russia Tensions (February 21, 2022 | Thread V)"
"hxwoi9z","sya4x3","t3_sya4x3","t1_hxwofa8","worldnews","1645492800","2022-02-22T01:20:00+00:00","Celoth","13","I'm incredibly anxious.  Not scared, but anxious.","/r/worldnews/comments/sya4x3/rworldnews_live_thread_ukrainerussia_tensions/hxwoi9z/","eb197f888460","2022-02-24","ASSAULT","CONFLICT","Russia and Ukraine ASSAULT each other in the Russia-Ukraine conflict escalation on February 24, 2022.","0.7306","/r/worldnews Live Thread: Ukraine-Russia Tensions (February 21, 2022 | Thread V)"
"hxwoipv","sya4x3","t3_sya4x3","t1_hxwofa8","worldnews","1645492805","2022-02-22T01:20:05+00:00","Pomonica","20","As an American, I’m not scared for myself but scared for Ukraine, and to some extent my European brethren.","/r/worldnews/comments/sya4x3/rworldnews_live_thread_ukrainerussia_tensions/hxwoipv/","eb197f888460","2022-02-24","ASSAULT","CONFLICT","Russia and Ukraine ASSAULT each other in the Russia-Ukraine conflict escalation on February 24, 2022.","0.7306","/r/worldnews Live Thread: Ukraine-Russia Tensions (February 21, 2022 | Thread V)"
"hxwoiqp","sya4x3","t3_sya4x3","t1_hxwnsml","worldnews","1645492805","2022-02-22T01:20:05+00:00","[deleted]","12","[removed]","/r/worldnews/comments/sya4x3/rworldnews_live_thread_ukrainerussia_tensions/hxwoiqp/","eb197f888460","2022-02-24","ASSAULT","CONFLICT","Russia and Ukraine ASSAULT each other in the Russia-Ukraine conflict escalation on February 24, 2022.","0.7306","/r/worldnews Live Thread: Ukraine-Russia Tensions (February 21, 2022 | Thread V)"
"hxwoizr","sya4x3","t3_sya4x3","t3_sya4x3","worldnews","1645492808","2022-02-22T01:20:08+00:00","notlikeclockwork","-13","There will be no full scale invasion. It will hurt russia too much.","/r/worldnews/comments/sya4x3/rworldnews_live_thread_ukrainerussia_tensions/hxwoizr/","eb197f888460","2022-02-24","ASSAULT","CONFLICT","Russia and Ukraine ASSAULT each other in the Russia-Ukraine conflict escalation on February 24, 2022.","0.7306","/r/worldnews Live Thread: Ukraine-Russia Tensions (February 21, 2022 | Thread V)"
"hxwoj62","sya4x3","t3_sya4x3","t1_hxwocte","worldnews","1645492810","2022-02-22T01:20:10+00:00","[deleted]","1","[deleted]","/r/worldnews/comments/sya4x3/rworldnews_live_thread_ukrainerussia_tensions/hxwoj62/","eb197f888460","2022-02-24","ASSAULT","CONFLICT","Russia and Ukraine ASSAULT each other in the Russia-Ukraine conflict escalation on February 24, 2022.","0.7306","/r/worldnews Live Thread: Ukraine-Russia Tensions (February 21, 2022 | Thread V)"
"hxwoj6c","sya4x3","t3_sya4x3","t3_sya4x3","worldnews","1645492811","2022-02-22T01:20:11+00:00","DisastrousSundae","2","Russia buggin'","/r/worldnews/comments/sya4x3/rworldnews_live_thread_ukrainerussia_tensions/hxwoj6c/","eb197f888460","2022-02-24","ASSAULT","CONFLICT","Russia and Ukraine ASSAULT each other in the Russia-Ukraine conflict escalation on February 24, 2022.","0.7306","/r/worldnews Live Thread: Ukraine-Russia Tensions (February 21, 2022 | Thread V)"
"hxwoj99","sya4x3","t3_sya4x3","t3_sya4x3","worldnews","1645492811","2022-02-22T01:20:11+00:00","Cinematry","151","Live Webcams (cams, feeds, mirrors, cctv, streams):

[Severodonetsk, Luhansk](https://www.youtube.com/watch?v=kzQdh7Sd7ZM)

[Mariupol, Donetsk](https://www.youtube.com/watch?v=mE9nRMx8n6s)

[Kyiv](https://www.youtube.com/watch?v=uJ6AzlYCysY)

[Kyiv 2](https://www.youtube.com/watch?v=2cyQPN5xQtU)

[Lviv](https://www.youtube.com/watch?v=m9r5rpGq9mU)

[Odessa](https://www.youtube.com/watch?v=5hHelJALhEo)

[Kharkiv](https://www.youtube.com/watch?v=QNGrP5Wv_C4)

[Kharkiv 2](https://www.youtube.com/watch?v=yWyn4ff7tm4)

[Pisochyn, Kharkiv](https://www.youtube.com/watch?v=jtOKYCxP6iY)

[Chernihiv](https://www.youtube.com/watch?v=KvhM2a92dvs&amp;feature=emb_title)

feel free to comment with other links","/r/worldnews/comments/sya4x3/rworldnews_live_thread_ukrainerussia_tensions/hxwoj99/","eb197f888460","2022-02-24","ASSAULT","CONFLICT","Russia and Ukraine ASSAULT each other in the Russia-Ukraine conflict escalation on February 24, 2022.","0.7306","/r/worldnews Live Thread: Ukraine-Russia Tensions (February 21, 2022 | Thread V)"
"hxwojb9","sya4x3","t3_sya4x3","t1_hxwnlpf","worldnews","1645492812","2022-02-22T01:20:12+00:00","wittyusernamefailed","3","That's what happens when one man gains almost total power. It can either go real well, or fucking horrible for everyone involved.","/r/worldnews/comments/sya4x3/rworldnews_live_thread_ukrainerussia_tensions/hxwojb9/","eb197f888460","2022-02-24","ASSAULT","CONFLICT","Russia and Ukraine ASSAULT each other in the Russia-Ukraine conflict escalation on February 24, 2022.","0.7306","/r/worldnews Live Thread: Ukraine-Russia Tensions (February 21, 2022 | Thread V)"
"hxwojbr","sya4x3","t3_sya4x3","t1_hxwnthe","worldnews","1645492812","2022-02-22T01:20:12+00:00","HamburgerEarmuff","5","Honestly, if Ukraine actually fights and fortifies their cities, which is possible but unlikely, 50,000 collateral casualties appears to be on the low side given the size of the cities and the ferocity of the fighting that's likely to happen.","/r/worldnews/comments/sya4x3/rworldnews_live_thread_ukrainerussia_tensions/hxwojbr/","eb197f888460","2022-02-24","ASSAULT","CONFLICT","Russia and Ukraine ASSAULT each other in the Russia-Ukraine conflict escalation on February 24, 2022.","0.7306","/r/worldnews Live Thread: Ukraine-Russia Tensions (February 21, 2022 | Thread V)"
"hxwojdf","sya4x3","t3_sya4x3","t1_hxwo6uy","worldnews","1645492813","2022-02-22T01:20:13+00:00","69thThrowAway","5","TrUmP wOuLd NeVeR lEt ThIs HaPpEn","/r/worldnews/comments/sya4x3/rworldnews_live_thread_ukrainerussia_tensions/hxwojdf/","eb197f888460","2022-02-24","ASSAULT","CONFLICT","Russia and Ukraine ASSAULT each other in the Russia-Ukraine conflict escalation on February 24, 2022.","0.7306","/r/worldnews Live Thread: Ukraine-Russia Tensions (February 21, 2022 | Thread V)"
"hxwojew","sya4x3","t3_sya4x3","t1_hxwo6uy","worldnews","1645492813","2022-02-22T01:20:13+00:00","drevant702","-3","he's being weak on sanctions. His stance is as long as putin stays in east ukraine no more sanctions. He's neville chamberlin in 1936","/r/worldnews/comments/sya4x3/rworldnews_live_thread_ukrainerussia_tensions/hxwojew/","eb197f888460","2022-02-24","ASSAULT","CONFLICT","Russia and Ukraine ASSAULT each other in the Russia-Ukraine conflict escalation on February 24, 2022.","0.7306","/r/worldnews Live Thread: Ukraine-Russia Tensions (February 21, 2022 | Thread V)"
"hxwojnb","sya4x3","t3_sya4x3","t1_hxwnzxp","worldnews","1645492816","2022-02-22T01:20:16+00:00","meeplewirp","5","Yes Donbas has been declared an autonomous region (by Putin) along with some other places. Putin gave everyone a 45 minute history lesson on television about how nato is actually an evil liar and also one time he supposedly asked President Clinton what he thought of Russia joining nato but Clinton wasn’t down? And now some parts of Ukraine are autonomous territories , and Putin is sending military as “peacekeepers”","/r/worldnews/comments/sya4x3/rworldnews_live_thread_ukrainerussia_tensions/hxwojnb/","eb197f888460","2022-02-24","ASSAULT","CONFLICT","Russia and Ukraine ASSAULT each other in the Russia-Ukraine conflict escalation on February 24, 2022.","0.7306","/r/worldnews Live Thread: Ukraine-Russia Tensions (February 21, 2022 | Thread V)"
"hxwojrg","sya4x3","t3_sya4x3","t3_sya4x3","worldnews","1645492818","2022-02-22T01:20:18+00:00","DrSeuss19","58","If they’re jamming phone signals around the new areas I am guessing Putin isn’t planning to stop after taking those two locations.","/r/worldnews/comments/sya4x3/rworldnews_live_thread_ukrainerussia_tensions/hxwojrg/","eb197f888460","2022-02-24","ASSAULT","CONFLICT","Russia and Ukraine ASSAULT each other in the Russia-Ukraine conflict escalation on February 24, 2022.","0.7306","/r/worldnews Live Thread: Ukraine-Russia Tensions (February 21, 2022 | Thread V)"
"hxwojrt","sya4x3","t3_sya4x3","t3_sya4x3","worldnews","1645492818","2022-02-22T01:20:18+00:00","brdjfc","-8","I can't believe the West has done this

/s","/r/worldnews/comments/sya4x3/rworldnews_live_thread_ukrainerussia_tensions/hxwojrt/","eb197f888460","2022-02-24","ASSAULT","CONFLICT","Russia and Ukraine ASSAULT each other in the Russia-Ukraine conflict escalation on February 24, 2022.","0.7306","/r/worldnews Live Thread: Ukraine-Russia Tensions (February 21, 2022 | Thread V)"
"hxwojw1","sya4x3","t3_sya4x3","t1_hxwo8em","worldnews","1645492819","2022-02-22T01:20:19+00:00","[deleted]","2","News that a lot of people never got to wake up","/r/worldnews/comments/sya4x3/rworldnews_live_thread_ukrainerussia_tensions/hxwojw1/","eb197f888460","2022-02-24","ASSAULT","CONFLICT","Russia and Ukraine ASSAULT each other in the Russia-Ukraine conflict escalation on February 24, 2022.","0.7306","/r/worldnews Live Thread: Ukraine-Russia Tensions (February 21, 2022 | Thread V)"
"hxwojwi","sya4x3","t3_sya4x3","t3_sya4x3","worldnews","1645492820","2022-02-22T01:20:20+00:00","wooshock","10","Looks to me that Russia just claimed rights to about 20% of the whole of Ukraine, is that right?","/r/worldnews/comments/sya4x3/rworldnews_live_thread_ukrainerussia_tensions/hxwojwi/","eb197f888460","2022-02-24","ASSAULT","CONFLICT","Russia and Ukraine ASSAULT each other in the Russia-Ukraine conflict escalation on February 24, 2022.","0.7306","/r/worldnews Live Thread: Ukraine-Russia Tensions (February 21, 2022 | Thread V)"
"hxwojzc","sya4x3","t3_sya4x3","t1_hxwnv1m","worldnews","1645492821","2022-02-22T01:20:21+00:00","kitsune001","-13","""Let's forego the rule of law because we're vindictive""","/r/worldnews/comments/sya4x3/rworldnews_live_thread_ukrainerussia_tensions/hxwojzc/","eb197f888460","2022-02-24","ASSAULT","CONFLICT","Russia and Ukraine ASSAULT each other in the Russia-Ukraine conflict escalation on February 24, 2022.","0.7306","/r/worldnews Live Thread: Ukraine-Russia Tensions (February 21, 2022 | Thread V)"
"hxwojzi","sya4x3","t3_sya4x3","t3_sya4x3","worldnews","1645492821","2022-02-22T01:20:21+00:00","reddit_for_stuff","25","My friend in Kharkiv is straight up not having a good time..","/r/worldnews/comments/sya4x3/rworldnews_live_thread_ukrainerussia_tensions/hxwojzi/","eb197f888460","2022-02-24","ASSAULT","CONFLICT","Russia and Ukraine ASSAULT each other in the Russia-Ukraine conflict escalation on February 24, 2022.","0.7306","/r/worldnews Live Thread: Ukraine-Russia Tensions (February 21, 2022 | Thread V)"
"hxwok5m","sya4x3","t3_sya4x3","t3_sya4x3","worldnews","1645492823","2022-02-22T01:20:23+00:00","Comfortable_Guava_54","31","Absolutely dumbfounded by how most people I talk to have no idea what’s happened or what’s to come.","/r/worldnews/comments/sya4x3/rworldnews_live_thread_ukrainerussia_tensions/hxwok5m/","eb197f888460","2022-02-24","ASSAULT","CONFLICT","Russia and Ukraine ASSAULT each other in the Russia-Ukraine conflict escalation on February 24, 2022.","0.7306","/r/worldnews Live Thread: Ukraine-Russia Tensions (February 21, 2022 | Thread V)"
"hxwok6b","sya4x3","t3_sya4x3","t1_hxwnsml","worldnews","1645492823","2022-02-22T01:20:23+00:00","[deleted]","1","[removed]","/r/worldnews/comments/sya4x3/rworldnews_live_thread_ukrainerussia_tensions/hxwok6b/","eb197f888460","2022-02-24","ASSAULT","CONFLICT","Russia and Ukraine ASSAULT each other in the Russia-Ukraine conflict escalation on February 24, 2022.","0.7306","/r/worldnews Live Thread: Ukraine-Russia Tensions (February 21, 2022 | Thread V)"
"hxwok8k","sya4x3","t3_sya4x3","t1_hxwodyn","worldnews","1645492824","2022-02-22T01:20:24+00:00","Guulag","4","Narrator: ""They're not""","/r/worldnews/comments/sya4x3/rworldnews_live_thread_ukrainerussia_tensions/hxwok8k/","eb197f888460","2022-02-24","ASSAULT","CONFLICT","Russia and Ukraine ASSAULT each other in the Russia-Ukraine conflict escalation on February 24, 2022.","0.7306","/r/worldnews Live Thread: Ukraine-Russia Tensions (February 21, 2022 | Thread V)"
"hxwoka9","sya4x3","t3_sya4x3","t1_hxwo54x","worldnews","1645492825","2022-02-22T01:20:25+00:00","Diegobyte","1","Not really","/r/worldnews/comments/sya4x3/rworldnews_live_thread_ukrainerussia_tensions/hxwoka9/","eb197f888460","2022-02-24","ASSAULT","CONFLICT","Russia and Ukraine ASSAULT each other in the Russia-Ukraine conflict escalation on February 24, 2022.","0.7306","/r/worldnews Live Thread: Ukraine-Russia Tensions (February 21, 2022 | Thread V)"
"hxwokyd","sya4x3","t3_sya4x3","t1_hxwnoqa","worldnews","1645492833","2022-02-22T01:20:33+00:00","Klimpomp","1","Semen.","/r/worldnews/comments/sya4x3/rworldnews_live_thread_ukrainerussia_tensions/hxwokyd/","eb197f888460","2022-02-24","ASSAULT","CONFLICT","Russia and Ukraine ASSAULT each other in the Russia-Ukraine conflict escalation on February 24, 2022.","0.7306","/r/worldnews Live Thread: Ukraine-Russia Tensions (February 21, 2022 | Thread V)"
"hxwol66","sya4x3","t3_sya4x3","t1_hxwo8em","worldnews","1645492836","2022-02-22T01:20:36+00:00","Bergeron83","6","Hopefully not a bright flash and rushing wind?","/r/worldnews/comments/sya4x3/rworldnews_live_thread_ukrainerussia_tensions/hxwol66/","eb197f888460","2022-02-24","ASSAULT","CONFLICT","Russia and Ukraine ASSAULT each other in the Russia-Ukraine conflict escalation on February 24, 2022.","0.7306","/r/worldnews Live Thread: Ukraine-Russia Tensions (February 21, 2022 | Thread V)"
"hxwol7j","sya4x3","t3_sya4x3","t3_sya4x3","worldnews","1645492836","2022-02-22T01:20:36+00:00","[deleted]","1","[removed]","/r/worldnews/comments/sya4x3/rworldnews_live_thread_ukrainerussia_tensions/hxwol7j/","eb197f888460","2022-02-24","ASSAULT","CONFLICT","Russia and Ukraine ASSAULT each other in the Russia-Ukraine conflict escalation on February 24, 2022.","0.7306","/r/worldnews Live Thread: Ukraine-Russia Tensions (February 21, 2022 | Thread V)"
"hxwolaz","sya4x3","t3_sya4x3","t3_sya4x3","worldnews","1645492838","2022-02-22T01:20:38+00:00","I_Like_Thanksgiving","281","I remember seeing a post a couple weeks ago on r/trueoffmychest where a young Ukrainian guy was saying that while he didn’t want to, he was prepared to fight for Ukraine to protect his mom and younger sister. 

I’m thinking of him often right now and all Ukrainians in general. What an awful situation to face, one that nobody should *have* to face

Edit: [it was only 9 days ago](https://www.reddit.com/r/TrueOffMyChest/comments/sr2uxk/i_just_found_myself_actually_preparing_for_the/?utm_source=share&amp;utm_medium=ios_app&amp;utm_name=iossmf). What a brave young man…I’m horrified for him","/r/worldnews/comments/sya4x3/rworldnews_live_thread_ukrainerussia_tensions/hxwolaz/","eb197f888460","2022-02-24","ASSAULT","CONFLICT","Russia and Ukraine ASSAULT each other in the Russia-Ukraine conflict escalation on February 24, 2022.","0.7306","/r/worldnews Live Thread: Ukraine-Russia Tensions (February 21, 2022 | Thread V)"
"hxwolei","sya4x3","t3_sya4x3","t1_hxwnynt","worldnews","1645492839","2022-02-22T01:20:39+00:00","[deleted]","1","[removed]","/r/worldnews/comments/sya4x3/rworldnews_live_thread_ukrainerussia_tensions/hxwolei/","eb197f888460","2022-02-24","ASSAULT","CONFLICT","Russia and Ukraine ASSAULT each other in the Russia-Ukraine conflict escalation on February 24, 2022.","0.7306","/r/worldnews Live Thread: Ukraine-Russia Tensions (February 21, 2022 | Thread V)"
"hxwolg7","sya4x3","t3_sya4x3","t1_hxwnp0z","worldnews","1645492840","2022-02-22T01:20:40+00:00","-king-mojo-","2","There's no proof he isn't currently doing this.","/r/worldnews/comments/sya4x3/rworldnews_live_thread_ukrainerussia_tensions/hxwolg7/","eb197f888460","2022-02-24","ASSAULT","CONFLICT","Russia and Ukraine ASSAULT each other in the Russia-Ukraine conflict escalation on February 24, 2022.","0.7306","/r/worldnews Live Thread: Ukraine-Russia Tensions (February 21, 2022 | Thread V)"
"hxwolgd","sya4x3","t3_sya4x3","t1_hxwo35t","worldnews","1645492840","2022-02-22T01:20:40+00:00","denimonster","2","Might be beneficial to the whole situation financially with Switzerland choosing a side.","/r/worldnews/comments/sya4x3/rworldnews_live_thread_ukrainerussia_tensions/hxwolgd/","eb197f888460","2022-02-24","ASSAULT","CONFLICT","Russia and Ukraine ASSAULT each other in the Russia-Ukraine conflict escalation on February 24, 2022.","0.7306","/r/worldnews Live Thread: Ukraine-Russia Tensions (February 21, 2022 | Thread V)"
"hxwolhe","sya4x3","t3_sya4x3","t1_hxwnsml","worldnews","1645492840","2022-02-22T01:20:40+00:00","[deleted]","44","[removed]","/r/worldnews/comments/sya4x3/rworldnews_live_thread_ukrainerussia_tensions/hxwolhe/","eb197f888460","2022-02-24","ASSAULT","CONFLICT","Russia and Ukraine ASSAULT each other in the Russia-Ukraine conflict escalation on February 24, 2022.","0.7306","/r/worldnews Live Thread: Ukraine-Russia Tensions (February 21, 2022 | Thread V)"
"hxwolnd","sya4x3","t3_sya4x3","t1_hxwngqr","worldnews","1645492842","2022-02-22T01:20:42+00:00","anon902503","3","Massed artillery and indiscriminate carpet bombing from the air -- like they did in Syria.","/r/worldnews/comments/sya4x3/rworldnews_live_thread_ukrainerussia_tensions/hxwolnd/","eb197f888460","2022-02-24","ASSAULT","CONFLICT","Russia and Ukraine ASSAULT each other in the Russia-Ukraine conflict escalation on February 24, 2022.","0.7306","/r/worldnews Live Thread: Ukraine-Russia Tensions (February 21, 2022 | Thread V)"
"hxwolr1","sya4x3","t3_sya4x3","t3_sya4x3","worldnews","1645492844","2022-02-22T01:20:44+00:00","willybarny","-1","Has France surrendered yet?","/r/worldnews/comments/sya4x3/rworldnews_live_thread_ukrainerussia_tensions/hxwolr1/","eb197f888460","2022-02-24","ASSAULT","CONFLICT","Russia and Ukraine ASSAULT each other in the Russia-Ukraine conflict escalation on February 24, 2022.","0.7306","/r/worldnews Live Thread: Ukraine-Russia Tensions (February 21, 2022 | Thread V)"
"hxwolug","sya4x3","t3_sya4x3","t1_hxwo6uy","worldnews","1645492845","2022-02-22T01:20:45+00:00","[deleted]","3","[deleted]","/r/worldnews/comments/sya4x3/rworldnews_live_thread_ukrainerussia_tensions/hxwolug/","eb197f888460","2022-02-24","ASSAULT","CONFLICT","Russia and Ukraine ASSAULT each other in the Russia-Ukraine conflict escalation on February 24, 2022.","0.7306","/r/worldnews Live Thread: Ukraine-Russia Tensions (February 21, 2022 | Thread V)"
"hxwolxk","sya4x3","t3_sya4x3","t3_sya4x3","worldnews","1645492846","2022-02-22T01:20:46+00:00","Crendog","1","Over under is 6.5 threads for today","/r/worldnews/comments/sya4x3/rworldnews_live_thread_ukrainerussia_tensions/hxwolxk/","eb197f888460","2022-02-24","ASSAULT","CONFLICT","Russia and Ukraine ASSAULT each other in the Russia-Ukraine conflict escalation on February 24, 2022.","0.7306","/r/worldnews Live Thread: Ukraine-Russia Tensions (February 21, 2022 | Thread V)"
"hxwom0z","sya4x3","t3_sya4x3","t1_hxwo35t","worldnews","1645492847","2022-02-22T01:20:47+00:00","EnglishMobster","107","I like Switzerland. People ask me why, and I always like to say that their flag is a big plus.","/r/worldnews/comments/sya4x3/rworldnews_live_thread_ukrainerussia_tensions/hxwom0z/","eb197f888460","2022-02-24","ASSAULT","CONFLICT","Russia and Ukraine ASSAULT each other in the Russia-Ukraine conflict escalation on February 24, 2022.","0.7306","/r/worldnews Live Thread: Ukraine-Russia Tensions (February 21, 2022 | Thread V)"
"hxwom15","sya4x3","t3_sya4x3","t1_hxwockz","worldnews","1645492847","2022-02-22T01:20:47+00:00","[deleted]","4","[deleted]","/r/worldnews/comments/sya4x3/rworldnews_live_thread_ukrainerussia_tensions/hxwom15/","eb197f888460","2022-02-24","ASSAULT","CONFLICT","Russia and Ukraine ASSAULT each other in the Russia-Ukraine conflict escalation on February 24, 2022.","0.7306","/r/worldnews Live Thread: Ukraine-Russia Tensions (February 21, 2022 | Thread V)"
"hxwom4q","sya4x3","t3_sya4x3","t1_hxwok5m","worldnews","1645492848","2022-02-22T01:20:48+00:00","YoungDeplorable","4","Same","/r/worldnews/comments/sya4x3/rworldnews_live_thread_ukrainerussia_tensions/hxwom4q/","eb197f888460","2022-02-24","ASSAULT","CONFLICT","Russia and Ukraine ASSAULT each other in the Russia-Ukraine conflict escalation on February 24, 2022.","0.7306","/r/worldnews Live Thread: Ukraine-Russia Tensions (February 21, 2022 | Thread V)"
"hxwom7x","sya4x3","t3_sya4x3","t1_hxwo3yz","worldnews","1645492850","2022-02-22T01:20:50+00:00","Musiah","0","So more people dying is preferable to you? Putin has said that he wouldn't rule out using nukes. And I think he's a big enough asshole to use them.","/r/worldnews/comments/sya4x3/rworldnews_live_thread_ukrainerussia_tensions/hxwom7x/","eb197f888460","2022-02-24","ASSAULT","CONFLICT","Russia and Ukraine ASSAULT each other in the Russia-Ukraine conflict escalation on February 24, 2022.","0.7306","/r/worldnews Live Thread: Ukraine-Russia Tensions (February 21, 2022 | Thread V)"
"hxwomg4","sya4x3","t3_sya4x3","t1_hxwnvju","worldnews","1645492853","2022-02-22T01:20:53+00:00","Walouisi","100","Like Biden said- the intelligence suggests an assault on Kyiv.","/r/worldnews/comments/sya4x3/rworldnews_live_thread_ukrainerussia_tensions/hxwomg4/","eb197f888460","2022-02-24","ASSAULT","CONFLICT","Russia and Ukraine ASSAULT each other in the Russia-Ukraine conflict escalation on February 24, 2022.","0.7306","/r/worldnews Live Thread: Ukraine-Russia Tensions (February 21, 2022 | Thread V)"
"hxwomjp","sya4x3","t3_sya4x3","t3_sya4x3","worldnews","1645492854","2022-02-22T01:20:54+00:00","[deleted]","44","[deleted]","/r/worldnews/comments/sya4x3/rworldnews_live_thread_ukrainerussia_tensions/hxwomjp/","eb197f888460","2022-02-24","ASSAULT","CONFLICT","Russia and Ukraine ASSAULT each other in the Russia-Ukraine conflict escalation on February 24, 2022.","0.7306","/r/worldnews Live Thread: Ukraine-Russia Tensions (February 21, 2022 | Thread V)"
"hxwomly","sya4x3","t3_sya4x3","t1_hxwo0fi","worldnews","1645492855","2022-02-22T01:20:55+00:00","BrownSugarBare","3","I've been drinking way too much watching this shit for weeks. It's insanity.","/r/worldnews/comments/sya4x3/rworldnews_live_thread_ukrainerussia_tensions/hxwomly/","eb197f888460","2022-02-24","ASSAULT","CONFLICT","Russia and Ukraine ASSAULT each other in the Russia-Ukraine conflict escalation on February 24, 2022.","0.7306","/r/worldnews Live Thread: Ukraine-Russia Tensions (February 21, 2022 | Thread V)"
"hxwommc","sya4x3","t3_sya4x3","t1_hxwnweb","worldnews","1645492855","2022-02-22T01:20:55+00:00","Diegobyte","1","Dude we can’t go to war with Russia. What tf do you want the US to do","/r/worldnews/comments/sya4x3/rworldnews_live_thread_ukrainerussia_tensions/hxwommc/","eb197f888460","2022-02-24","ASSAULT","CONFLICT","Russia and Ukraine ASSAULT each other in the Russia-Ukraine conflict escalation on February 24, 2022.","0.7306","/r/worldnews Live Thread: Ukraine-Russia Tensions (February 21, 2022 | Thread V)"
"hxwompy","sya4x3","t3_sya4x3","t1_hxwo36v","worldnews","1645492856","2022-02-22T01:20:56+00:00","[deleted]","1","[removed]","/r/worldnews/comments/sya4x3/rworldnews_live_thread_ukrainerussia_tensions/hxwompy/","eb197f888460","2022-02-24","ASSAULT","CONFLICT","Russia and Ukraine ASSAULT each other in the Russia-Ukraine conflict escalation on February 24, 2022.","0.7306","/r/worldnews Live Thread: Ukraine-Russia Tensions (February 21, 2022 | Thread V)"
"hxwomzt","sya4x3","t3_sya4x3","t3_sya4x3","worldnews","1645492859","2022-02-22T01:20:59+00:00","jonjonescpa","-11","It’s happening boys","/r/worldnews/comments/sya4x3/rworldnews_live_thread_ukrainerussia_tensions/hxwomzt/","eb197f888460","2022-02-24","ASSAULT","CONFLICT","Russia and Ukraine ASSAULT each other in the Russia-Ukraine conflict escalation on February 24, 2022.","0.7306","/r/worldnews Live Thread: Ukraine-Russia Tensions (February 21, 2022 | Thread V)"
"hxwon2n","sya4x3","t3_sya4x3","t1_hxwof6t","worldnews","1645492861","2022-02-22T01:21:01+00:00","Professional-Dog1229","1","Not seeing anything from the intel guys on Twitter","/r/worldnews/comments/sya4x3/rworldnews_live_thread_ukrainerussia_tensions/hxwon2n/","eb197f888460","2022-02-24","ASSAULT","CONFLICT","Russia and Ukraine ASSAULT each other in the Russia-Ukraine conflict escalation on February 24, 2022.","0.7306","/r/worldnews Live Thread: Ukraine-Russia Tensions (February 21, 2022 | Thread V)"
"hxwon2v","sya4x3","t3_sya4x3","t1_hxwod1c","worldnews","1645492861","2022-02-22T01:21:01+00:00","Weird-Engineer","1","Sanctions aren’t saving Ukrainians. They gave up their nukes for NATO protection. Now we are more at danger for nuclear annihilation because smaller nations know that they can not relay on nato to protect them and they needs nukes. As time goes on more and more country will have access to the technology to get them and they’d be stupid not to","/r/worldnews/comments/sya4x3/rworldnews_live_thread_ukrainerussia_tensions/hxwon2v/","eb197f888460","2022-02-24","ASSAULT","CONFLICT","Russia and Ukraine ASSAULT each other in the Russia-Ukraine conflict escalation on February 24, 2022.","0.7306","/r/worldnews Live Thread: Ukraine-Russia Tensions (February 21, 2022 | Thread V)"
"hxwonce","sya4x3","t3_sya4x3","t1_hxwojzi","worldnews","1645492864","2022-02-22T01:21:04+00:00","ragingrandyrivers","7","Can’t imagine he would be.","/r/worldnews/comments/sya4x3/rworldnews_live_thread_ukrainerussia_tensions/hxwonce/","eb197f888460","2022-02-24","ASSAULT","CONFLICT","Russia and Ukraine ASSAULT each other in the Russia-Ukraine conflict escalation on February 24, 2022.","0.7306","/r/worldnews Live Thread: Ukraine-Russia Tensions (February 21, 2022 | Thread V)"
"hxwonvz","sya4x3","t3_sya4x3","t1_hxwn8g4","worldnews","1645492871","2022-02-22T01:21:11+00:00","Lulufeeee","3","Spy ATH","/r/worldnews/comments/sya4x3/rworldnews_live_thread_ukrainerussia_tensions/hxwonvz/","eb197f888460","2022-02-24","ASSAULT","CONFLICT","Russia and Ukraine ASSAULT each other in the Russia-Ukraine conflict escalation on February 24, 2022.","0.7306","/r/worldnews Live Thread: Ukraine-Russia Tensions (February 21, 2022 | Thread V)"
"hxwonzy","sya4x3","t3_sya4x3","t1_hxwo6uy","worldnews","1645492872","2022-02-22T01:21:12+00:00","kraftpunkk","21","Easy to blame someone you don’t like for something you barely understand.","/r/worldnews/comments/sya4x3/rworldnews_live_thread_ukrainerussia_tensions/hxwonzy/","eb197f888460","2022-02-24","ASSAULT","CONFLICT","Russia and Ukraine ASSAULT each other in the Russia-Ukraine conflict escalation on February 24, 2022.","0.7306","/r/worldnews Live Thread: Ukraine-Russia Tensions (February 21, 2022 | Thread V)"
"hxwoo6x","sya4x3","t3_sya4x3","t1_hxwo35t","worldnews","1645492875","2022-02-22T01:21:15+00:00","dawaxtadpole","0","Holy shit! I thought you were joking at first.","/r/worldnews/comments/sya4x3/rworldnews_live_thread_ukrainerussia_tensions/hxwoo6x/","eb197f888460","2022-02-24","ASSAULT","CONFLICT","Russia and Ukraine ASSAULT each other in the Russia-Ukraine conflict escalation on February 24, 2022.","0.7306","/r/worldnews Live Thread: Ukraine-Russia Tensions (February 21, 2022 | Thread V)"
"hxwoo7x","sya4x3","t3_sya4x3","t1_hxwok5m","worldnews","1645492875","2022-02-22T01:21:15+00:00","[deleted]","1","[deleted]","/r/worldnews/comments/sya4x3/rworldnews_live_thread_ukrainerussia_tensions/hxwoo7x/","eb197f888460","2022-02-24","ASSAULT","CONFLICT","Russia and Ukraine ASSAULT each other in the Russia-Ukraine conflict escalation on February 24, 2022.","0.7306","/r/worldnews Live Thread: Ukraine-Russia Tensions (February 21, 2022 | Thread V)"
"hxwooet","sya4x3","t3_sya4x3","t1_hxwnsml","worldnews","1645492878","2022-02-22T01:21:18+00:00","[deleted]","3","[removed]","/r/worldnews/comments/sya4x3/rworldnews_live_thread_ukrainerussia_tensions/hxwooet/","eb197f888460","2022-02-24","ASSAULT","CONFLICT","Russia and Ukraine ASSAULT each other in the Russia-Ukraine conflict escalation on February 24, 2022.","0.7306","/r/worldnews Live Thread: Ukraine-Russia Tensions (February 21, 2022 | Thread V)"
"hxwoohv","sya4x3","t3_sya4x3","t1_hxwnm3b","worldnews","1645492879","2022-02-22T01:21:19+00:00","Moonlander44","4","As they're breaking international laws NATO countries should start seizing every single asset connected to the Russian state. A lot of their finances, housing are stored outside of Russia.","/r/worldnews/comments/sya4x3/rworldnews_live_thread_ukrainerussia_tensions/hxwoohv/","eb197f888460","2022-02-24","ASSAULT","CONFLICT","Russia and Ukraine ASSAULT each other in the Russia-Ukraine conflict escalation on February 24, 2022.","0.7306","/r/worldnews Live Thread: Ukraine-Russia Tensions (February 21, 2022 | Thread V)"
"hxwooix","sya4x3","t3_sya4x3","t3_sya4x3","worldnews","1645492879","2022-02-22T01:21:19+00:00","CheekyFifaCunt_7","1","Would the Russians take over Kiev too?","/r/worldnews/comments/sya4x3/rworldnews_live_thread_ukrainerussia_tensions/hxwooix/","eb197f888460","2022-02-24","ASSAULT","CONFLICT","Russia and Ukraine ASSAULT each other in the Russia-Ukraine conflict escalation on February 24, 2022.","0.7306","/r/worldnews Live Thread: Ukraine-Russia Tensions (February 21, 2022 | Thread V)"
"hxwoov3","sya4x3","t3_sya4x3","t1_hxwofa8","worldnews","1645492883","2022-02-22T01:21:23+00:00","[deleted]","4","[deleted]","/r/worldnews/comments/sya4x3/rworldnews_live_thread_ukrainerussia_tensions/hxwoov3/","eb197f888460","2022-02-24","ASSAULT","CONFLICT","Russia and Ukraine ASSAULT each other in the Russia-Ukraine conflict escalation on February 24, 2022.","0.7306","/r/worldnews Live Thread: Ukraine-Russia Tensions (February 21, 2022 | Thread V)"
"hxwoov8","sya4x3","t3_sya4x3","t1_hxwohu9","worldnews","1645492883","2022-02-22T01:21:23+00:00","[deleted]","1","[deleted]","/r/worldnews/comments/sya4x3/rworldnews_live_thread_ukrainerussia_tensions/hxwoov8/","eb197f888460","2022-02-24","ASSAULT","CONFLICT","Russia and Ukraine ASSAULT each other in the Russia-Ukraine conflict escalation on February 24, 2022.","0.7306","/r/worldnews Live Thread: Ukraine-Russia Tensions (February 21, 2022 | Thread V)"
"hxwoowx","sya4x3","t3_sya4x3","t1_hxwojzi","worldnews","1645492884","2022-02-22T01:21:24+00:00","wydtim","0","Elaborate?","/r/worldnews/comments/sya4x3/rworldnews_live_thread_ukrainerussia_tensions/hxwoowx/","eb197f888460","2022-02-24","ASSAULT","CONFLICT","Russia and Ukraine ASSAULT each other in the Russia-Ukraine conflict escalation on February 24, 2022.","0.7306","/r/worldnews Live Thread: Ukraine-Russia Tensions (February 21, 2022 | Thread V)"
"hxwop1j","sya4x3","t3_sya4x3","t1_hxwo6uy","worldnews","1645492886","2022-02-22T01:21:26+00:00","CoyoteOnTheWing","18","Mostly it's just stupid, short sighted, politically brainwashed, tribalist morons parroting crappy party propaganda/talking points of the week in a feeble minded attempt to score some sort of internet points for their team.","/r/worldnews/comments/sya4x3/rworldnews_live_thread_ukrainerussia_tensions/hxwop1j/","eb197f888460","2022-02-24","ASSAULT","CONFLICT","Russia and Ukraine ASSAULT each other in the Russia-Ukraine conflict escalation on February 24, 2022.","0.7306","/r/worldnews Live Thread: Ukraine-Russia Tensions (February 21, 2022 | Thread V)"
"hxwop7z","sya4x3","t3_sya4x3","t1_hxwo4cz","worldnews","1645492888","2022-02-22T01:21:28+00:00","generalkenobi66420","1","Link?","/r/worldnews/comments/sya4x3/rworldnews_live_thread_ukrainerussia_tensions/hxwop7z/","eb197f888460","2022-02-24","ASSAULT","CONFLICT","Russia and Ukraine ASSAULT each other in the Russia-Ukraine conflict escalation on February 24, 2022.","0.7306","/r/worldnews Live Thread: Ukraine-Russia Tensions (February 21, 2022 | Thread V)"
"hxwopcl","sya4x3","t3_sya4x3","t1_hxwnmmu","worldnews","1645492890","2022-02-22T01:21:30+00:00","yasiguri","1","Lmao UN just like his ancestor, useless when matters.","/r/worldnews/comments/sya4x3/rworldnews_live_thread_ukrainerussia_tensions/hxwopcl/","eb197f888460","2022-02-24","ASSAULT","CONFLICT","Russia and Ukraine ASSAULT each other in the Russia-Ukraine conflict escalation on February 24, 2022.","0.7306","/r/worldnews Live Thread: Ukraine-Russia Tensions (February 21, 2022 | Thread V)"
"hxwoph9","sya4x3","t3_sya4x3","t1_hxwo9dm","worldnews","1645492892","2022-02-22T01:21:32+00:00","acityonthemoon","73","Well, he's not angry, he's just dissapointed.","/r/worldnews/comments/sya4x3/rworldnews_live_thread_ukrainerussia_tensions/hxwoph9/","eb197f888460","2022-02-24","ASSAULT","CONFLICT","Russia and Ukraine ASSAULT each other in the Russia-Ukraine conflict escalation on February 24, 2022.","0.7306","/r/worldnews Live Thread: Ukraine-Russia Tensions (February 21, 2022 | Thread V)"
"hxwopm2","sya4x3","t3_sya4x3","t1_hxwooix","worldnews","1645492894","2022-02-22T01:21:34+00:00","Thecj230","3","Arguably more me of their first targets","/r/worldnews/comments/sya4x3/rworldnews_live_thread_ukrainerussia_tensions/hxwopm2/","eb197f888460","2022-02-24","ASSAULT","CONFLICT","Russia and Ukraine ASSAULT each other in the Russia-Ukraine conflict escalation on February 24, 2022.","0.7306","/r/worldnews Live Thread: Ukraine-Russia Tensions (February 21, 2022 | Thread V)"
"hxwopod","sya4x3","t3_sya4x3","t1_hxwonzy","worldnews","1645492895","2022-02-22T01:21:35+00:00","SuspiciousStable9649","7","Wow.  That was spot on.","/r/worldnews/comments/sya4x3/rworldnews_live_thread_ukrainerussia_tensions/hxwopod/","eb197f888460","2022-02-24","ASSAULT","CONFLICT","Russia and Ukraine ASSAULT each other in the Russia-Ukraine conflict escalation on February 24, 2022.","0.7306","/r/worldnews Live Thread: Ukraine-Russia Tensions (February 21, 2022 | Thread V)"
"hxwoprc","sya4x3","t3_sya4x3","t1_hxwomjp","worldnews","1645492896","2022-02-22T01:21:36+00:00","theredditoro","6","That would fit his agenda","/r/worldnews/comments/sya4x3/rworldnews_live_thread_ukrainerussia_tensions/hxwoprc/","eb197f888460","2022-02-24","ASSAULT","CONFLICT","Russia and Ukraine ASSAULT each other in the Russia-Ukraine conflict escalation on February 24, 2022.","0.7306","/r/worldnews Live Thread: Ukraine-Russia Tensions (February 21, 2022 | Thread V)"
"hxwopz7","sya4x3","t3_sya4x3","t1_hxwomzt","worldnews","1645492899","2022-02-22T01:21:39+00:00","JoeDaddie69","8","I’ve read this so many times","/r/worldnews/comments/sya4x3/rworldnews_live_thread_ukrainerussia_tensions/hxwopz7/","eb197f888460","2022-02-24","ASSAULT","CONFLICT","Russia and Ukraine ASSAULT each other in the Russia-Ukraine conflict escalation on February 24, 2022.","0.7306","/r/worldnews Live Thread: Ukraine-Russia Tensions (February 21, 2022 | Thread V)"
"hxwoqea","sya4x3","t3_sya4x3","t1_hxwnk77","worldnews","1645492905","2022-02-22T01:21:45+00:00","flecktarnbrother","2","Vladimir Zhirinovsky stated that Russian forces will attack Ukraine at 4 AM on 22 Feb 22. Here is the video, which was recorded last year:

[https://twitter.com/qwest\_\_/status/1495420421142941696](https://twitter.com/qwest__/status/1495420421142941696)

""Refuse? Then we can take another program. And what, you’ll feel at 4:00 in the morning on February 22. I wish 2022 was a peaceful year, but I love the truth. I’ve been telling the truth for 75 years. It’s going to be a non-peaceful year. It’s going to be a year when, finally, :point\_down:""   


""Russia will become a great country .And everyone should shut up and respect our country. Otherwise they’ll shut us up and slaughter the Russians first in the Donbass and then in Western Russia. Let us therefore support a new direction in Russian foreign policy in this regard.""  


Don't be fooled. This has all been planned for frankly years in advance. These were never military exercises. These were never bluffs. This has always been an invasion, captained by a malignant narcissistic psychopath sitting in Moscow.","/r/worldnews/comments/sya4x3/rworldnews_live_thread_ukrainerussia_tensions/hxwoqea/","eb197f888460","2022-02-24","ASSAULT","CONFLICT","Russia and Ukraine ASSAULT each other in the Russia-Ukraine conflict escalation on February 24, 2022.","0.7306","/r/worldnews Live Thread: Ukraine-Russia Tensions (February 21, 2022 | Thread V)"
"hxwoqzk","sya4x3","t3_sya4x3","t1_hxwomzt","worldnews","1645492913","2022-02-22T01:21:53+00:00","thefluffyparrot","2","?","/r/worldnews/comments/sya4x3/rworldnews_live_thread_ukrainerussia_tensions/hxwoqzk/","eb197f888460","2022-02-24","ASSAULT","CONFLICT","Russia and Ukraine ASSAULT each other in the Russia-Ukraine conflict escalation on February 24, 2022.","0.7306","/r/worldnews Live Thread: Ukraine-Russia Tensions (February 21, 2022 | Thread V)"
"hxwor14","sya4x3","t3_sya4x3","t1_hxwo35t","worldnews","1645492913","2022-02-22T01:21:53+00:00","generalkenobi66420","2","Now we just need Ireland","/r/worldnews/comments/sya4x3/rworldnews_live_thread_ukrainerussia_tensions/hxwor14/","eb197f888460","2022-02-24","ASSAULT","CONFLICT","Russia and Ukraine ASSAULT each other in the Russia-Ukraine conflict escalation on February 24, 2022.","0.7306","/r/worldnews Live Thread: Ukraine-Russia Tensions (February 21, 2022 | Thread V)"
"hxwor32","sya4x3","t3_sya4x3","t3_sya4x3","worldnews","1645492914","2022-02-22T01:21:54+00:00","filmfan10","4","If Russia invades at exactly the same time as the UN Security council meeting, that is the ultimate power/troll move.","/r/worldnews/comments/sya4x3/rworldnews_live_thread_ukrainerussia_tensions/hxwor32/","eb197f888460","2022-02-24","ASSAULT","CONFLICT","Russia and Ukraine ASSAULT each other in the Russia-Ukraine conflict escalation on February 24, 2022.","0.7306","/r/worldnews Live Thread: Ukraine-Russia Tensions (February 21, 2022 | Thread V)"
"hxworcx","sya4x3","t3_sya4x3","t1_hxwnlpf","worldnews","1645492918","2022-02-22T01:21:58+00:00","roughtimes","2","Yes exactly that.  This is a person who wants to ensure his name lives on in History.  

Hes looking to reinstate glory to the ""traditional homeland"".","/r/worldnews/comments/sya4x3/rworldnews_live_thread_ukrainerussia_tensions/hxworcx/","eb197f888460","2022-02-24","ASSAULT","CONFLICT","Russia and Ukraine ASSAULT each other in the Russia-Ukraine conflict escalation on February 24, 2022.","0.7306","/r/worldnews Live Thread: Ukraine-Russia Tensions (February 21, 2022 | Thread V)"
"hxworf1","sya4x3","t3_sya4x3","t1_hxwngdj","worldnews","1645492919","2022-02-22T01:21:59+00:00","HamburgerEarmuff","5","Russia learned that you don't have to count casualties if they're not officially military servicemembers. Just hire some contractors and then they're no longer official casualties when they're hurt or killed.","/r/worldnews/comments/sya4x3/rworldnews_live_thread_ukrainerussia_tensions/hxworf1/","eb197f888460","2022-02-24","ASSAULT","CONFLICT","Russia and Ukraine ASSAULT each other in the Russia-Ukraine conflict escalation on February 24, 2022.","0.7306","/r/worldnews Live Thread: Ukraine-Russia Tensions (February 21, 2022 | Thread V)"
"hxworrp","sya4x3","t3_sya4x3","t1_hxwnlrt","worldnews","1645492923","2022-02-22T01:22:03+00:00","awildyetti","4","WHAT YEAR IS IT!?!??!!","/r/worldnews/comments/sya4x3/rworldnews_live_thread_ukrainerussia_tensions/hxworrp/","eb197f888460","2022-02-24","ASSAULT","CONFLICT","Russia and Ukraine ASSAULT each other in the Russia-Ukraine conflict escalation on February 24, 2022.","0.7306","/r/worldnews Live Thread: Ukraine-Russia Tensions (February 21, 2022 | Thread V)"
"hxworry","sya4x3","t3_sya4x3","t1_hxwooix","worldnews","1645492923","2022-02-22T01:22:03+00:00","brdjfc","3","Last I heard, intelligence says yes.","/r/worldnews/comments/sya4x3/rworldnews_live_thread_ukrainerussia_tensions/hxworry/","eb197f888460","2022-02-24","ASSAULT","CONFLICT","Russia and Ukraine ASSAULT each other in the Russia-Ukraine conflict escalation on February 24, 2022.","0.7306","/r/worldnews Live Thread: Ukraine-Russia Tensions (February 21, 2022 | Thread V)"
"hxworte","sya4x3","t3_sya4x3","t1_hxwof26","worldnews","1645492923","2022-02-22T01:22:03+00:00","ShockTrauma-","1","Yeah, I wasn't implying that it wouldn't happen, just putting the numbers in context.","/r/worldnews/comments/sya4x3/rworldnews_live_thread_ukrainerussia_tensions/hxworte/","eb197f888460","2022-02-24","ASSAULT","CONFLICT","Russia and Ukraine ASSAULT each other in the Russia-Ukraine conflict escalation on February 24, 2022.","0.7306","/r/worldnews Live Thread: Ukraine-Russia Tensions (February 21, 2022 | Thread V)"
"hxworw8","sya4x3","t3_sya4x3","t1_hxwooix","worldnews","1645492924","2022-02-22T01:22:04+00:00","drakanx","6","They're gunning for all of Ukraine","/r/worldnews/comments/sya4x3/rworldnews_live_thread_ukrainerussia_tensions/hxworw8/","eb197f888460","2022-02-24","ASSAULT","CONFLICT","Russia and Ukraine ASSAULT each other in the Russia-Ukraine conflict escalation on February 24, 2022.","0.7306","/r/worldnews Live Thread: Ukraine-Russia Tensions (February 21, 2022 | Thread V)"
"hxwosa3","sya4x3","t3_sya4x3","t1_hxwo8bf","worldnews","1645492929","2022-02-22T01:22:09+00:00","[deleted]","6","[removed]","/r/worldnews/comments/sya4x3/rworldnews_live_thread_ukrainerussia_tensions/hxwosa3/","eb197f888460","2022-02-24","ASSAULT","CONFLICT","Russia and Ukraine ASSAULT each other in the Russia-Ukraine conflict escalation on February 24, 2022.","0.7306","/r/worldnews Live Thread: Ukraine-Russia Tensions (February 21, 2022 | Thread V)"
"hxwosaw","sya4x3","t3_sya4x3","t1_hxwo36v","worldnews","1645492930","2022-02-22T01:22:10+00:00","[deleted]","1","[removed]","/r/worldnews/comments/sya4x3/rworldnews_live_thread_ukrainerussia_tensions/hxwosaw/","eb197f888460","2022-02-24","ASSAULT","CONFLICT","Russia and Ukraine ASSAULT each other in the Russia-Ukraine conflict escalation on February 24, 2022.","0.7306","/r/worldnews Live Thread: Ukraine-Russia Tensions (February 21, 2022 | Thread V)"
"hxwosbw","sya4x3","t3_sya4x3","t1_hxwnzfx","worldnews","1645492930","2022-02-22T01:22:10+00:00","sripey","1","What's the significance of the flight?","/r/worldnews/comments/sya4x3/rworldnews_live_thread_ukrainerussia_tensions/hxwosbw/","eb197f888460","2022-02-24","ASSAULT","CONFLICT","Russia and Ukraine ASSAULT each other in the Russia-Ukraine conflict escalation on February 24, 2022.","0.7306","/r/worldnews Live Thread: Ukraine-Russia Tensions (February 21, 2022 | Thread V)"
"hxwosjk","sya4x3","t3_sya4x3","t1_hxwo91b","worldnews","1645492933","2022-02-22T01:22:13+00:00","Feeling-Tutor-6480","13","Sanctions aren't war... They are the opposite","/r/worldnews/comments/sya4x3/rworldnews_live_thread_ukrainerussia_tensions/hxwosjk/","eb197f888460","2022-02-24","ASSAULT","CONFLICT","Russia and Ukraine ASSAULT each other in the Russia-Ukraine conflict escalation on February 24, 2022.","0.7306","/r/worldnews Live Thread: Ukraine-Russia Tensions (February 21, 2022 | Thread V)"
"hxwost1","sya4x3","t3_sya4x3","t1_hxwo1t2","worldnews","1645492936","2022-02-22T01:22:16+00:00","Stohnghost","1","The TOS-01?","/r/worldnews/comments/sya4x3/rworldnews_live_thread_ukrainerussia_tensions/hxwost1/","eb197f888460","2022-02-24","ASSAULT","CONFLICT","Russia and Ukraine ASSAULT each other in the Russia-Ukraine conflict escalation on February 24, 2022.","0.7306","/r/worldnews Live Thread: Ukraine-Russia Tensions (February 21, 2022 | Thread V)"
"hxwoswa","sya4x3","t3_sya4x3","t1_hxwok5m","worldnews","1645492937","2022-02-22T01:22:17+00:00","theflooffamily","6","Agreed. Heard a lot of “oh I haven’t been paying attention”","/r/worldnews/comments/sya4x3/rworldnews_live_thread_ukrainerussia_tensions/hxwoswa/","eb197f888460","2022-02-24","ASSAULT","CONFLICT","Russia and Ukraine ASSAULT each other in the Russia-Ukraine conflict escalation on February 24, 2022.","0.7306","/r/worldnews Live Thread: Ukraine-Russia Tensions (February 21, 2022 | Thread V)"
"hxwot1g","sya4x3","t3_sya4x3","t1_hxwojdf","worldnews","1645492939","2022-02-22T01:22:19+00:00","dabigman9748","-2","I wouldn’t necessarily say that but I will say it certainly didn’t happen when he was in power","/r/worldnews/comments/sya4x3/rworldnews_live_thread_ukrainerussia_tensions/hxwot1g/","eb197f888460","2022-02-24","ASSAULT","CONFLICT","Russia and Ukraine ASSAULT each other in the Russia-Ukraine conflict escalation on February 24, 2022.","0.7306","/r/worldnews Live Thread: Ukraine-Russia Tensions (February 21, 2022 | Thread V)"
"hxwot3i","sya4x3","t3_sya4x3","t1_hxwodyn","worldnews","1645492940","2022-02-22T01:22:20+00:00","AshingiiAshuaa","2","Not when Russia is supplying Europe with their energy.","/r/worldnews/comments/sya4x3/rworldnews_live_thread_ukrainerussia_tensions/hxwot3i/","eb197f888460","2022-02-24","ASSAULT","CONFLICT","Russia and Ukraine ASSAULT each other in the Russia-Ukraine conflict escalation on February 24, 2022.","0.7306","/r/worldnews Live Thread: Ukraine-Russia Tensions (February 21, 2022 | Thread V)"
"hxwot4p","sya4x3","t3_sya4x3","t1_hxwoj99","worldnews","1645492940","2022-02-22T01:22:20+00:00","I_Am_Rockstar","7","This channel has a few streams operating in Kharkiv
https://youtube.com/channel/UCdtq72PMuNhpr7vqyZ5IvVw","/r/worldnews/comments/sya4x3/rworldnews_live_thread_ukrainerussia_tensions/hxwot4p/","eb197f888460","2022-02-24","ASSAULT","CONFLICT","Russia and Ukraine ASSAULT each other in the Russia-Ukraine conflict escalation on February 24, 2022.","0.7306","/r/worldnews Live Thread: Ukraine-Russia Tensions (February 21, 2022 | Thread V)"
"hxwot5l","sya4x3","t3_sya4x3","t3_sya4x3","worldnews","1645492940","2022-02-22T01:22:20+00:00","Illbeanicefella","5","In new soviet Russia, Russia claims U(kraine)","/r/worldnews/comments/sya4x3/rworldnews_live_thread_ukrainerussia_tensions/hxwot5l/","eb197f888460","2022-02-24","ASSAULT","CONFLICT","Russia and Ukraine ASSAULT each other in the Russia-Ukraine conflict escalation on February 24, 2022.","0.7306","/r/worldnews Live Thread: Ukraine-Russia Tensions (February 21, 2022 | Thread V)"
"hxwot5z","sya4x3","t3_sya4x3","t3_sya4x3","worldnews","1645492940","2022-02-22T01:22:20+00:00","tradeparfait","20","can’t believe people wanted US to warm up and be nicer to russia like wtf whose side are you on","/r/worldnews/comments/sya4x3/rworldnews_live_thread_ukrainerussia_tensions/hxwot5z/","eb197f888460","2022-02-24","ASSAULT","CONFLICT","Russia and Ukraine ASSAULT each other in the Russia-Ukraine conflict escalation on February 24, 2022.","0.7306","/r/worldnews Live Thread: Ukraine-Russia Tensions (February 21, 2022 | Thread V)"
"hxwot6m","sya4x3","t3_sya4x3","t1_hxwoizr","worldnews","1645492941","2022-02-22T01:22:21+00:00","hamtrow","2","Now that Russia is moving troops into Eastern urkraine all it takes is one Russian solder getting hurt or killed either by urkraine or Russian themselves. If that happens russia can go on the offensive by claiming defense.","/r/worldnews/comments/sya4x3/rworldnews_live_thread_ukrainerussia_tensions/hxwot6m/","eb197f888460","2022-02-24","ASSAULT","CONFLICT","Russia and Ukraine ASSAULT each other in the Russia-Ukraine conflict escalation on February 24, 2022.","0.7306","/r/worldnews Live Thread: Ukraine-Russia Tensions (February 21, 2022 | Thread V)"
"hxwott9","sya4x3","t3_sya4x3","t1_hxwolr1","worldnews","1645492948","2022-02-22T01:22:28+00:00","Stuthebastard","4","They sure tried their hardest.","/r/worldnews/comments/sya4x3/rworldnews_live_thread_ukrainerussia_tensions/hxwott9/","eb197f888460","2022-02-24","ASSAULT","CONFLICT","Russia and Ukraine ASSAULT each other in the Russia-Ukraine conflict escalation on February 24, 2022.","0.7306","/r/worldnews Live Thread: Ukraine-Russia Tensions (February 21, 2022 | Thread V)"
"hxwotub","sya4x3","t3_sya4x3","t3_sya4x3","worldnews","1645492949","2022-02-22T01:22:29+00:00","[deleted]","7","[removed]","/r/worldnews/comments/sya4x3/rworldnews_live_thread_ukrainerussia_tensions/hxwotub/","eb197f888460","2022-02-24","ASSAULT","CONFLICT","Russia and Ukraine ASSAULT each other in the Russia-Ukraine conflict escalation on February 24, 2022.","0.7306","/r/worldnews Live Thread: Ukraine-Russia Tensions (February 21, 2022 | Thread V)"
"hxwou09","sya4x3","t3_sya4x3","t1_hxwnbd4","worldnews","1645492951","2022-02-22T01:22:31+00:00","SerDigbyChicknCzar","13","Hope those sanctions are SWIFT","/r/worldnews/comments/sya4x3/rworldnews_live_thread_ukrainerussia_tensions/hxwou09/","eb197f888460","2022-02-24","ASSAULT","CONFLICT","Russia and Ukraine ASSAULT each other in the Russia-Ukraine conflict escalation on February 24, 2022.","0.7306","/r/worldnews Live Thread: Ukraine-Russia Tensions (February 21, 2022 | Thread V)"
"hxwou2l","sya4x3","t3_sya4x3","t1_hxwnwow","worldnews","1645492952","2022-02-22T01:22:32+00:00","Hashslingingslashar","1","Hope so. More for us. We need them.","/r/worldnews/comments/sya4x3/rworldnews_live_thread_ukrainerussia_tensions/hxwou2l/","eb197f888460","2022-02-24","ASSAULT","CONFLICT","Russia and Ukraine ASSAULT each other in the Russia-Ukraine conflict escalation on February 24, 2022.","0.7306","/r/worldnews Live Thread: Ukraine-Russia Tensions (February 21, 2022 | Thread V)"
"hxwouah","sya4x3","t3_sya4x3","t1_hxwolxk","worldnews","1645492954","2022-02-22T01:22:34+00:00","DJXiej","0","over","/r/worldnews/comments/sya4x3/rworldnews_live_thread_ukrainerussia_tensions/hxwouah/","eb197f888460","2022-02-24","ASSAULT","CONFLICT","Russia and Ukraine ASSAULT each other in the Russia-Ukraine conflict escalation on February 24, 2022.","0.7306","/r/worldnews Live Thread: Ukraine-Russia Tensions (February 21, 2022 | Thread V)"
"hxwour7","sya4x3","t3_sya4x3","t1_hxwok5m","worldnews","1645492960","2022-02-22T01:22:40+00:00","Professional-Dog1229","2","Blind ignorance and it only helps Russia.","/r/worldnews/comments/sya4x3/rworldnews_live_thread_ukrainerussia_tensions/hxwour7/","eb197f888460","2022-02-24","ASSAULT","CONFLICT","Russia and Ukraine ASSAULT each other in the Russia-Ukraine conflict escalation on February 24, 2022.","0.7306","/r/worldnews Live Thread: Ukraine-Russia Tensions (February 21, 2022 | Thread V)"
"hxwoure","sya4x3","t3_sya4x3","t1_hxwn66z","worldnews","1645492960","2022-02-22T01:22:40+00:00","DJwalrus","3","Ask them what their fuckin deal is","/r/worldnews/comments/sya4x3/rworldnews_live_thread_ukrainerussia_tensions/hxwoure/","eb197f888460","2022-02-24","ASSAULT","CONFLICT","Russia and Ukraine ASSAULT each other in the Russia-Ukraine conflict escalation on February 24, 2022.","0.7306","/r/worldnews Live Thread: Ukraine-Russia Tensions (February 21, 2022 | Thread V)"
"hxwouvj","sya4x3","t3_sya4x3","t1_hxwnwaf","worldnews","1645492962","2022-02-22T01:22:42+00:00","HotpieTargaryen","3","Probably, a public forum now would just be posturing. I don’t think they’ll get much done, but at least people might be more open in a closed door meeting.","/r/worldnews/comments/sya4x3/rworldnews_live_thread_ukrainerussia_tensions/hxwouvj/","eb197f888460","2022-02-24","ASSAULT","CONFLICT","Russia and Ukraine ASSAULT each other in the Russia-Ukraine conflict escalation on February 24, 2022.","0.7306","/r/worldnews Live Thread: Ukraine-Russia Tensions (February 21, 2022 | Thread V)"
"hxwouw8","sya4x3","t3_sya4x3","t3_sya4x3","worldnews","1645492962","2022-02-22T01:22:42+00:00","Seang2989","6","I know we have been talking mostly about Russian movements in the Donbass but what about the naval armada sitting off the coast of Mariupol. Not to mention reports of ships heading toward Odessa as well, I feel we haven't gotten enough information about those areas. Crimea has had troops massing there as well. I feel those are 2 large areas to look out for once the operations get under way.","/r/worldnews/comments/sya4x3/rworldnews_live_thread_ukrainerussia_tensions/hxwouw8/","eb197f888460","2022-02-24","ASSAULT","CONFLICT","Russia and Ukraine ASSAULT each other in the Russia-Ukraine conflict escalation on February 24, 2022.","0.7306","/r/worldnews Live Thread: Ukraine-Russia Tensions (February 21, 2022 | Thread V)"
"hxwouz1","sya4x3","t3_sya4x3","t1_hxwoj99","worldnews","1645492963","2022-02-22T01:22:43+00:00","cecelia999","5","Does anyone have that YouTube channel that streams all of them at once?","/r/worldnews/comments/sya4x3/rworldnews_live_thread_ukrainerussia_tensions/hxwouz1/","eb197f888460","2022-02-24","ASSAULT","CONFLICT","Russia and Ukraine ASSAULT each other in the Russia-Ukraine conflict escalation on February 24, 2022.","0.7306","/r/worldnews Live Thread: Ukraine-Russia Tensions (February 21, 2022 | Thread V)"
"hxwov1c","sya4x3","t3_sya4x3","t1_hxwok5m","worldnews","1645492964","2022-02-22T01:22:44+00:00","meeplewirp","2","Yep. Russia is sitting on someone’s face because they *thought* about joining NATO and Putin is waving his fingers saying there will be no winners if we think we’re going to push him around. Everything is fine here!","/r/worldnews/comments/sya4x3/rworldnews_live_thread_ukrainerussia_tensions/hxwov1c/","eb197f888460","2022-02-24","ASSAULT","CONFLICT","Russia and Ukraine ASSAULT each other in the Russia-Ukraine conflict escalation on February 24, 2022.","0.7306","/r/worldnews Live Thread: Ukraine-Russia Tensions (February 21, 2022 | Thread V)"
"hxwov5y","sya4x3","t3_sya4x3","t1_hxwn38b","worldnews","1645492965","2022-02-22T01:22:45+00:00","Deceiver172","1","I hope this ends without too many casualties in general. Soldiers are still people with dreams and families.","/r/worldnews/comments/sya4x3/rworldnews_live_thread_ukrainerussia_tensions/hxwov5y/","eb197f888460","2022-02-24","ASSAULT","CONFLICT","Russia and Ukraine ASSAULT each other in the Russia-Ukraine conflict escalation on February 24, 2022.","0.7306","/r/worldnews Live Thread: Ukraine-Russia Tensions (February 21, 2022 | Thread V)"
"hxwov76","sya4x3","t3_sya4x3","t1_hxwnoqa","worldnews","1645492966","2022-02-22T01:22:46+00:00","Goblinlibrary","3","I think they’re referencing [this statement](https://twitter.com/francska1/status/1495474850458226689?s=21) from a few months ago that’s been making the rounds.","/r/worldnews/comments/sya4x3/rworldnews_live_thread_ukrainerussia_tensions/hxwov76/","eb197f888460","2022-02-24","ASSAULT","CONFLICT","Russia and Ukraine ASSAULT each other in the Russia-Ukraine conflict escalation on February 24, 2022.","0.7306","/r/worldnews Live Thread: Ukraine-Russia Tensions (February 21, 2022 | Thread V)"
"hxwovbv","sya4x3","t3_sya4x3","t1_hxwoi9z","worldnews","1645492967","2022-02-22T01:22:47+00:00","[deleted]","1","[removed]","/r/worldnews/comments/sya4x3/rworldnews_live_thread_ukrainerussia_tensions/hxwovbv/","eb197f888460","2022-02-24","ASSAULT","CONFLICT","Russia and Ukraine ASSAULT each other in the Russia-Ukraine conflict escalation on February 24, 2022.","0.7306","/r/worldnews Live Thread: Ukraine-Russia Tensions (February 21, 2022 | Thread V)"
"hxwovga","sya4x3","t3_sya4x3","t1_hxwopz7","worldnews","1645492969","2022-02-22T01:22:49+00:00","jaguar_28","1","It’s just a Reddit thing","/r/worldnews/comments/sya4x3/rworldnews_live_thread_ukrainerussia_tensions/hxwovga/","eb197f888460","2022-02-24","ASSAULT","CONFLICT","Russia and Ukraine ASSAULT each other in the Russia-Ukraine conflict escalation on February 24, 2022.","0.7306","/r/worldnews Live Thread: Ukraine-Russia Tensions (February 21, 2022 | Thread V)"
"hxwovku","sya4x3","t3_sya4x3","t1_hxwnvt9","worldnews","1645492971","2022-02-22T01:22:51+00:00","SerDigbyChicknCzar","1","Or even if he does","/r/worldnews/comments/sya4x3/rworldnews_live_thread_ukrainerussia_tensions/hxwovku/","eb197f888460","2022-02-24","ASSAULT","CONFLICT","Russia and Ukraine ASSAULT each other in the Russia-Ukraine conflict escalation on February 24, 2022.","0.7306","/r/worldnews Live Thread: Ukraine-Russia Tensions (February 21, 2022 | Thread V)"
"hxwovsj","sya4x3","t3_sya4x3","t1_hxwnoqa","worldnews","1645492974","2022-02-22T01:22:54+00:00","flecktarnbrother","3","[https://twitter.com/qwest\_\_/status/1495420421142941696](https://twitter.com/qwest__/status/1495420421142941696)  


""Refuse? Then we can take another program. And what, you’ll feel at 4:00 in the morning on February 22. I wish 2022 was a peaceful year, but I love the truth. I’ve been telling the truth for 75 years. It’s going to be a non-peaceful year. It’s going to be a year when, finally, :point\_down:""

""Russia will become a great country .And everyone should shut up and respect our country. Otherwise they’ll shut us up and slaughter the Russians first in the Donbass and then in Western Russia. Let us therefore support a new direction in Russian foreign policy in this regard.""","/r/worldnews/comments/sya4x3/rworldnews_live_thread_ukrainerussia_tensions/hxwovsj/","eb197f888460","2022-02-24","ASSAULT","CONFLICT","Russia and Ukraine ASSAULT each other in the Russia-Ukraine conflict escalation on February 24, 2022.","0.7306","/r/worldnews Live Thread: Ukraine-Russia Tensions (February 21, 2022 | Thread V)"
"hxwovua","sya4x3","t3_sya4x3","t1_hxwoowx","worldnews","1645492974","2022-02-22T01:22:54+00:00","reddit_for_stuff","16","He's not a fan of having Russian troops in his backyard....","/r/worldnews/comments/sya4x3/rworldnews_live_thread_ukrainerussia_tensions/hxwovua/","eb197f888460","2022-02-24","ASSAULT","CONFLICT","Russia and Ukraine ASSAULT each other in the Russia-Ukraine conflict escalation on February 24, 2022.","0.7306","/r/worldnews Live Thread: Ukraine-Russia Tensions (February 21, 2022 | Thread V)"
"hxwovzm","sya4x3","t3_sya4x3","t1_hxwom15","worldnews","1645492976","2022-02-22T01:22:56+00:00","danidr","4","Yeah, I think so too.","/r/worldnews/comments/sya4x3/rworldnews_live_thread_ukrainerussia_tensions/hxwovzm/","eb197f888460","2022-02-24","ASSAULT","CONFLICT","Russia and Ukraine ASSAULT each other in the Russia-Ukraine conflict escalation on February 24, 2022.","0.7306","/r/worldnews Live Thread: Ukraine-Russia Tensions (February 21, 2022 | Thread V)"
"hxwowac","sya4x3","t3_sya4x3","t1_hxwojwi","worldnews","1645492980","2022-02-22T01:23:00+00:00","drevant702","-5","yes and the west is doing nothing to stop it","/r/worldnews/comments/sya4x3/rworldnews_live_thread_ukrainerussia_tensions/hxwowac/","eb197f888460","2022-02-24","ASSAULT","CONFLICT","Russia and Ukraine ASSAULT each other in the Russia-Ukraine conflict escalation on February 24, 2022.","0.7306","/r/worldnews Live Thread: Ukraine-Russia Tensions (February 21, 2022 | Thread V)"
"hxwowqg","sya4x3","t3_sya4x3","t1_hxwotub","worldnews","1645492986","2022-02-22T01:23:06+00:00","[deleted]","7","[removed]","/r/worldnews/comments/sya4x3/rworldnews_live_thread_ukrainerussia_tensions/hxwowqg/","eb197f888460","2022-02-24","ASSAULT","CONFLICT","Russia and Ukraine ASSAULT each other in the Russia-Ukraine conflict escalation on February 24, 2022.","0.7306","/r/worldnews Live Thread: Ukraine-Russia Tensions (February 21, 2022 | Thread V)"
"hxwoww9","sya4x3","t3_sya4x3","t1_hxwnv2h","worldnews","1645492988","2022-02-22T01:23:08+00:00","bonkerzrob","4","Don’t be guilty for feeling that way; it’s all relative. You have every right to be anxious. Hoping all goes well, my friend.","/r/worldnews/comments/sya4x3/rworldnews_live_thread_ukrainerussia_tensions/hxwoww9/","eb197f888460","2022-02-24","ASSAULT","CONFLICT","Russia and Ukraine ASSAULT each other in the Russia-Ukraine conflict escalation on February 24, 2022.","0.7306","/r/worldnews Live Thread: Ukraine-Russia Tensions (February 21, 2022 | Thread V)"
"hxwowxx","sya4x3","t3_sya4x3","t1_hxwooix","worldnews","1645492988","2022-02-22T01:23:08+00:00","CoyoteOnTheWing","7","Washington is repeating over and over that that is the plan. The Russian military buildup is not heavy around Donbas but much more in a position to sweep into Kyiv.","/r/worldnews/comments/sya4x3/rworldnews_live_thread_ukrainerussia_tensions/hxwowxx/","eb197f888460","2022-02-24","ASSAULT","CONFLICT","Russia and Ukraine ASSAULT each other in the Russia-Ukraine conflict escalation on February 24, 2022.","0.7306","/r/worldnews Live Thread: Ukraine-Russia Tensions (February 21, 2022 | Thread V)"
"hxwowzz","sya4x3","t3_sya4x3","t1_hxwn96y","worldnews","1645492989","2022-02-22T01:23:09+00:00","Mjolnir2000","1","Russia claims the entirety of Ukraine.","/r/worldnews/comments/sya4x3/rworldnews_live_thread_ukrainerussia_tensions/hxwowzz/","eb197f888460","2022-02-24","ASSAULT","CONFLICT","Russia and Ukraine ASSAULT each other in the Russia-Ukraine conflict escalation on February 24, 2022.","0.7306","/r/worldnews Live Thread: Ukraine-Russia Tensions (February 21, 2022 | Thread V)"
"hxwox4f","sya4x3","t3_sya4x3","t1_hxwok5m","worldnews","1645492991","2022-02-22T01:23:11+00:00","Purplepicklewind1234","4","My wife knows more about this than she really wants too. Just doing my part","/r/worldnews/comments/sya4x3/rworldnews_live_thread_ukrainerussia_tensions/hxwox4f/","eb197f888460","2022-02-24","ASSAULT","CONFLICT","Russia and Ukraine ASSAULT each other in the Russia-Ukraine conflict escalation on February 24, 2022.","0.7306","/r/worldnews Live Thread: Ukraine-Russia Tensions (February 21, 2022 | Thread V)"
"hxwox6k","sya4x3","t3_sya4x3","t1_hxwotub","worldnews","1645492991","2022-02-22T01:23:11+00:00","[deleted]","1","[removed]","/r/worldnews/comments/sya4x3/rworldnews_live_thread_ukrainerussia_tensions/hxwox6k/","eb197f888460","2022-02-24","ASSAULT","CONFLICT","Russia and Ukraine ASSAULT each other in the Russia-Ukraine conflict escalation on February 24, 2022.","0.7306","/r/worldnews Live Thread: Ukraine-Russia Tensions (February 21, 2022 | Thread V)"
"hxwox7g","sya4x3","t3_sya4x3","t1_hxwnx1k","worldnews","1645492992","2022-02-22T01:23:12+00:00","sripey","1","Micro, some say.","/r/worldnews/comments/sya4x3/rworldnews_live_thread_ukrainerussia_tensions/hxwox7g/","eb197f888460","2022-02-24","ASSAULT","CONFLICT","Russia and Ukraine ASSAULT each other in the Russia-Ukraine conflict escalation on February 24, 2022.","0.7306","/r/worldnews Live Thread: Ukraine-Russia Tensions (February 21, 2022 | Thread V)"
"hxwox7h","sya4x3","t3_sya4x3","t1_hxwooix","worldnews","1645492992","2022-02-22T01:23:12+00:00","theredditoro","3","By the end of this - yeah","/r/worldnews/comments/sya4x3/rworldnews_live_thread_ukrainerussia_tensions/hxwox7h/","eb197f888460","2022-02-24","ASSAULT","CONFLICT","Russia and Ukraine ASSAULT each other in the Russia-Ukraine conflict escalation on February 24, 2022.","0.7306","/r/worldnews Live Thread: Ukraine-Russia Tensions (February 21, 2022 | Thread V)"
"hxwoxbl","sya4x3","t3_sya4x3","t1_hxwok5m","worldnews","1645492993","2022-02-22T01:23:13+00:00","SchizoidGod","2","They're probably right, tbh. It won't hurt them besides in their wallets.","/r/worldnews/comments/sya4x3/rworldnews_live_thread_ukrainerussia_tensions/hxwoxbl/","eb197f888460","2022-02-24","ASSAULT","CONFLICT","Russia and Ukraine ASSAULT each other in the Russia-Ukraine conflict escalation on February 24, 2022.","0.7306","/r/worldnews Live Thread: Ukraine-Russia Tensions (February 21, 2022 | Thread V)"
"hxwoxk7","sya4x3","t3_sya4x3","t1_hxwo35t","worldnews","1645492996","2022-02-22T01:23:16+00:00","Razwog","11","That's wild. You know you're being a dick on the international stage when Switzerland tells you to stop being an ass.","/r/worldnews/comments/sya4x3/rworldnews_live_thread_ukrainerussia_tensions/hxwoxk7/","eb197f888460","2022-02-24","ASSAULT","CONFLICT","Russia and Ukraine ASSAULT each other in the Russia-Ukraine conflict escalation on February 24, 2022.","0.7306","/r/worldnews Live Thread: Ukraine-Russia Tensions (February 21, 2022 | Thread V)"
"hxwoxn4","sya4x3","t3_sya4x3","t1_hxwopz7","worldnews","1645492997","2022-02-22T01:23:17+00:00","dudefromthevill","3","But this time they have crossed the border","/r/worldnews/comments/sya4x3/rworldnews_live_thread_ukrainerussia_tensions/hxwoxn4/","eb197f888460","2022-02-24","ASSAULT","CONFLICT","Russia and Ukraine ASSAULT each other in the Russia-Ukraine conflict escalation on February 24, 2022.","0.7306","/r/worldnews Live Thread: Ukraine-Russia Tensions (February 21, 2022 | Thread V)"
"hxwoxrc","sya4x3","t3_sya4x3","t1_hxwoizr","worldnews","1645492999","2022-02-22T01:23:19+00:00","drakanx","0","Just like how it hurt them after their annexed Crimea...oh wait","/r/worldnews/comments/sya4x3/rworldnews_live_thread_ukrainerussia_tensions/hxwoxrc/","eb197f888460","2022-02-24","ASSAULT","CONFLICT","Russia and Ukraine ASSAULT each other in the Russia-Ukraine conflict escalation on February 24, 2022.","0.7306","/r/worldnews Live Thread: Ukraine-Russia Tensions (February 21, 2022 | Thread V)"
"hxwoxsv","sya4x3","t3_sya4x3","t1_hxwojrg","worldnews","1645493000","2022-02-22T01:23:20+00:00","[deleted]","97","[deleted]","/r/worldnews/comments/sya4x3/rworldnews_live_thread_ukrainerussia_tensions/hxwoxsv/","eb197f888460","2022-02-24","ASSAULT","CONFLICT","Russia and Ukraine ASSAULT each other in the Russia-Ukraine conflict escalation on February 24, 2022.","0.7306","/r/worldnews Live Thread: Ukraine-Russia Tensions (February 21, 2022 | Thread V)"
"hxwoxto","sya4x3","t3_sya4x3","t1_hxwot5z","worldnews","1645493000","2022-02-22T01:23:20+00:00","AstronautNo3","11","The side of oil","/r/worldnews/comments/sya4x3/rworldnews_live_thread_ukrainerussia_tensions/hxwoxto/","eb197f888460","2022-02-24","ASSAULT","CONFLICT","Russia and Ukraine ASSAULT each other in the Russia-Ukraine conflict escalation on February 24, 2022.","0.7306","/r/worldnews Live Thread: Ukraine-Russia Tensions (February 21, 2022 | Thread V)"
"hxwoxvb","sya4x3","t3_sya4x3","t1_hxwo4cz","worldnews","1645493000","2022-02-22T01:23:20+00:00","BlatantConservative","3","What do you mean alert?  Like general mobilization orders?","/r/worldnews/comments/sya4x3/rworldnews_live_thread_ukrainerussia_tensions/hxwoxvb/","eb197f888460","2022-02-24","ASSAULT","CONFLICT","Russia and Ukraine ASSAULT each other in the Russia-Ukraine conflict escalation on February 24, 2022.","0.7306","/r/worldnews Live Thread: Ukraine-Russia Tensions (February 21, 2022 | Thread V)"
