"id","type","subreddit","created_utc","created_iso","author","score","num_comments","title","text","permalink"
"18vojzm","submission","worldnews","1704081761","2024-01-01T04:02:41+00:00","WorldNewsMods","1","1","/r/WorldNews Live Thread: Russian Invasion of Ukraine Day 677, Part 1 (Thread #823)","","/r/worldnews/comments/18vojzm/rworldnews_live_thread_russian_invasion_of/"
"18vql3s","submission","worldnews","1704089770","2024-01-01T06:16:10+00:00","donutloop","1","6","India’s Russian oil imports hit 11-month low in Dec as Sokol cargoes dry up","","/r/worldnews/comments/18vql3s/indias_russian_oil_imports_hit_11month_low_in_dec/"
"18vqm7r","submission","geopolitics","1704089901","2024-01-01T06:18:21+00:00","donutloop","1","4","India, Russia sign deal for future units at nuclear power plant","","/r/geopolitics/comments/18vqm7r/india_russia_sign_deal_for_future_units_at/"
"18vqtok","submission","worldnews","1704090730","2024-01-01T06:32:10+00:00","shadowkuwait","1","0","Russia Retakes Some Land Hard Won by Ukraine During Counteroffensive","","/r/worldnews/comments/18vqtok/russia_retakes_some_land_hard_won_by_ukraine/"
"18vqvw7","submission","worldnews","1704090977","2024-01-01T06:36:17+00:00","new974517","1","336","Zelenskyy: Next year the enemy will experience the fury made in Ukraine","","/r/worldnews/comments/18vqvw7/zelenskyy_next_year_the_enemy_will_experience_the/"
"18vt1aw","submission","worldnews","1704100197","2024-01-01T09:09:57+00:00","znanirani","1","10","Ukraine, Russia Carry Out Attacks to Start New Year","","/r/worldnews/comments/18vt1aw/ukraine_russia_carry_out_attacks_to_start_new_year/"
"18vt1hg","submission","worldnews","1704100214","2024-01-01T09:10:14+00:00","GreatBritishPounds","1","31","Russia says Sakhalin island under threat from Japan tsunami, evacuations","","/r/worldnews/comments/18vt1hg/russia_says_sakhalin_island_under_threat_from/"
"18vu1qs","submission","worldnews","1704104646","2024-01-01T10:24:06+00:00","PenthouseREIT","1","37","Russia launches drone assault after accusing Ukraine of deadly attack within Russia","","/r/worldnews/comments/18vu1qs/russia_launches_drone_assault_after_accusing/"
"18vw3vn","submission","worldnews","1704113306","2024-01-01T12:48:26+00:00","SingaporeCrabby","1","1","Paranoid Putin jails Russia’s youngest ‘SPY’ as anti-war schoolboy who was just 16 when he ‘leaked secrets’ is locked up","","/r/worldnews/comments/18vw3vn/paranoid_putin_jails_russias_youngest_spy_as/"
"18vw6wt","submission","worldnews","1704113655","2024-01-01T12:54:15+00:00","NeverEndingDClock","1","0","Ukraine war: Russia says 14 dead after Ukraine strikes Belgorod - BBC News","","/r/worldnews/comments/18vw6wt/ukraine_war_russia_says_14_dead_after_ukraine/"
"18vxj7e","submission","worldnews","1704118375","2024-01-01T14:12:55+00:00","FearlessRestaurant98","1393","120","Ukraine is using Indian 155mm shells for the Polish Krab SPH","","/r/worldnews/comments/18vxj7e/ukraine_is_using_indian_155mm_shells_for_the/"
"18vz0hp","submission","worldnews","1704123057","2024-01-01T15:30:57+00:00","Red_Franklin","113","3","Ukraine downs 87 out of 90 Russian drones overnight","","/r/worldnews/comments/18vz0hp/ukraine_downs_87_out_of_90_russian_drones/"
"18vzipn","submission","worldnews","1704124533","2024-01-01T15:55:33+00:00","[deleted]","1","1","Ukraine to purchase at least 1 million drones in 2024","[removed]","/r/worldnews/comments/18vzipn/ukraine_to_purchase_at_least_1_million_drones_in/"
"18vzjg1","submission","worldnews","1704124597","2024-01-01T15:56:37+00:00","giuliomagnifico","1","53","Ukraine to Procure One Million FPV Drones in 2024 – Umerov","","/r/worldnews/comments/18vzjg1/ukraine_to_procure_one_million_fpv_drones_in_2024/"
"18vzpky","submission","worldnews","1704125051","2024-01-01T16:04:11+00:00","blllrrrrr","1","0","General Hodges not very optimistic Ukraine could be invited to NATO at Washington summit","","/r/worldnews/comments/18vzpky/general_hodges_not_very_optimistic_ukraine_could/"
"18vzsjd","submission","worldnews","1704125291","2024-01-01T16:08:11+00:00","Silly-avocatoe","1","512","Biden Names Defense of Ukraine Among Main Accomplishments of US in 2023","","/r/worldnews/comments/18vzsjd/biden_names_defense_of_ukraine_among_main/"
"18vztst","submission","worldnews","1704125392","2024-01-01T16:09:52+00:00","blllrrrrr","1","214","Imports of diamonds from Russia to EU banned from today","","/r/worldnews/comments/18vztst/imports_of_diamonds_from_russia_to_eu_banned_from/"
"18w11lm","submission","worldnews","1704128671","2024-01-01T17:04:31+00:00","fbeast77","1","353","Putin Vows to Intensify Attacks against Ukraine","","/r/worldnews/comments/18w11lm/putin_vows_to_intensify_attacks_against_ukraine/"
"18w1oyx","submission","worldnews","1704130417","2024-01-01T17:33:37+00:00","blllrrrrr","1","30","Zelensky says Ukraine has become stronger as war moves closer to second year","","/r/worldnews/comments/18w1oyx/zelensky_says_ukraine_has_become_stronger_as_war/"
"18w2ok9","submission","worldnews","1704133016","2024-01-01T18:16:56+00:00","amazingfoxx","12","1","Russia launches 90 drone attacks on Ukraine in early hours of new year","","/r/worldnews/comments/18w2ok9/russia_launches_90_drone_attacks_on_ukraine_in/"
"18w4m5b","submission","worldnews","1704137884","2024-01-01T19:38:04+00:00","stg_676","1","35","Ukraine is using Indian 155mm shells for the Polish krab sph","","/r/worldnews/comments/18w4m5b/ukraine_is_using_indian_155mm_shells_for_the/"
"18w5lxj","submission","worldnews","1704140364","2024-01-01T20:19:24+00:00","eleventy5thRejection","1","166","Russia launches record number of drones in Ukraine, and Putin says Moscow will intensify its attacks","","/r/worldnews/comments/18w5lxj/russia_launches_record_number_of_drones_in/"
"18w6p6q","submission","worldnews","1704143103","2024-01-01T21:05:03+00:00","Ask4MD","1","7","Musk Interfering with Starlink Disrupted Ukraine’s First Attack on Russian Fleet in Crimea","","/r/worldnews/comments/18w6p6q/musk_interfering_with_starlink_disrupted_ukraines/"
"18w6zzw","submission","worldnews","1704143859","2024-01-01T21:17:39+00:00","Smarzowski","1","0","Russian drones destroyed the museum dedicated to Roman Shukhevych, the leader of UPA, Schutzmannschaft Battalion 201, and Abwehr Nachtigall Battalion.","","/r/worldnews/comments/18w6zzw/russian_drones_destroyed_the_museum_dedicated_to/"
"18w7mzp","submission","worldnews","1704145452","2024-01-01T21:44:12+00:00","FanPractical9683","1","30","The Norwegian government has decided to permit direct sales of weapons and defense-related products from the Norwegian defense industry to the defense authorities in Ukraine.","","/r/worldnews/comments/18w7mzp/the_norwegian_government_has_decided_to_permit/"
"18w7sp6","submission","worldnews","1704145843","2024-01-01T21:50:43+00:00","Robotoro23","1","1","Russian drones destroyed the museum of Roman Shukhevych","","/r/worldnews/comments/18w7sp6/russian_drones_destroyed_the_museum_of_roman/"
"18wb67f","submission","worldnews","1704154507","2024-01-02T00:15:07+00:00","WhoIsJolyonWest","1","80","Russia rounds up thousands of migrants at New Year's Eve festivities, reports say","","/r/worldnews/comments/18wb67f/russia_rounds_up_thousands_of_migrants_at_new/"
"18wcehp","submission","worldnews","1704157798","2024-01-02T01:09:58+00:00","Ask4MD","974","13","Norway To Allow Direct Sales Of Defense-Related Products To Ukraine","","/r/worldnews/comments/18wcehp/norway_to_allow_direct_sales_of_defenserelated/"
"18whci1","submission","worldnews","1704172338","2024-01-02T05:12:18+00:00","WorldNewsMods","1","1","/r/WorldNews Live Thread: Russian Invasion of Ukraine Day 678, Part 1 (Thread #824)","","/r/worldnews/comments/18whci1/rworldnews_live_thread_russian_invasion_of/"
"18whefi","submission","worldnews","1704172509","2024-01-02T05:15:09+00:00","Red_Franklin","1","98","Mediazona confirms identities of over 40,000 Russian soldiers killed in Ukraine","","/r/worldnews/comments/18whefi/mediazona_confirms_identities_of_over_40000/"
"18whf37","submission","geopolitics","1704172568","2024-01-02T05:16:08+00:00","nar_s","1","6","The long game at Red Sea - China, Russia, Iran and N. Korea forming an alliance to pressurise west in the year of elections by impacting supply chains and causing inflation","The long game

Actors: China , Russia , Iran and North Korea

Strategy : Use cheap tactical resources such as Houthis at choke points such as Gulf of Aden where a pincer move can be enacted by Chinese base in Djibouti and Iranians

Hurt the capitalist society by soaring transportation costs and increasing lead times for the end consumer in an election year

With Chinese new year starting in Feb , ports are already at their capacity in china thus forcing Europe to have 3 options

Option 1: use cape of good hope route , most expensive and slowest way to get product

Option 2: use Chinese Europe railway express route , which increases dependence on belt and road initiative however use the trans caspian route to maintain posture that we are avoiding Russian territories

Option 3: use CRE with access from Russian territories thus lifting sanctions

Outcome : Unlike the west , use cheapest option to inflict maximum impact","/r/geopolitics/comments/18whf37/the_long_game_at_red_sea_china_russia_iran_and_n/"
"18wjb2f","submission","worldnews","1704179069","2024-01-02T07:04:29+00:00","Southasianupdate","1","0","Russia will work to enhance role of BRICS in international monetary system","","/r/worldnews/comments/18wjb2f/russia_will_work_to_enhance_role_of_brics_in/"
"18wktge","submission","worldnews","1704185039","2024-01-02T08:43:59+00:00","choosenBeggar-12","8492","685","Ukraine updates: Russia hits Kyiv with heavy missile attack – DW","","/r/worldnews/comments/18wktge/ukraine_updates_russia_hits_kyiv_with_heavy/"
"18wkzn7","submission","worldnews","1704185752","2024-01-02T08:55:52+00:00","[deleted]","1","0","Russia builds ‘Stalin centres’ to restore reputation of dictator","[deleted]","/r/worldnews/comments/18wkzn7/russia_builds_stalin_centres_to_restore/"
"18wm137","submission","worldnews","1704189992","2024-01-02T10:06:32+00:00","uncl3mar1k","1","1","1 dead, 44 wounded, extensive damage, huge craters and burned vehicles – aftermath of Russian attacks on Kharkiv","","/r/worldnews/comments/18wm137/1_dead_44_wounded_extensive_damage_huge_craters/"
"18wm6eg","submission","worldnews","1704190571","2024-01-02T10:16:11+00:00","duckanroll","1","36","Russia launches massive strikes on Kyiv and Kharkiv overnight, killing at least four","","/r/worldnews/comments/18wm6eg/russia_launches_massive_strikes_on_kyiv_and/"
"18wmbo8","submission","worldnews","1704191152","2024-01-02T10:25:52+00:00","Neither_Dependent_24","1","0","Russian drones destroy Ukraine freedom fighter's museum","","/r/worldnews/comments/18wmbo8/russian_drones_destroy_ukraine_freedom_fighters/"
"18wmcy8","submission","worldnews","1704191297","2024-01-02T10:28:17+00:00","[deleted]","1","0","Ukrainian Air Forces intercept all Russian ‘hypersonic’ missiles","[removed]","/r/worldnews/comments/18wmcy8/ukrainian_air_forces_intercept_all_russian/"
"18wme49","submission","worldnews","1704191426","2024-01-02T10:30:26+00:00","PotentialLibrarian28","1","1","Russian media urges Putin to attack British warship","","/r/worldnews/comments/18wme49/russian_media_urges_putin_to_attack_british/"
"18wnimg","submission","worldnews","1704195706","2024-01-02T11:41:46+00:00","MGC91","1","235","Russian media urges Putin to attack British warship","","/r/worldnews/comments/18wnimg/russian_media_urges_putin_to_attack_british/"
"18wo4mw","submission","worldnews","1704197892","2024-01-02T12:18:12+00:00","W-H-I-P-S","1","2","Russia has already won the war in Ukraine","","/r/worldnews/comments/18wo4mw/russia_has_already_won_the_war_in_ukraine/"
"18wobtk","submission","worldnews","1704198567","2024-01-02T12:29:27+00:00","Pravda_UA","1","17","World could implement five measures after 2 new large-scale Russian attacks on Ukraine – Ukraine's Foreign Minister","","/r/worldnews/comments/18wobtk/world_could_implement_five_measures_after_2_new/"
"18wofyr","submission","worldnews","1704198957","2024-01-02T12:35:57+00:00","znanirani","256","13","Russia Strikes Ukrainian Cities After Putin Vow to Intensify Attacks","","/r/worldnews/comments/18wofyr/russia_strikes_ukrainian_cities_after_putin_vow/"
"18wog98","submission","worldnews","1704198985","2024-01-02T12:36:25+00:00","PjeterPannos","1","0","Russian army kills 515 children in Ukraine","","/r/worldnews/comments/18wog98/russian_army_kills_515_children_in_ukraine/"
"18woipd","submission","worldnews","1704199217","2024-01-02T12:40:17+00:00","PjeterPannos","1","201","Norway approves direct arms sales to Ukraine","","/r/worldnews/comments/18woipd/norway_approves_direct_arms_sales_to_ukraine/"
"18wp4qz","submission","worldnews","1704201191","2024-01-02T13:13:11+00:00","blllrrrrr","1","13","Ukraine's Zelensky says Russia suffering heavy losses","","/r/worldnews/comments/18wp4qz/ukraines_zelensky_says_russia_suffering_heavy/"
"18wpkod","submission","worldnews","1704202533","2024-01-02T13:35:33+00:00","enkrstic","1","0","‘Seething’ Putin hammers Ukraine with massive missile and drone attacks","","/r/worldnews/comments/18wpkod/seething_putin_hammers_ukraine_with_massive/"
"18wpqia","submission","worldnews","1704203029","2024-01-02T13:43:49+00:00","duckanroll","1","1","Russian blogger detained for publicly burning her passport ‘for fun’","","/r/worldnews/comments/18wpqia/russian_blogger_detained_for_publicly_burning_her/"
"18wpto4","submission","worldnews","1704203279","2024-01-02T13:47:59+00:00","YaleE360","142","5","European Imports of Russian Pipeline Gas Dropped by Half Last Year","","/r/worldnews/comments/18wpto4/european_imports_of_russian_pipeline_gas_dropped/"
"18wptp1","submission","geopolitics","1704203281","2024-01-02T13:48:01+00:00","W-H-I-P-S","1","0","This Is The Only Way Ukraine Can Survive 2024 (Revealing Interview at the END)","[removed]","/r/geopolitics/comments/18wptp1/this_is_the_only_way_ukraine_can_survive_2024/"
"18wptz5","submission","geopolitics","1704203304","2024-01-02T13:48:24+00:00","W-H-I-P-S","1","0","ISW Unable To COPE With Ukraine's LOSSES | Zaluzhny Knows It's OVER","","/r/geopolitics/comments/18wptz5/isw_unable_to_cope_with_ukraines_losses_zaluzhny/"
"18wpuqg","submission","geopolitics","1704203368","2024-01-02T13:49:28+00:00","W-H-I-P-S","1","0","This Is Why Zelensky Forbids Media On The Front Line","","/r/geopolitics/comments/18wpuqg/this_is_why_zelensky_forbids_media_on_the_front/"
"18wpv0m","submission","geopolitics","1704203392","2024-01-02T13:49:52+00:00","W-H-I-P-S","1","0","Putin’s Raises MASSIVE Army From The DEAD (Watch the end 😉)","","/r/geopolitics/comments/18wpv0m/putins_raises_massive_army_from_the_dead_watch/"
"18wpvug","submission","geopolitics","1704203455","2024-01-02T13:50:55+00:00","W-H-I-P-S","1","0","Deception & Defence: How Putin Did It in 13 Minutes","","/r/geopolitics/comments/18wpvug/deception_defence_how_putin_did_it_in_13_minutes/"
"18wqtv1","submission","worldnews","1704206125","2024-01-02T14:35:25+00:00","blllrrrrr","1","34","Secretary General of Council of Europe calls Russian attacks against Ukraine war crimes","","/r/worldnews/comments/18wqtv1/secretary_general_of_council_of_europe_calls/"
"18wqucd","submission","worldnews","1704206166","2024-01-02T14:36:06+00:00","NoCase7547","1","10","Latvian President on Russia's missile attack: New Year's celebrations are over, the West must act now","","/r/worldnews/comments/18wqucd/latvian_president_on_russias_missile_attack_new/"
"18wqx4e","submission","worldnews","1704206392","2024-01-02T14:39:52+00:00","Tall_Fix9575","1","0","Ukraine is using Indian 155mm shells for the Polish Krab SPH","","/r/worldnews/comments/18wqx4e/ukraine_is_using_indian_155mm_shells_for_the/"
"18wr56h","submission","worldnews","1704207007","2024-01-02T14:50:07+00:00","2be_0r_not2be","1","224","Russia accidentally bombs own village near Ukraine but blames Kyiv: Report","","/r/worldnews/comments/18wr56h/russia_accidentally_bombs_own_village_near/"
"18wr92j","submission","geopolitics","1704207309","2024-01-02T14:55:09+00:00","Tall_Fix9575","1","22","India dials Saudi as Russian oil imports fall to 11-month low","","/r/geopolitics/comments/18wr92j/india_dials_saudi_as_russian_oil_imports_fall_to/"
"18wrbdb","submission","worldnews","1704207487","2024-01-02T14:58:07+00:00","new974517","1","0","Kyiv is under brutal attack! 99 missiles fired by Russia at civilians. No alternative for the EU than to step up support for Ukraine now. Militarily, financially. Putin is at war with the European way of life that Ukraine defends. Wake up, Europe!","","/r/worldnews/comments/18wrbdb/kyiv_is_under_brutal_attack_99_missiles_fired_by/"
"18wrfhr","submission","worldnews","1704207786","2024-01-02T15:03:06+00:00","Red_Franklin","1","1","Russia launches mass missile strikes against Kyiv, Kharkiv","","/r/worldnews/comments/18wrfhr/russia_launches_mass_missile_strikes_against_kyiv/"
"18wrmef","submission","worldnews","1704208315","2024-01-02T15:11:55+00:00","Ambitionlessninja","1","1","Russia pounds Ukraine with missiles and drones, five dead","","/r/worldnews/comments/18wrmef/russia_pounds_ukraine_with_missiles_and_drones/"
"18wsbx9","submission","worldnews","1704210194","2024-01-02T15:43:14+00:00","blllrrrrr","1","303","Poland activates fighter jets to protect airspace as Russia pounds Ukraine with missiles","","/r/worldnews/comments/18wsbx9/poland_activates_fighter_jets_to_protect_airspace/"
"18wseku","submission","geopolitics","1704210388","2024-01-02T15:46:28+00:00","CEPAORG","1","2","The Rebirth of Russian Spycraft","","/r/geopolitics/comments/18wseku/the_rebirth_of_russian_spycraft/"
"18wswll","submission","worldnews","1704211680","2024-01-02T16:08:00+00:00","Stress-Rough","1","261","Turkey to block minehunter ships intended for Ukraine","","/r/worldnews/comments/18wswll/turkey_to_block_minehunter_ships_intended_for/"
"18wtdvq","submission","worldnews","1704212872","2024-01-02T16:27:52+00:00","Hridoy_330","1","0","Russia Launches a Massive Missile Attack Against Kiev","","/r/worldnews/comments/18wtdvq/russia_launches_a_massive_missile_attack_against/"
"18wtepu","submission","worldnews","1704212930","2024-01-02T16:28:50+00:00","EsperaDeus","1","0","A New Year’s interview with Volodymyr Zelensky","","/r/worldnews/comments/18wtepu/a_new_years_interview_with_volodymyr_zelensky/"
"18wu1g5","submission","worldnews","1704214521","2024-01-02T16:55:21+00:00","giuliomagnifico","1","1","Putin Under Pressure to Attack British Military","","/r/worldnews/comments/18wu1g5/putin_under_pressure_to_attack_british_military/"
"18wu7o5","submission","worldnews","1704214912","2024-01-02T17:01:52+00:00","37Dracula37","1","0","Russia Fired 99 Missiles on Ukraine, 72 Downed: At Least Five Killed, Dozens Injured","","/r/worldnews/comments/18wu7o5/russia_fired_99_missiles_on_ukraine_72_downed_at/"
"18wv6mj","submission","worldnews","1704217272","2024-01-02T17:41:12+00:00","Ask4MD","2","0","Russia Fired 99 Missiles on Ukraine, 72 Downed: At Least Five Killed, Dozens Injured","","/r/worldnews/comments/18wv6mj/russia_fired_99_missiles_on_ukraine_72_downed_at/"
"18wv7a0","submission","worldnews","1704217312","2024-01-02T17:41:52+00:00","giuliomagnifico","1","426","Turkey refuses to allow mine-sweeping vessels gifted to Ukraine by UK to enter the Black Sea","","/r/worldnews/comments/18wv7a0/turkey_refuses_to_allow_minesweeping_vessels/"
"18wvjpp","submission","geopolitics","1704218138","2024-01-02T17:55:38+00:00","CEPAORG","1","1","Turn Your Back on Ukraine and Set the World on Fire","","/r/geopolitics/comments/18wvjpp/turn_your_back_on_ukraine_and_set_the_world_on/"
"18wwdhn","submission","worldnews","1704220104","2024-01-02T18:28:24+00:00","4920185","1","0","‘Seething’ Putin hammers Ukraine with massive missile and drone attacks","","/r/worldnews/comments/18wwdhn/seething_putin_hammers_ukraine_with_massive/"
"18wwe1k","submission","geopolitics","1704220140","2024-01-02T18:29:00+00:00","MiddleAmericanAspie","1","9","EU's tough challenges in 2024: Trump, Russia and more- Deutsche Welle","","/r/geopolitics/comments/18wwe1k/eus_tough_challenges_in_2024_trump_russia_and/"
"18wwzal","submission","worldnews","1704221550","2024-01-02T18:52:30+00:00","Stev-svart-88","1","17","Russian missiles hit Ukrainian cities, killing 5 and injuring more than 100 civilians","","/r/worldnews/comments/18wwzal/russian_missiles_hit_ukrainian_cities_killing_5/"
"18wx87m","submission","worldnews","1704222136","2024-01-02T19:02:16+00:00","BubsyFanboy","1","15","Surge in crossings at Poland’s border with Russia ahead of Christmas, angering local Poles","","/r/worldnews/comments/18wx87m/surge_in_crossings_at_polands_border_with_russia/"
"18wxisf","submission","worldnews","1704222841","2024-01-02T19:14:01+00:00","throwaway1215123","1","23","India’s Imports of Russian Crude Oil Fall amid Tighter U.S. Sanctions | OilPrice.com","","/r/worldnews/comments/18wxisf/indias_imports_of_russian_crude_oil_fall_amid/"
"18wxsnu","submission","worldnews","1704223503","2024-01-02T19:25:03+00:00","Pravda_UA","1","55","Estonian President: Russian strikes on civilians will not go unpunished at international tribunal","","/r/worldnews/comments/18wxsnu/estonian_president_russian_strikes_on_civilians/"
"18wxv7h","submission","worldnews","1704223670","2024-01-02T19:27:50+00:00","[deleted]","1","1","Turkey BLOCKS two British Royal Navy minehunters intended for Ukraine from entering its waters","[removed]","/r/worldnews/comments/18wxv7h/turkey_blocks_two_british_royal_navy_minehunters/"
"18wxvv8","submission","worldnews","1704223716","2024-01-02T19:28:36+00:00","Meerpap_fanclub","1","8","Turkey blocks passage of two former British ships to Ukraine","","/r/worldnews/comments/18wxvv8/turkey_blocks_passage_of_two_former_british_ships/"
"18wy08r","submission","worldnews","1704224008","2024-01-02T19:33:28+00:00","mountaintop111","1","1","US funding for Ukraine dries up","","/r/worldnews/comments/18wy08r/us_funding_for_ukraine_dries_up/"
"18wy1ak","submission","worldnews","1704224082","2024-01-02T19:34:42+00:00","AD2023August","1","44","Russian media urges Putin to attack British warship","","/r/worldnews/comments/18wy1ak/russian_media_urges_putin_to_attack_british/"
"18wzsbf","submission","worldnews","1704228249","2024-01-02T20:44:09+00:00","ua-stena","1","0","Polish chess player refused to shake hands with Russian opponent who supports aggression against Ukraine","","/r/worldnews/comments/18wzsbf/polish_chess_player_refused_to_shake_hands_with/"
"18x01yw","submission","worldnews","1704228884","2024-01-02T20:54:44+00:00","ua-stena","1","0","Polish chess player refused to shake hands with Russian opponent who supports aggression against Ukraine","[removed]","/r/worldnews/comments/18x01yw/polish_chess_player_refused_to_shake_hands_with/"
"18x0d7r","submission","worldnews","1704229632","2024-01-02T21:07:12+00:00","BulkAppeal","1","0","Ukrainian troops blow up Russia’s newest radar system","","/r/worldnews/comments/18x0d7r/ukrainian_troops_blow_up_russias_newest_radar/"
"18x0z40","submission","geopolitics","1704231087","2024-01-02T21:31:27+00:00","ForeignAffairsMag","1","44","Russia’s War on Woke: Putin Is Trying to Unite the Far Right and Undermine the West","","/r/geopolitics/comments/18x0z40/russias_war_on_woke_putin_is_trying_to_unite_the/"
"18x1mx2","submission","geopolitics","1704232653","2024-01-02T21:57:33+00:00","W-H-I-P-S","1","0","A Glimpse into the Future Should Putin Win","","/r/geopolitics/comments/18x1mx2/a_glimpse_into_the_future_should_putin_win/"
"18x1qw9","submission","worldnews","1704232902","2024-01-02T22:01:42+00:00","37Dracula37","1","279","Ukraine’s Air Defense Repels World’s Largest Combined Missile Attack Using Hypersonic Weapons","","/r/worldnews/comments/18x1qw9/ukraines_air_defense_repels_worlds_largest/"
"18x387o","submission","worldnews","1704236489","2024-01-02T23:01:29+00:00","WhoIsJolyonWest","1","1","Russia builds ‘Stalin centres’ to restore reputation of dictator","","/r/worldnews/comments/18x387o/russia_builds_stalin_centres_to_restore/"
"18x3g8f","submission","geopolitics","1704237049","2024-01-02T23:10:49+00:00","WhoIsJolyonWest","1","9","Russia builds ‘Stalin centres’ to restore reputation of dictator","","/r/geopolitics/comments/18x3g8f/russia_builds_stalin_centres_to_restore/"
"18x3rwr","submission","worldnews","1704237879","2024-01-02T23:24:39+00:00","WhoIsJolyonWest","1","0","The Monster Returns: Stalin Looms Large Over Putin's Russia","","/r/worldnews/comments/18x3rwr/the_monster_returns_stalin_looms_large_over/"
"18x5hun","submission","worldnews","1704242230","2024-01-03T00:37:10+00:00","Majano57","1","214","Trudeau reassures Zelenskyy of Canada's support for Ukraine 'for as long as it takes'","","/r/worldnews/comments/18x5hun/trudeau_reassures_zelenskyy_of_canadas_support/"
"18x8bux","submission","worldnews","1704249978","2024-01-03T02:46:18+00:00","Ask4MD","1","210","Ukraine’s Air Defense Repels World’s Largest Combined Missile Attack Using Hypersonic Weapons","","/r/worldnews/comments/18x8bux/ukraines_air_defense_repels_worlds_largest/"
"18x8tcn","submission","worldnews","1704251381","2024-01-03T03:09:41+00:00","TheRealMykola","1","84","Bundestag calls for provision of Taurus missiles to Ukraine after Russian attack","","/r/worldnews/comments/18x8tcn/bundestag_calls_for_provision_of_taurus_missiles/"
"18x8uoa","submission","worldnews","1704251480","2024-01-03T03:11:20+00:00","TheRealMykola","1","19","Zelenskyy tells UK PM that Russia fired 500 missiles and drones on Ukraine in five days","","/r/worldnews/comments/18x8uoa/zelenskyy_tells_uk_pm_that_russia_fired_500/"
"18x9ks2","submission","worldnews","1704253630","2024-01-03T03:47:10+00:00","TheRealMykola","1","30","Poland scrambles F-16s to defend airspace during Russian attacks on Ukraine","","/r/worldnews/comments/18x9ks2/poland_scrambles_f16s_to_defend_airspace_during/"
"18x9sbc","submission","worldnews","1704254266","2024-01-03T03:57:46+00:00","mrwhiskeyrum","1","1","Ukraine Receives Tactical Vehicles From Japan","","/r/worldnews/comments/18x9sbc/ukraine_receives_tactical_vehicles_from_japan/"
"18x9w1u","submission","worldnews","1704254568","2024-01-03T04:02:48+00:00","WorldNewsMods","1","1","/r/WorldNews Live Thread: Russian Invasion of Ukraine Day 679, Part 1 (Thread #825)","","/r/worldnews/comments/18x9w1u/rworldnews_live_thread_russian_invasion_of/"
"18xb4gb","submission","worldnews","1704258357","2024-01-03T05:05:57+00:00","Pristine-Lake-2673","1","4","Ukraine war: Blasts reported in Russian city Belgorod and occupied Crimea","","/r/worldnews/comments/18xb4gb/ukraine_war_blasts_reported_in_russian_city/"
"18xbzxu","submission","worldnews","1704261190","2024-01-03T05:53:10+00:00","Red_Franklin","1","65","Putin hopes to convince the West to betray Ukraine","","/r/worldnews/comments/18xbzxu/putin_hopes_to_convince_the_west_to_betray_ukraine/"
"18xcurl","submission","geopolitics","1704264079","2024-01-03T06:41:19+00:00","Magicalsandwichpress","1","76","Seizing Russian reserves is the right thing to do","https://www.ft.com/content/b2446a0d-de0a-4cc0-a600-87dc1643f844","/r/geopolitics/comments/18xcurl/seizing_russian_reserves_is_the_right_thing_to_do/"
"18xdj79","submission","worldnews","1704266580","2024-01-03T07:23:00+00:00","Red_Franklin","1","28","Sunak Tells Zelenskiy U.K. Will 'Stand Steadfastly By Ukraine'","","/r/worldnews/comments/18xdj79/sunak_tells_zelenskiy_uk_will_stand_steadfastly/"
"18xdw9q","submission","worldnews","1704268022","2024-01-03T07:47:02+00:00","vincevega87","1","9","World could implement five measures after 2 new large-scale Russian attacks on Ukraine – Ukraine's Foreign Minister","","/r/worldnews/comments/18xdw9q/world_could_implement_five_measures_after_2_new/"
"18xf2ok","submission","worldnews","1704272725","2024-01-03T09:05:25+00:00","choosenBeggar-12","1","9","Ukraine updates: Russia reports new Belgorod missile attack","","/r/worldnews/comments/18xf2ok/ukraine_updates_russia_reports_new_belgorod/"
"18xfexd","submission","worldnews","1704274150","2024-01-03T09:29:10+00:00","AD2023August","1","2","‘I’m in shock:’ Russia’s mass attack on Kyiv shatters lives and dreams","","/r/worldnews/comments/18xfexd/im_in_shock_russias_mass_attack_on_kyiv_shatters/"
"18xfwbd","submission","worldnews","1704276148","2024-01-03T10:02:28+00:00","twotwo_twentytwo","1","12","EU adds Russia's biggest diamond producer Alrosa to sanctions list","","/r/worldnews/comments/18xfwbd/eu_adds_russias_biggest_diamond_producer_alrosa/"
"18xfx6a","submission","worldnews","1704276243","2024-01-03T10:04:03+00:00","[deleted]","1","0","Polish FM: &#x27;We should respond to the latest onslaught on Ukraine in language that Putin understands&#x27;","[deleted]","/r/worldnews/comments/18xfx6a/polish_fm_x27we_should_respond_to_the_latest/"
"18xfxja","submission","worldnews","1704276283","2024-01-03T10:04:43+00:00","AD2023August","1","166","Polish FM: We should respond to the latest onslaught on Ukraine in language that Putin understands","","/r/worldnews/comments/18xfxja/polish_fm_we_should_respond_to_the_latest/"
"18xg814","submission","worldnews","1704277424","2024-01-03T10:23:44+00:00","prosyscoms","1","14","India, Russia Reaffirm Friendship, Discuss Growing Trade, Strategic Ties","","/r/worldnews/comments/18xg814/india_russia_reaffirm_friendship_discuss_growing/"
"18xgc9p","submission","geopolitics","1704277886","2024-01-03T10:31:26+00:00","yellowbai","1","30","It’s quite simple why India and China support Russia","The war in Ukraine is not just a land grab. Russia doesn’t need more land.

It’s a fight against the entire Western dominated global order headed by the United States.

It’s first time since the ending of a period from the collapse of the USSR where there is an attempt to decisively stop this.

The biggest benefit to the ending of this order are China and India. It will usher in genuine a multipolar world.

Also western percentage of global GDP has declined to only 40% since 70% in the 90s.","/r/geopolitics/comments/18xgc9p/its_quite_simple_why_india_and_china_support/"
"18xgzn4","submission","worldnews","1704280310","2024-01-03T11:11:50+00:00","znanirani","1","1","Russia Says it Repelled Ukrainian Missile Attack on Belgorod Region","","/r/worldnews/comments/18xgzn4/russia_says_it_repelled_ukrainian_missile_attack/"
"18xhirr","submission","worldnews","1704282296","2024-01-03T11:44:56+00:00","Etearnum","1","0","""This is the bottom."" Russian gas exports have collapsed to 1985 levels","","/r/worldnews/comments/18xhirr/this_is_the_bottom_russian_gas_exports_have/"
"18xhpkt","submission","worldnews","1704282979","2024-01-03T11:56:19+00:00","new974517","1","3","Bundestag Defense Committee chief urges Germany to send Taurus missiles to Ukraine.","","/r/worldnews/comments/18xhpkt/bundestag_defense_committee_chief_urges_germany/"
"18xhvnj","submission","worldnews","1704283550","2024-01-03T12:05:50+00:00","new974517","1","53","Thousands of migrants detained in Russia to recruit ""volunteers"" for war","","/r/worldnews/comments/18xhvnj/thousands_of_migrants_detained_in_russia_to/"
"18xifl1","submission","worldnews","1704285410","2024-01-03T12:36:50+00:00","duckanroll","1","5","EU imposes sanctions on Russia’s largest diamond mining group and its CEO","","/r/worldnews/comments/18xifl1/eu_imposes_sanctions_on_russias_largest_diamond/"
"18xiznh","submission","worldnews","1704287206","2024-01-03T13:06:46+00:00","WhoIsJolyonWest","1","3","Putin’s Gangster State Is Back for One Last Scare","","/r/worldnews/comments/18xiznh/putins_gangster_state_is_back_for_one_last_scare/"
"18xj5mb","submission","worldnews","1704287740","2024-01-03T13:15:40+00:00","HelloSlowly","1","23","Head of notorious Russian torture prison in Donetsk sentenced to 15 years","","/r/worldnews/comments/18xj5mb/head_of_notorious_russian_torture_prison_in/"
"18xjel3","submission","geopolitics","1704288506","2024-01-03T13:28:26+00:00","ForeignAffairsMag","1","186","The War in Ukraine Is Not a Stalemate: Last Year’s Counteroffensive Failed—but the West Can Prevent a Russian Victory This Year","","/r/geopolitics/comments/18xjel3/the_war_in_ukraine_is_not_a_stalemate_last_years/"
"18xkfy4","submission","geopolitics","1704291501","2024-01-03T14:18:21+00:00","History_Fella4821","1","0","What does the future hold for russia?","[removed]","/r/geopolitics/comments/18xkfy4/what_does_the_future_hold_for_russia/"
"18xkh80","submission","worldnews","1704291606","2024-01-03T14:20:06+00:00","Red_Franklin","1","17","Ukraine Military intelligence: Putin's party recruits people for its own mercenary company","","/r/worldnews/comments/18xkh80/ukraine_military_intelligence_putins_party/"
"18xkweo","submission","worldnews","1704292762","2024-01-03T14:39:22+00:00","blllrrrrr","1","0","Latvian court orders asylum for Russian who fought for Ukraine","","/r/worldnews/comments/18xkweo/latvian_court_orders_asylum_for_russian_who/"
"18xlf52","submission","worldnews","1704294186","2024-01-03T15:03:06+00:00","giuliomagnifico","1","1420","NATO to buy 1,000 Patriot missiles in face of Russia threat","","/r/worldnews/comments/18xlf52/nato_to_buy_1000_patriot_missiles_in_face_of/"
"18xm3xv","submission","worldnews","1704295994","2024-01-03T15:33:14+00:00","peretonea","1","1","China’s advanced machine tool exports to Russia soar after Ukraine invasion","","/r/worldnews/comments/18xm3xv/chinas_advanced_machine_tool_exports_to_russia/"
"18xnhh5","submission","worldnews","1704299510","2024-01-03T16:31:50+00:00","HelloSlowly","1","0","Russia and Ukraine exchange hundreds of prisoners of war in deal brokered by UAE","","/r/worldnews/comments/18xnhh5/russia_and_ukraine_exchange_hundreds_of_prisoners/"
"18xnhpb","submission","worldnews","1704299527","2024-01-03T16:32:07+00:00","ExactlySorta","1","0","Russia and Ukraine exchange hundreds of prisoners of war in deal brokered by UAE","","/r/worldnews/comments/18xnhpb/russia_and_ukraine_exchange_hundreds_of_prisoners/"
"18xnk9o","submission","worldnews","1704299718","2024-01-03T16:35:18+00:00","RusynSlovak","1","8","Russia and Ukraine exchange hundreds of prisoners of war in deal brokered by UAE","","/r/worldnews/comments/18xnk9o/russia_and_ukraine_exchange_hundreds_of_prisoners/"
"18xp9r3","submission","worldnews","1704304420","2024-01-03T17:53:40+00:00","FanPractical9683","1","1","German government now not planning to supply Taurus missiles to Ukraine","","/r/worldnews/comments/18xp9r3/german_government_now_not_planning_to_supply/"
"18xpdph","submission","worldnews","1704304689","2024-01-03T17:58:09+00:00","lurker_bee","1","7","Turkey to block minehunter ships intended for Ukraine","","/r/worldnews/comments/18xpdph/turkey_to_block_minehunter_ships_intended_for/"
"18xpmui","submission","worldnews","1704305277","2024-01-03T18:07:57+00:00","FanPractical9683","1435","132","Berlin decries Russian strikes on Ukraine, but Scholz still opposes supplying Taurus missiles to Kyiv","","/r/worldnews/comments/18xpmui/berlin_decries_russian_strikes_on_ukraine_but/"
"18xqbp4","submission","worldnews","1704306951","2024-01-03T18:35:51+00:00","ReyhanSerdar","1","0","Turkey’s exports to Saudi Arabia, UAE and Russia shoot up in 2023: Erdogan","","/r/worldnews/comments/18xqbp4/turkeys_exports_to_saudi_arabia_uae_and_russia/"
"18xqk2v","submission","worldnews","1704307512","2024-01-03T18:45:12+00:00","blllrrrrr","1","129","NATO-Ukraine Council to hold emergency meeting in response to Russia’s mass strikes on Ukraine","","/r/worldnews/comments/18xqk2v/natoukraine_council_to_hold_emergency_meeting_in/"
"18xqlvh","submission","geopolitics","1704307630","2024-01-03T18:47:10+00:00","Trutlinde","1","0","Kyiv Attack: War Crimes Investigatio.n In February 2022, Putin's attack on Kiev failed. This report exposes the war crimes in Hostomel, where Russian troops shot civilians. Five suspected commanders are being tried in absentia in Kiev. What do you think about the current revelations?","","/r/geopolitics/comments/18xqlvh/kyiv_attack_war_crimes_investigation_in_february/"
"18xqvue","submission","worldnews","1704308293","2024-01-03T18:58:13+00:00","Trutlinde","1","0","The failed Russian attack on Kiev in February 2022 reveals shocking details. In Hostomel, civilians were apparently deliberately shot by Russian troops.","","/r/worldnews/comments/18xqvue/the_failed_russian_attack_on_kiev_in_february/"
"18xr0c7","submission","worldnews","1704308571","2024-01-03T19:02:51+00:00","NoCase7547","1","75","Ukraine's Foreign Minister: Trump is a man you can work with, you just need to know how","","/r/worldnews/comments/18xr0c7/ukraines_foreign_minister_trump_is_a_man_you_can/"
"18xs7rr","submission","worldnews","1704311406","2024-01-03T19:50:06+00:00","ubcstaffer123","1","29","Over 17,000 Russians Crossed Poland’s Border With Kaliningrad in a Period of 5 Days","","/r/worldnews/comments/18xs7rr/over_17000_russians_crossed_polands_border_with/"
"18xsftw","submission","worldnews","1704311951","2024-01-03T19:59:11+00:00","Electrical_Break_984","1","87","NASA and Russia will keep launching each other's astronauts to ISS until 2025: report","","/r/worldnews/comments/18xsftw/nasa_and_russia_will_keep_launching_each_others/"
"18xtt5i","submission","worldnews","1704315282","2024-01-03T20:54:42+00:00","HydrolicKrane","1","20","Ukraine struck a new $250 million Russian artillery radar system right after the military touted its arrival","","/r/worldnews/comments/18xtt5i/ukraine_struck_a_new_250_million_russian/"
"18xwthk","submission","worldnews","1704322561","2024-01-03T22:56:01+00:00","ficerck","1","36","India and Russia inch closer to jointly producing weapons","","/r/worldnews/comments/18xwthk/india_and_russia_inch_closer_to_jointly_producing/"
"18xz599","submission","worldnews","1704328343","2024-01-04T00:32:23+00:00","eleventy5thRejection","1","22","EU targets world's biggest diamond miner as part of Russia war sanctions","","/r/worldnews/comments/18xz599/eu_targets_worlds_biggest_diamond_miner_as_part/"
"18xznhi","submission","worldnews","1704329648","2024-01-04T00:54:08+00:00","Sea-Violinist9915","1","6","Ukraine and Russia announce largest prisoner swap since start of war","","/r/worldnews/comments/18xznhi/ukraine_and_russia_announce_largest_prisoner_swap/"
"18y0e9q","submission","worldnews","1704331603","2024-01-04T01:26:43+00:00","BulkAppeal","1","0","That One Time, Russia Sold Out Wagner Mercenaries And USA Let Loose.","","/r/worldnews/comments/18y0e9q/that_one_time_russia_sold_out_wagner_mercenaries/"
"18y1n48","submission","worldnews","1704334979","2024-01-04T02:22:59+00:00","miolmok","113","2","Russia and Ukraine exchange hundreds of prisoners of war","","/r/worldnews/comments/18y1n48/russia_and_ukraine_exchange_hundreds_of_prisoners/"
"18y2kgh","submission","worldnews","1704337583","2024-01-04T03:06:23+00:00","Saltedline","1","34","Japan to give Ukraine biofuel technology to support reconstruction","","/r/worldnews/comments/18y2kgh/japan_to_give_ukraine_biofuel_technology_to/"
"18y3psw","submission","worldnews","1704340973","2024-01-04T04:02:53+00:00","WorldNewsMods","1","444","/r/WorldNews Live Thread: Russian Invasion of Ukraine Day 680, Part 1 (Thread #826)","","/r/worldnews/comments/18y3psw/rworldnews_live_thread_russian_invasion_of/"
"18y4n4c","submission","worldnews","1704343850","2024-01-04T04:50:50+00:00","VictorEmmanuelIV","1","4","IAEA Denied Access to Parts of Russia-Controlled Ukraine Power Plant","","/r/worldnews/comments/18y4n4c/iaea_denied_access_to_parts_of_russiacontrolled/"
"18y5csp","submission","worldnews","1704346161","2024-01-04T05:29:21+00:00","Ask4MD","1","0","British Intelligence: Russia Adopts Missile-Strike Tactics Shift from Energy Sector to Military Facilities","","/r/worldnews/comments/18y5csp/british_intelligence_russia_adopts_missilestrike/"
"18y5ql1","submission","worldnews","1704347397","2024-01-04T05:49:57+00:00","donutloop","79","33","India's Russian oil imports drop on pricing, not due to payment woes","","/r/worldnews/comments/18y5ql1/indias_russian_oil_imports_drop_on_pricing_not/"
"18y5t3h","submission","worldnews","1704347628","2024-01-04T05:53:48+00:00","HydrolicKrane","1","150","Ukraine struck a new $250 million Russian artillery radar system right after the military touted its arrival","","/r/worldnews/comments/18y5t3h/ukraine_struck_a_new_250_million_russian/"
"18y6rhn","submission","worldnews","1704351081","2024-01-04T06:51:21+00:00","Red_Franklin","1","7","‘I’m in shock:’ Russia’s mass attack on Kyiv shatters lives and dreams","","/r/worldnews/comments/18y6rhn/im_in_shock_russias_mass_attack_on_kyiv_shatters/"
"18y7iu5","submission","worldnews","1704354017","2024-01-04T07:40:17+00:00","ZachariahNeff","1","3","Google, Meta and Tiktok's debts removed from Russian database - bailiffs","","/r/worldnews/comments/18y7iu5/google_meta_and_tiktoks_debts_removed_from/"
"18y7tqb","submission","worldnews","1704355229","2024-01-04T08:00:29+00:00","IWasWearingEyeliner","1","256","Polish PM warns of possible Russian aggression against Europe. Donald Tusk believes that Russia may attack Europe in the next few years","","/r/worldnews/comments/18y7tqb/polish_pm_warns_of_possible_russian_aggression/"
"18y8r9x","submission","worldnews","1704359037","2024-01-04T09:03:57+00:00","znanirani","15","1","Ukrainian Apartment Dweller Works Hard to Cope After Russian Bombing","","/r/worldnews/comments/18y8r9x/ukrainian_apartment_dweller_works_hard_to_cope/"
"18yb4oo","submission","worldnews","1704368305","2024-01-04T11:38:25+00:00","Stev-svart-88","1","4","UN inspectors denied access to parts of Russian occupied Ukraine nuclear plant -IAEA","","/r/worldnews/comments/18yb4oo/un_inspectors_denied_access_to_parts_of_russian/"
"18yb52a","submission","worldnews","1704368342","2024-01-04T11:39:02+00:00","blllrrrrr","1","40","Over 220 Russian soldiers surrender through 'I want to live' hotline","","/r/worldnews/comments/18yb52a/over_220_russian_soldiers_surrender_through_i/"
"18yb9w0","submission","worldnews","1704368799","2024-01-04T11:46:39+00:00","sasko12","1","70","Russia and Ukraine exchange hundreds of prisoners of war in biggest release so far","","/r/worldnews/comments/18yb9w0/russia_and_ukraine_exchange_hundreds_of_prisoners/"
"18ybfkl","submission","worldnews","1704369359","2024-01-04T11:55:59+00:00","4JJ5","1","2","WSJ News Exclusive | Russia Moves Forward With Plans to Buy Iranian Ballistic Missiles","","/r/worldnews/comments/18ybfkl/wsj_news_exclusive_russia_moves_forward_with/"
"18ybom6","submission","worldnews","1704370205","2024-01-04T12:10:05+00:00","SabziPoloBaMahee","1","1","WSJ News Exclusive | Russia Moves Forward With Plans to Buy Iranian Ballistic Missiles","","/r/worldnews/comments/18ybom6/wsj_news_exclusive_russia_moves_forward_with/"
"18ybp4v","submission","worldnews","1704370247","2024-01-04T12:10:47+00:00","blllrrrrr","1","48","Media: Ukraine's military intelligence burned Russian Su-34 jet at airbase","","/r/worldnews/comments/18ybp4v/media_ukraines_military_intelligence_burned/"
"18ybpxm","submission","worldnews","1704370319","2024-01-04T12:11:59+00:00","SabziPoloBaMahee","1","0","Russia goes ahead with plans to buy Iranian ballistic missiles: Report","","/r/worldnews/comments/18ybpxm/russia_goes_ahead_with_plans_to_buy_iranian/"
"18yc41a","submission","worldnews","1704371604","2024-01-04T12:33:24+00:00","SmOkInSkUlL444","1","0","Ukraine 'blows up Russian jet 1,000 miles behind enemy lines","","/r/worldnews/comments/18yc41a/ukraine_blows_up_russian_jet_1000_miles_behind/"
"18yc6o2","submission","worldnews","1704371838","2024-01-04T12:37:18+00:00","CrimsonLancet","1","1","Russia Moves Forward With Plans to Buy Iranian Ballistic Missiles – Moscow, in recent weeks, has also begun receiving ballistic missiles from North Korea","","/r/worldnews/comments/18yc6o2/russia_moves_forward_with_plans_to_buy_iranian/"
"18ycthm","submission","worldnews","1704373808","2024-01-04T13:10:08+00:00","new974517","1","0","So Far Russia Hasn’t Destroyed Even One Of Ukraine’s 39 HIMARS","","/r/worldnews/comments/18ycthm/so_far_russia_hasnt_destroyed_even_one_of/"
"18yd4yu","submission","worldnews","1704374777","2024-01-04T13:26:17+00:00","blllrrrrr","1","1","Russian hackers were inside Ukraine telecoms giant for months","","/r/worldnews/comments/18yd4yu/russian_hackers_were_inside_ukraine_telecoms/"
"18ydoui","submission","worldnews","1704376395","2024-01-04T13:53:15+00:00","blllrrrrr","1","0","Ukraine struck a new $250 million Russian artillery radar system right after the military touted its arrival","","/r/worldnews/comments/18ydoui/ukraine_struck_a_new_250_million_russian/"
"18yds29","submission","worldnews","1704376666","2024-01-04T13:57:46+00:00","Less-Study5669","1","169","Report: Russia Plans To Acquire Iranian Short-Range Missiles, Already Getting North Korean Ones","","/r/worldnews/comments/18yds29/report_russia_plans_to_acquire_iranian_shortrange/"
"18ydzch","submission","worldnews","1704377209","2024-01-04T14:06:49+00:00","TheDarthSnarf","1","1","Russia and Ukraine target each other’s defence industry amid land stalemate","","/r/worldnews/comments/18ydzch/russia_and_ukraine_target_each_others_defence/"
"18yedzn","submission","worldnews","1704378343","2024-01-04T14:25:43+00:00","new974517","1","5","Ukraine struck a new $250 million Russian artillery radar system right after the military touted its arrival","","/r/worldnews/comments/18yedzn/ukraine_struck_a_new_250_million_russian/"
"18yem7v","submission","worldnews","1704378991","2024-01-04T14:36:31+00:00","Red_Franklin","1","45","WSJ: Russia plans to buy ballistic missiles from Iran","","/r/worldnews/comments/18yem7v/wsj_russia_plans_to_buy_ballistic_missiles_from/"
"18yenol","submission","worldnews","1704379111","2024-01-04T14:38:31+00:00","new974517","1","0","The UK to provide Ukraine with 200 air defense missiles","","/r/worldnews/comments/18yenol/the_uk_to_provide_ukraine_with_200_air_defense/"
"18yf1o0","submission","worldnews","1704380182","2024-01-04T14:56:22+00:00","Technical_Soil4193","1","0","Russia to buy short-range ballistic missiles from Iran - report","","/r/worldnews/comments/18yf1o0/russia_to_buy_shortrange_ballistic_missiles_from/"
"18yfa6k","submission","worldnews","1704380812","2024-01-04T15:06:52+00:00","UNITED24Media","1","1","Russia Moves Forward With Plans to Buy Iranian Ballistic Missiles","","/r/worldnews/comments/18yfa6k/russia_moves_forward_with_plans_to_buy_iranian/"
"18ygitr","submission","worldnews","1704384105","2024-01-04T16:01:45+00:00","Kindred87","1","517","Putin offers citizenship to foreigners who fight for Russia","","/r/worldnews/comments/18ygitr/putin_offers_citizenship_to_foreigners_who_fight/"
"18yh3u2","submission","worldnews","1704385573","2024-01-04T16:26:13+00:00","blllrrrrr","1","1","Ukraine’s US missiles have exposed Putin’s hypersonic ‘super weapons’ as frauds","","/r/worldnews/comments/18yh3u2/ukraines_us_missiles_have_exposed_putins/"
"18yh5kq","submission","worldnews","1704385696","2024-01-04T16:28:16+00:00","[deleted]","1","0","Putin may 'seek confrontation with West' to justify high Russian losses in Ukraine","[removed]","/r/worldnews/comments/18yh5kq/putin_may_seek_confrontation_with_west_to_justify/"
"18yh704","submission","worldnews","1704385798","2024-01-04T16:29:58+00:00","blllrrrrr","1044","115","‘Putin is an animal; he will devour you and your democracy’ — Zelenskyy","","/r/worldnews/comments/18yh704/putin_is_an_animal_he_will_devour_you_and_your/"
"18yhdhq","submission","worldnews","1704386244","2024-01-04T16:37:24+00:00","openmango_","2","117","EU still buying $1bn of Russian Arctic LNG a month","","/r/worldnews/comments/18yhdhq/eu_still_buying_1bn_of_russian_arctic_lng_a_month/"
"18yizuo","submission","worldnews","1704390273","2024-01-04T17:44:33+00:00","Ask4MD","1","11","Russia Adopts Missile-Strike Tactics Shift from Energy Sector to Military Facilities - British Intel","","/r/worldnews/comments/18yizuo/russia_adopts_missilestrike_tactics_shift_from/"
"18yjqyq","submission","worldnews","1704392127","2024-01-04T18:15:27+00:00","Saltedline","1","124","N. Korea recently sent missile launchers, several dozen ballistic missiles to Russia: U.S. official","","/r/worldnews/comments/18yjqyq/n_korea_recently_sent_missile_launchers_several/"
"18yju08","submission","geopolitics","1704392340","2024-01-04T18:19:00+00:00","MergingConcepts","1","39","The Ukraine Conflict as a Monkey Trap","The proverbial monkey trap is made by drilling a hole in the side of a hollow log.  A piece of fruit the size of the hole is placed inside the log.  A monkey will reach in and grab the apple, but cannot pull it out.  As a hunter approaches, the monkey is trapped by its unwillingness to let go of the apple.     
   
Vladimir Putin is caught in a monkey trap of his own making.  He entered Ukraine, grabbed part of it, and publicly claimed it for his own.  Now he cannot let go.   
   
Europe and the US have skillfully manipulated the situation, providing just enough support to Ukraine to maintain the conflict.  Putin cannot take the apple, and he cannot let go.  He is left to exhaust himself and his nation as they thrash about in the trap.     
   
Of course, the cost to the Ukrainian people should not be dismissed.  This burden might have fallen upon any one of several other Russian neighbors. It was inevitable that someone would fall prey to Putin’s ambitions.  The world is fortunate that Putin chose a neighbor as strong as Ukraine.     
   
The end result will be regime change in Russia, a safer Europe and, hopefully, a reformed, truly democratic Russia.    
","/r/geopolitics/comments/18yju08/the_ukraine_conflict_as_a_monkey_trap/"
"18yjy3z","submission","worldnews","1704392605","2024-01-04T18:23:25+00:00","Ask4MD","1","171","Putin Signs Citizenship Decree To Attract Foreigners To Fight For Russia","","/r/worldnews/comments/18yjy3z/putin_signs_citizenship_decree_to_attract/"
"18yk190","submission","worldnews","1704392815","2024-01-04T18:26:55+00:00","giuliomagnifico","1","276","Russia fires North Korean missiles into Ukraine, says U.S. intelligence","","/r/worldnews/comments/18yk190/russia_fires_north_korean_missiles_into_ukraine/"
"18yk1aq","submission","worldnews","1704392817","2024-01-04T18:26:57+00:00","Saltedline","2","2","Putin speeds up a citizenship path for foreigners who enlist in the Russian military","","/r/worldnews/comments/18yk1aq/putin_speeds_up_a_citizenship_path_for_foreigners/"
"18ykszk","submission","worldnews","1704394668","2024-01-04T18:57:48+00:00","ExactlySorta","1","0","US says Russia has used North Korean ballistic missiles in Ukraine and is seeking Iranian missiles","","/r/worldnews/comments/18ykszk/us_says_russia_has_used_north_korean_ballistic/"
"18ykzpx","submission","worldnews","1704395108","2024-01-04T19:05:08+00:00","UNITED24Media","1","34","White House: North Korea recently provided Russia with ballistic missiles, launchers","","/r/worldnews/comments/18ykzpx/white_house_north_korea_recently_provided_russia/"
"18yl1wk","submission","worldnews","1704395261","2024-01-04T19:07:41+00:00","FanPractical9683","1","1","Crimea hit by multiple explosions as Russia scrambles air defenses","","/r/worldnews/comments/18yl1wk/crimea_hit_by_multiple_explosions_as_russia/"
"18yl7dt","submission","worldnews","1704395643","2024-01-04T19:14:03+00:00","FanPractical9683","1","5","Military: Ukrainian strike hits Russian command post in Crimea","","/r/worldnews/comments/18yl7dt/military_ukrainian_strike_hits_russian_command/"
"18ymw5s","submission","worldnews","1704399749","2024-01-04T20:22:29+00:00","HydrolicKrane","1","0","Putin’s hypersonic bluster has been exposed by Ukraine’s American Patriots","","/r/worldnews/comments/18ymw5s/putins_hypersonic_bluster_has_been_exposed_by/"
"18ynevs","submission","worldnews","1704401070","2024-01-04T20:44:30+00:00","Aromatic_Ad1232","1","31","Russia moving forward with plans to buy Iranian short range ballistic missiles","","/r/worldnews/comments/18ynevs/russia_moving_forward_with_plans_to_buy_iranian/"
"18yonkw","submission","worldnews","1704404144","2024-01-04T21:35:44+00:00","HydrolicKrane","1","1","Russia has used North Korean ballistic missiles in Ukraine and is seeking Iranian missiles, US says","","/r/worldnews/comments/18yonkw/russia_has_used_north_korean_ballistic_missiles/"
"18yozlo","submission","worldnews","1704404979","2024-01-04T21:49:39+00:00","IWasWearingEyeliner","1","115","Russians actively change ethnic composition of occupied territories' population","","/r/worldnews/comments/18yozlo/russians_actively_change_ethnic_composition_of/"
"18yqicn","submission","worldnews","1704408542","2024-01-04T22:49:02+00:00","PjeterPannos","1","217","Germany announced new military aid to Ukraine","","/r/worldnews/comments/18yqicn/germany_announced_new_military_aid_to_ukraine/"
"18yr8kd","submission","worldnews","1704410345","2024-01-04T23:19:05+00:00","Datdarnpupper","1","1","Russia ‘attacked Ukraine with North Korea-supplied ballistic missiles’ | Russia","","/r/worldnews/comments/18yr8kd/russia_attacked_ukraine_with_north_koreasupplied/"
"18yrivm","submission","geopolitics","1704411063","2024-01-04T23:31:03+00:00","Magicalsandwichpress","1","43","China’s advanced machine tool exports to Russia soar after Ukraine invasion","","/r/geopolitics/comments/18yrivm/chinas_advanced_machine_tool_exports_to_russia/"
"18ysaql","submission","worldnews","1704413007","2024-01-05T00:03:27+00:00","DoremusJessup","1","0","North Korea has provided Russia with ballistic missiles and missile launchers that were used in recent attacks on Ukraine in a major escalation of support for Moscow, the White House said Thursday","[deleted]","/r/worldnews/comments/18ysaql/north_korea_has_provided_russia_with_ballistic/"
"18yt6qh","submission","worldnews","1704415301","2024-01-05T00:41:41+00:00","danmghm","1","26","Russia In Negotiations To Buy Short-Range Ballistic Missiles From Iran","","/r/worldnews/comments/18yt6qh/russia_in_negotiations_to_buy_shortrange/"
"18yud4v","submission","worldnews","1704418461","2024-01-05T01:34:21+00:00","37Dracula37","1","0","Ukraine Strikes Russian Command Post and Military Unit in Crimea","","/r/worldnews/comments/18yud4v/ukraine_strikes_russian_command_post_and_military/"
"18yvii1","submission","worldnews","1704421715","2024-01-05T02:28:35+00:00","Ask4MD","1","154","Ukraine Strikes Russian Command Post and Military Unit in Crimea","","/r/worldnews/comments/18yvii1/ukraine_strikes_russian_command_post_and_military/"
"18yw7lp","submission","worldnews","1704423671","2024-01-05T03:01:11+00:00","135987139847197","1","17","Russian oil losing competitive edge in India as prices rise","","/r/worldnews/comments/18yw7lp/russian_oil_losing_competitive_edge_in_india_as/"
"18yws92","submission","worldnews","1704425340","2024-01-05T03:29:00+00:00","UNITED24Media","1","31","Russia ‘attacked Ukraine with North Korea-supplied ballistic missiles’","","/r/worldnews/comments/18yws92/russia_attacked_ukraine_with_north_koreasupplied/"
"18yxg1i","submission","worldnews","1704427362","2024-01-05T04:02:42+00:00","WorldNewsMods","1","1","/r/WorldNews Live Thread: Russian Invasion of Ukraine Day 681, Part 1 (Thread #827)","","/r/worldnews/comments/18yxg1i/rworldnews_live_thread_russian_invasion_of/"
"18yxtff","submission","worldnews","1704428495","2024-01-05T04:21:35+00:00","Even_Jellyfish_214","1","1","Russia flags supply of India-made 155mm artillery shells to Ukraine","","/r/worldnews/comments/18yxtff/russia_flags_supply_of_indiamade_155mm_artillery/"
"18yy6h1","submission","worldnews","1704429640","2024-01-05T04:40:40+00:00","Red_Franklin","1","3","Ukraine Says It Hit Russian Command Post, Military Unit On Crimea","","/r/worldnews/comments/18yy6h1/ukraine_says_it_hit_russian_command_post_military/"
"18yy8p5","submission","geopolitics","1704429837","2024-01-05T04:43:57+00:00","Roaring_Elephant0","1","0","Russia to buy Iranian short range ballistic missiles","","/r/geopolitics/comments/18yy8p5/russia_to_buy_iranian_short_range_ballistic/"
"18z10yc","submission","worldnews","1704439307","2024-01-05T07:21:47+00:00","Pristine-Lake-2673","1","60","Putin speeds up a citizenship path for foreigners who enlist in the Russian military","","/r/worldnews/comments/18z10yc/putin_speeds_up_a_citizenship_path_for_foreigners/"
"18z1re6","submission","geopolitics","1704442188","2024-01-05T08:09:48+00:00","PenthouseREIT","1","74","Putin offers citizenship to foreigners who fight for Russia","","/r/geopolitics/comments/18z1re6/putin_offers_citizenship_to_foreigners_who_fight/"
"18z1vof","submission","worldnews","1704442645","2024-01-05T08:17:25+00:00","ppal79773","1","0","Why Ukraine Is Considering Changes to Army Mobilisation Rules?","","/r/worldnews/comments/18z1vof/why_ukraine_is_considering_changes_to_army/"
"18z2ao7","submission","worldnews","1704444373","2024-01-05T08:46:13+00:00","Silly-avocatoe","1","31","Russians put teenagers from Ukrainian occupied territories on military register","","/r/worldnews/comments/18z2ao7/russians_put_teenagers_from_ukrainian_occupied/"
"18z4xst","submission","geopolitics","1704454804","2024-01-05T11:40:04+00:00","Proof_Vegetable4468","1","0","Could NATO stand up to Russia after Ukraine?","","/r/geopolitics/comments/18z4xst/could_nato_stand_up_to_russia_after_ukraine/"
"18z5i3x","submission","worldnews","1704456808","2024-01-05T12:13:28+00:00","duckanroll","1","0","Leading chess site bans Russian Grandmaster over visits to occupied Ukraine","","/r/worldnews/comments/18z5i3x/leading_chess_site_bans_russian_grandmaster_over/"
"18z5k6b","submission","worldnews","1704457008","2024-01-05T12:16:48+00:00","NilsuBerk","1","1","Russia, Ukraine Welcome Release of Prisoners in Major Swap","","/r/worldnews/comments/18z5k6b/russia_ukraine_welcome_release_of_prisoners_in/"
"18z5zcn","submission","worldnews","1704458454","2024-01-05T12:40:54+00:00","semafornews","1","126","Putin’s free Russian classes are taking off in Africa","","/r/worldnews/comments/18z5zcn/putins_free_russian_classes_are_taking_off_in/"
"18z64xy","submission","worldnews","1704458973","2024-01-05T12:49:33+00:00","znanirani","1","1","Ukraine Says It Hit Two Russian Military Targets in Crimea","","/r/worldnews/comments/18z64xy/ukraine_says_it_hit_two_russian_military_targets/"
"18z6b80","submission","worldnews","1704459551","2024-01-05T12:59:11+00:00","Fragrant-Fox-2075","1","0","Russian Language Courses by Putin Gain Popularity in Africa","","/r/worldnews/comments/18z6b80/russian_language_courses_by_putin_gain_popularity/"
"18z6vsw","submission","worldnews","1704461309","2024-01-05T13:28:29+00:00","UNITED24Media","1","23","Nepal bars citizens from going to Russia or Ukraine for work, saying they are recruited as fighters","","/r/worldnews/comments/18z6vsw/nepal_bars_citizens_from_going_to_russia_or/"
"18z7u8h","submission","worldnews","1704464045","2024-01-05T14:14:05+00:00","anna_avian","1","181","Russia approves candidates to run against Putin in March election","","/r/worldnews/comments/18z7u8h/russia_approves_candidates_to_run_against_putin/"
"18z8k51","submission","worldnews","1704466046","2024-01-05T14:47:26+00:00","Red_Franklin","1","55","Sweden to withdraw aid to Mali over stance toward Russia","","/r/worldnews/comments/18z8k51/sweden_to_withdraw_aid_to_mali_over_stance_toward/"
"18za3pb","submission","worldnews","1704470153","2024-01-05T15:55:53+00:00","BurstYourBubbles","1","151","South Korea tells Russia to stop getting arms from North Korea","","/r/worldnews/comments/18za3pb/south_korea_tells_russia_to_stop_getting_arms/"
"18zab1c","submission","geopolitics","1704470650","2024-01-05T16:04:10+00:00","theatlantic","1","130","A Hard-Won Victory That Ukraine Stands to Lose","","/r/geopolitics/comments/18zab1c/a_hardwon_victory_that_ukraine_stands_to_lose/"
"18zazae","submission","worldnews","1704472327","2024-01-05T16:32:07+00:00","HauntingJackfruit","1","906","Kremlin launches campaign to meddle in U.S. election, as GOP ends support for Ukraine","","/r/worldnews/comments/18zazae/kremlin_launches_campaign_to_meddle_in_us/"
"18zbb4w","submission","geopolitics","1704473162","2024-01-05T16:46:02+00:00","RandyMarsh_Lorde","1","7","Putin Offers Fast Citizenship For Foreign Enlisting Soldiers","","/r/geopolitics/comments/18zbb4w/putin_offers_fast_citizenship_for_foreign/"
"18zca5t","submission","worldnews","1704475574","2024-01-05T17:26:14+00:00","Ambitionlessninja","1","14","Russia fires North Korean missiles at Ukraine for first time - Kyiv official","","/r/worldnews/comments/18zca5t/russia_fires_north_korean_missiles_at_ukraine_for/"
"18zcjwc","submission","worldnews","1704476242","2024-01-05T17:37:22+00:00","PjeterPannos","1","167","Russia won't stop in Ukraine, warns Latvian FM","","/r/worldnews/comments/18zcjwc/russia_wont_stop_in_ukraine_warns_latvian_fm/"
"18zcn8k","submission","worldnews","1704476473","2024-01-05T17:41:13+00:00","PjeterPannos","1","0","Slovakia provides €203K in humanitarian aid for Ukraine","","/r/worldnews/comments/18zcn8k/slovakia_provides_203k_in_humanitarian_aid_for/"
"18zcnto","submission","worldnews","1704476512","2024-01-05T17:41:52+00:00","PjeterPannos","1","1","Ukraine receives 26 advanced howitzers from Czechia","","/r/worldnews/comments/18zcnto/ukraine_receives_26_advanced_howitzers_from/"
"18ze4ba","submission","worldnews","1704480127","2024-01-05T18:42:07+00:00","Silly-avocatoe","1","29","Reuters: Nepal suspends work permits for Russia following citizens killed fighting in Ukraine","","/r/worldnews/comments/18ze4ba/reuters_nepal_suspends_work_permits_for_russia/"
"18ze89d","submission","worldnews","1704480408","2024-01-05T18:46:48+00:00","giuliomagnifico","1","6","Russia to Evacuate Some Residents From Belgorod Amid Shelling","","/r/worldnews/comments/18ze89d/russia_to_evacuate_some_residents_from_belgorod/"
"18ze8x5","submission","worldnews","1704480459","2024-01-05T18:47:39+00:00","blllrrrrr","1","530","North Korea’s gonna pay ‘high price’ for aiding Putin with weapons, UK warns","","/r/worldnews/comments/18ze8x5/north_koreas_gonna_pay_high_price_for_aiding/"
"18zesbc","submission","worldnews","1704481819","2024-01-05T19:10:19+00:00","miolmok","1","15","US accuses Russia of using North Korean missiles against Ukraine","","/r/worldnews/comments/18zesbc/us_accuses_russia_of_using_north_korean_missiles/"
"18zg9up","submission","geopolitics","1704485510","2024-01-05T20:11:50+00:00","ManOrangutan","1","12","India-made ammunition: Russia flags supply of India-made 155mm artillery shells to Ukraine","","/r/geopolitics/comments/18zg9up/indiamade_ammunition_russia_flags_supply_of/"
"18zin9y","submission","geopolitics","1704491421","2024-01-05T21:50:21+00:00","ForeignAffairsMag","1","5","The Ukraine-Taiwan Tradeoff: U.S. Support for Ukraine Diverts Weapons From Taiwan but Demonstrates Resolve to China","","/r/geopolitics/comments/18zin9y/the_ukrainetaiwan_tradeoff_us_support_for_ukraine/"
"18ziven","submission","worldnews","1704492003","2024-01-05T22:00:03+00:00","EsperaDeus","1","425","US will not support Ukraine at level of past two years – US State Department","","/r/worldnews/comments/18ziven/us_will_not_support_ukraine_at_level_of_past_two/"
"18zjfzl","submission","worldnews","1704493409","2024-01-05T22:23:29+00:00","blllrrrrr","1","405","Ukraine has no plan ‘B’ if western military aid shortage arises – Minister","","/r/worldnews/comments/18zjfzl/ukraine_has_no_plan_b_if_western_military_aid/"
"18zjl7q","submission","worldnews","1704493785","2024-01-05T22:29:45+00:00","EsperaDeus","1","14","US has no money for new aid packages for Ukraine – White House","","/r/worldnews/comments/18zjl7q/us_has_no_money_for_new_aid_packages_for_ukraine/"
"18zjnpi","submission","worldnews","1704493952","2024-01-05T22:32:32+00:00","EsperaDeus","1","4","Ukraine pulled EU out of “coma of non-expansion” – Ukraine’s Foreign Minister","","/r/worldnews/comments/18zjnpi/ukraine_pulled_eu_out_of_coma_of_nonexpansion/"
"18zl8i7","submission","worldnews","1704497933","2024-01-05T23:38:53+00:00","eleventy5thRejection","1","25","Putin's New Tactic To Recruit More Troops Without Conscription","","/r/worldnews/comments/18zl8i7/putins_new_tactic_to_recruit_more_troops_without/"
"18zmrrs","submission","worldnews","1704501837","2024-01-06T00:43:57+00:00","BurstYourBubbles","1","0","Ukraine faces $1 billion claim for nationalizing Sense Bank — Meduza","","/r/worldnews/comments/18zmrrs/ukraine_faces_1_billion_claim_for_nationalizing/"
"18zpcjm","submission","worldnews","1704509034","2024-01-06T02:43:54+00:00","eleventy5thRejection","1","1884","Russia Got 7,500-Pound Rockets From North Korea - And promptly Blew Up A Pair Of Ukraine Supply Bases","","/r/worldnews/comments/18zpcjm/russia_got_7500pound_rockets_from_north_korea_and/"
"18zqx8m","submission","worldnews","1704513767","2024-01-06T04:02:47+00:00","WorldNewsMods","1118","371","/r/WorldNews Live Thread: Russian Invasion of Ukraine Day 682, Part 1 (Thread #828)","","/r/worldnews/comments/18zqx8m/rworldnews_live_thread_russian_invasion_of/"
"18zswp2","submission","worldnews","1704520297","2024-01-06T05:51:37+00:00","Red_Franklin","222","5","EU prepares alternative solutions for Ukraine aid in case $55 billion package fails","","/r/worldnews/comments/18zswp2/eu_prepares_alternative_solutions_for_ukraine_aid/"
"18zudz4","submission","worldnews","1704525592","2024-01-06T07:19:52+00:00","AD2023August","73","5","Kuleba on U.S. military aid to Ukraine: No curbing expected in 2024","","/r/worldnews/comments/18zudz4/kuleba_on_us_military_aid_to_ukraine_no_curbing/"
"18zv5uq","submission","worldnews","1704528621","2024-01-06T08:10:21+00:00","kevinwarner5","1","0","Favorable to Putin provincial lawmaker tracked down dead external his home","[removed]","/r/worldnews/comments/18zv5uq/favorable_to_putin_provincial_lawmaker_tracked/"
"18zv7ud","submission","worldnews","1704528859","2024-01-06T08:14:19+00:00","Safe_Needleworker114","3023","351","Ukraine war: US says Russia using North Korea ballistic missiles","","/r/worldnews/comments/18zv7ud/ukraine_war_us_says_russia_using_north_korea/"
"18zwy13","submission","worldnews","1704535953","2024-01-06T10:12:33+00:00","Ask4MD","487","11","Ukraine's Air Force Confirms Successful Strike on Saky Airfield in Occupied Crimea","","/r/worldnews/comments/18zwy13/ukraines_air_force_confirms_successful_strike_on/"
"18zy2yq","submission","worldnews","1704540597","2024-01-06T11:29:57+00:00","Stev-svart-88","941","57","Pro-Russia propaganda events emerge in Italy","","/r/worldnews/comments/18zy2yq/prorussia_propaganda_events_emerge_in_italy/"
"18zyh2n","submission","worldnews","1704542125","2024-01-06T11:55:25+00:00","Stev-svart-88","2028","506","Top White House budget official warns of problematic situation on Ukraine aid","","/r/worldnews/comments/18zyh2n/top_white_house_budget_official_warns_of/"
"19006vn","submission","worldnews","1704548379","2024-01-06T13:39:39+00:00","Appropriate_Grab9864","1","0","Sweden to withdraw aid to Mali over stance toward Russia","","/r/worldnews/comments/19006vn/sweden_to_withdraw_aid_to_mali_over_stance_toward/"
"190075r","submission","worldnews","1704548404","2024-01-06T13:40:04+00:00","Appropriate_Grab9864","1","0","US will not support Ukraine at level of past two years – US State Department","","/r/worldnews/comments/190075r/us_will_not_support_ukraine_at_level_of_past_two/"
"1900uyc","submission","worldnews","1704550472","2024-01-06T14:14:32+00:00","Qwr631","1","3","Putin offers citizenship to foreigners who fight for Russia","","/r/worldnews/comments/1900uyc/putin_offers_citizenship_to_foreigners_who_fight/"
"1901c6y","submission","worldnews","1704551897","2024-01-06T14:38:17+00:00","whoami9427","1","0","Scott Ritter the noted Pro-Russian American convicted sex offender and Military Analyst Scott Ritter giving a Pep Talk to Chechan Troops in Broken Russian","","/r/worldnews/comments/1901c6y/scott_ritter_the_noted_prorussian_american/"
"1901lzz","submission","worldnews","1704552720","2024-01-06T14:52:00+00:00","Cloud_Drago","4","1","North Korea Appears to Be Sending Its Newest Missiles to Russia","","/r/worldnews/comments/1901lzz/north_korea_appears_to_be_sending_its_newest/"
"1902825","submission","worldnews","1704554480","2024-01-06T15:21:20+00:00","new974517","1","0","Russian command post has been hit at the Saki military air base","","/r/worldnews/comments/1902825/russian_command_post_has_been_hit_at_the_saki/"
"1902clg","submission","geopolitics","1704554846","2024-01-06T15:27:26+00:00","Systemick","1","0","Who is actually in charge today: The Oligarchs or Putin?","[removed]","/r/geopolitics/comments/1902clg/who_is_actually_in_charge_today_the_oligarchs_or/"
"1902yak","submission","worldnews","1704556570","2024-01-06T15:56:10+00:00","[deleted]","1","0","Russia may soon resume offensive effort in Kharkiv region - ISW","[removed]","/r/worldnews/comments/1902yak/russia_may_soon_resume_offensive_effort_in/"
"1902yzk","submission","worldnews","1704556626","2024-01-06T15:57:06+00:00","PjeterPannos","517","9","Russian shelling destroy humanitarian aid warehouse in Kherson Oblast (photos)","","/r/worldnews/comments/1902yzk/russian_shelling_destroy_humanitarian_aid/"
"19034go","submission","worldnews","1704557022","2024-01-06T16:03:42+00:00","Red_Franklin","935","55","NYT: US faces missile supply shortage for Ukraine's Patriot air defense systems","","/r/worldnews/comments/19034go/nyt_us_faces_missile_supply_shortage_for_ukraines/"
"19038tw","submission","worldnews","1704557360","2024-01-06T16:09:20+00:00","blllrrrrr","10797","720","Ukraine shows evidence Russia fired North Korea missile at Kharkiv","","/r/worldnews/comments/19038tw/ukraine_shows_evidence_russia_fired_north_korea/"
"1903ydv","submission","worldnews","1704559245","2024-01-06T16:40:45+00:00","Red_Franklin","33","8","Russian Casualties in Ukraine Running Extremely High","","/r/worldnews/comments/1903ydv/russian_casualties_in_ukraine_running_extremely/"
"19042i2","submission","worldnews","1704559549","2024-01-06T16:45:49+00:00","ubcstaffer123","25","2","'People realized there really is a war going on': Russian city shaken by Ukraine's attacks","","/r/worldnews/comments/19042i2/people_realized_there_really_is_a_war_going_on/"
"19050gs","submission","worldnews","1704562034","2024-01-06T17:27:14+00:00","HelloSlowly","4292","341","Zelenskyy calls on partners to create legal framework for transferring Russian assets to Ukraine","","/r/worldnews/comments/19050gs/zelenskyy_calls_on_partners_to_create_legal/"
"19076zj","submission","worldnews","1704567590","2024-01-06T18:59:50+00:00","EsperaDeus","2228","81","NATO Scrambles to Reload Ukraine’s Air Defense","","/r/worldnews/comments/19076zj/nato_scrambles_to_reload_ukraines_air_defense/"
"1907mtx","submission","worldnews","1704568685","2024-01-06T19:18:05+00:00","EsperaDeus","41","7","Poland Must Awake It’s Waging War’ against Ukraine’s European Future","","/r/worldnews/comments/1907mtx/poland_must_awake_its_waging_war_against_ukraines/"
"1907q0z","submission","worldnews","1704568901","2024-01-06T19:21:41+00:00","EsperaDeus","1","1","Tired Volodymyr Zelensky looks too weak to achieve victory","","/r/worldnews/comments/1907q0z/tired_volodymyr_zelensky_looks_too_weak_to/"
"1907w08","submission","worldnews","1704569337","2024-01-06T19:28:57+00:00","blllrrrrr","117","2","Ukrainian Foreign Ministry condemns Kremlin decree granting Russian citizenship to abducted Ukrainian children","","/r/worldnews/comments/1907w08/ukrainian_foreign_ministry_condemns_kremlin/"
"1908jhv","submission","worldnews","1704570993","2024-01-06T19:56:33+00:00","Scorpionking426","1","1","Tired Zelensky looks too weak to achieve victory","","/r/worldnews/comments/1908jhv/tired_zelensky_looks_too_weak_to_achieve_victory/"
"1908l6s","submission","worldnews","1704571120","2024-01-06T19:58:40+00:00","Scorpionking426","1","1","Tired Zelensky looks too weak to achieve victory","","/r/worldnews/comments/1908l6s/tired_zelensky_looks_too_weak_to_achieve_victory/"
"19090uv","submission","worldnews","1704572225","2024-01-06T20:17:05+00:00","EsperaDeus","3980","346","US warns of limited supply of Patriot missiles to Ukraine — NYT","","/r/worldnews/comments/19090uv/us_warns_of_limited_supply_of_patriot_missiles_to/"
"1909f4v","submission","worldnews","1704573241","2024-01-06T20:34:01+00:00","EsperaDeus","596","73","Delivery of Danish F-16s to Ukraine delayed for 6 months","","/r/worldnews/comments/1909f4v/delivery_of_danish_f16s_to_ukraine_delayed_for_6/"
"190a5z2","submission","worldnews","1704575154","2024-01-06T21:05:54+00:00","kaiser9024","20","0","Russian shelling kills 11 in Donetsk region while Ukraine claims it hit a Crimean air base","","/r/worldnews/comments/190a5z2/russian_shelling_kills_11_in_donetsk_region_while/"
"190cirr","submission","worldnews","1704581196","2024-01-06T22:46:36+00:00","HelloSlowly","645","8","Ukraine asks International Criminal Court to consider Putin's decree on Ukrainian children","","/r/worldnews/comments/190cirr/ukraine_asks_international_criminal_court_to/"
"190e814","submission","worldnews","1704585725","2024-01-07T00:02:05+00:00","Virtual-Invite-7236","1509","70","Ukraine-Russia war: missiles kill 11, including children, Ukrainian official says","","/r/worldnews/comments/190e814/ukrainerussia_war_missiles_kill_11_including/"
"190e8j8","submission","worldnews","1704585763","2024-01-07T00:02:43+00:00","Virtual-Invite-7236","40","4","Ukraine war: Some residents leave Belgorod after deadly attacks","","/r/worldnews/comments/190e8j8/ukraine_war_some_residents_leave_belgorod_after/"
"190fxk2","submission","worldnews","1704590510","2024-01-07T01:21:50+00:00","Stunning-Citron1373","2","1","Russia-Ukraine war: List of key events, day 683 | Russia-Ukraine war News","","/r/worldnews/comments/190fxk2/russiaukraine_war_list_of_key_events_day_683/"
"190hbmz","submission","worldnews","1704594639","2024-01-07T02:30:39+00:00","Life_Historian8742","1","0","Russia fires North Korean missiles at Ukraine for first time - Kyiv official","","/r/worldnews/comments/190hbmz/russia_fires_north_korean_missiles_at_ukraine_for/"
"190ienn","submission","worldnews","1704597946","2024-01-07T03:25:46+00:00","Life_Historian8742","1","0","Russia fires North Korean rockets at Ukraine for first time - Kyiv official","[removed]","/r/worldnews/comments/190ienn/russia_fires_north_korean_rockets_at_ukraine_for/"
"190ig5f","submission","worldnews","1704598074","2024-01-07T03:27:54+00:00","Life_Historian8742","1","0","Russia fires North Korean missiles at Ukraine for first time - Kyiv official","[removed]","/r/worldnews/comments/190ig5f/russia_fires_north_korean_missiles_at_ukraine_for/"
"190iiyv","submission","worldnews","1704598314","2024-01-07T03:31:54+00:00","[deleted]","1","0","The week the Ukraine war hit home in a Russian line city","[removed]","/r/worldnews/comments/190iiyv/the_week_the_ukraine_war_hit_home_in_a_russian/"
"190j0j5","submission","worldnews","1704599824","2024-01-07T03:57:04+00:00","Life_Historian8742","1","0","Ukraine shows evidence Russia fired North Korea missile at Kharkiv","","/r/worldnews/comments/190j0j5/ukraine_shows_evidence_russia_fired_north_korea/"
"190j4gq","submission","worldnews","1704600161","2024-01-07T04:02:41+00:00","WorldNewsMods","1202","310","/r/WorldNews Live Thread: Russian Invasion of Ukraine Day 683, Part 1 (Thread #829)","","/r/worldnews/comments/190j4gq/rworldnews_live_thread_russian_invasion_of/"
"190j4j5","submission","worldnews","1704600168","2024-01-07T04:02:48+00:00","Life_Historian8742","1","0","Russia fires North Korean missiles at Ukraine for first time - Kyiv official","[removed]","/r/worldnews/comments/190j4j5/russia_fires_north_korean_missiles_at_ukraine_for/"
"190jm6n","submission","worldnews","1704601752","2024-01-07T04:29:12+00:00","Saltedline","565","10","Japan foreign minister Yoko Kamikawa visits Ukraine, vows support","","/r/worldnews/comments/190jm6n/japan_foreign_minister_yoko_kamikawa_visits/"
"190jpc0","submission","worldnews","1704602023","2024-01-07T04:33:43+00:00","Saltedline","4009","223","South Korea calls Russia 'self-contradictory' for using North Korean missiles in Ukraine","","/r/worldnews/comments/190jpc0/south_korea_calls_russia_selfcontradictory_for/"
"190l2z5","submission","worldnews","1704606410","2024-01-07T05:46:50+00:00","Ask4MD","53","1","Denmark Says Ukraine to Get F-16 Jets in Second Quarter","","/r/worldnews/comments/190l2z5/denmark_says_ukraine_to_get_f16_jets_in_second/"
"190lku4","submission","worldnews","1704608106","2024-01-07T06:15:06+00:00","DueWillingness8506","1500","81","Russian move on Ukrainian children sparks outcry - BBC News","","/r/worldnews/comments/190lku4/russian_move_on_ukrainian_children_sparks_outcry/"
"190mxg2","submission","worldnews","1704613234","2024-01-07T07:40:34+00:00","znanirani","384","6","Zelenskyy Vows to Increase Domestic Production of Weapons","","/r/worldnews/comments/190mxg2/zelenskyy_vows_to_increase_domestic_production_of/"
"190ns22","submission","worldnews","1704616701","2024-01-07T08:38:21+00:00","Auburn_Value_1986","1","0","Russia-Ukraine war: Russia on course to have lost 500,000 troops by end of 2024, says UK – as it happened","","/r/worldnews/comments/190ns22/russiaukraine_war_russia_on_course_to_have_lost/"
"190o4o0","submission","geopolitics","1704618227","2024-01-07T09:03:47+00:00","Insightofficial-1423","2","0","Political joyride: How Central Asian countries helps Russia bypass Western sanctions","","/r/geopolitics/comments/190o4o0/political_joyride_how_central_asian_countries/"
"190ox4i","submission","worldnews","1704621599","2024-01-07T09:59:59+00:00","xlly-s","20","0","BBC News - Ukraine-Russia war: missiles kill 11, including children, Ukrainian official says","","/r/worldnews/comments/190ox4i/bbc_news_ukrainerussia_war_missiles_kill_11/"
"190p3di","submission","worldnews","1704622308","2024-01-07T10:11:48+00:00","Stunning-Citron1373","177","22","Putin praises Russian ‘defenders’ as Ukraine deflects another barrage | Russia-Ukraine war News","","/r/worldnews/comments/190p3di/putin_praises_russian_defenders_as_ukraine/"
"190px41","submission","worldnews","1704625813","2024-01-07T11:10:13+00:00","yorkiecd","5","3","Russian Friendly Fire Deaths Surge Because They’re ‘Sacred and Shoot Everything That Moves’","","/r/worldnews/comments/190px41/russian_friendly_fire_deaths_surge_because_theyre/"
"190sgjs","submission","worldnews","1704635096","2024-01-07T13:44:56+00:00","blllrrrrr","1","0","Vladimir Putin Wanted To 'Attack' Japan, Before He Chose To Invade Ukraine - Claims Alleged Russia FSB Whistleblower","[removed]","/r/worldnews/comments/190sgjs/vladimir_putin_wanted_to_attack_japan_before_he/"
"190t4h4","submission","worldnews","1704637196","2024-01-07T14:19:56+00:00","blllrrrrr","2","1","Japan to donate $37M to NATO trust fund to detect enemy UAVs in Ukraine","[removed]","/r/worldnews/comments/190t4h4/japan_to_donate_37m_to_nato_trust_fund_to_detect/"
"190t4m7","submission","worldnews","1704637206","2024-01-07T14:20:06+00:00","Stev-svart-88","5","1","Russia launches 28 drones, three missiles at Ukraine - Ukraine air force report","","/r/worldnews/comments/190t4m7/russia_launches_28_drones_three_missiles_at/"
"190tg27","submission","worldnews","1704638150","2024-01-07T14:35:50+00:00","blllrrrrr","1","0","Wives Of Russian Soldiers Stage Small 'Demobilization' Protests In Moscow","","/r/worldnews/comments/190tg27/wives_of_russian_soldiers_stage_small/"
"190tv1o","submission","worldnews","1704639366","2024-01-07T14:56:06+00:00","Red_Franklin","10","1","16-year-old Russian arrested for allegedly torching Su-34 jet at Chelyabinsk airbase","","/r/worldnews/comments/190tv1o/16yearold_russian_arrested_for_allegedly_torching/"
"190umuz","submission","worldnews","1704641468","2024-01-07T15:31:08+00:00","sufferininFWW","1","1","Putin shifts focus as missile strike kills 11, including 5 children - live","","/r/worldnews/comments/190umuz/putin_shifts_focus_as_missile_strike_kills_11/"
"190vewa","submission","geopolitics","1704643610","2024-01-07T16:06:50+00:00","Uncreative_genius","104","201","ELI5: How did Iran, China, and Russia become the new ""Axis Powers?""","How did a Shia Islamist authoritarian regime, an ultrarich antireligion government, and a relatively weak but huge former USSR end up on the same side of so many issues? What goals or visions do they share that seems to unite them, or at least pit them against the same enemies?","/r/geopolitics/comments/190vewa/eli5_how_did_iran_china_and_russia_become_the_new/"
"190vtzh","submission","worldnews","1704644735","2024-01-07T16:25:35+00:00","DesignOk9379","157","14","Ukraine's Foreign Minister Urges Global Action Against Russian Attacks - PIXLNEWS","","/r/worldnews/comments/190vtzh/ukraines_foreign_minister_urges_global_action/"
"190wh02","submission","worldnews","1704646424","2024-01-07T16:53:44+00:00","giuliomagnifico","27","0","Japan pledges $37 million to Ukraine for drone detection systems","","/r/worldnews/comments/190wh02/japan_pledges_37_million_to_ukraine_for_drone/"
"190wvnn","submission","geopolitics","1704647477","2024-01-07T17:11:17+00:00","DesignOk9379","1","0","US Accuses Russia of Using North Korean Ballistic Missiles in Ukraine Conflict"" - PIXLNEWS","","/r/geopolitics/comments/190wvnn/us_accuses_russia_of_using_north_korean_ballistic/"
"190x46x","submission","worldnews","1704648084","2024-01-07T17:21:24+00:00","yorkiecd","5","0","Ukrainian Drone Op Takes Out Air Defense Systems Inside Russia","","/r/worldnews/comments/190x46x/ukrainian_drone_op_takes_out_air_defense_systems/"
"190xb30","submission","worldnews","1704648590","2024-01-07T17:29:50+00:00","DesignOk9379","116","15","US Accuses Russia of Using North Korean Ballistic Missiles in Ukraine Conflict"" - PIXLNEWS","","/r/worldnews/comments/190xb30/us_accuses_russia_of_using_north_korean_ballistic/"
"190z0fe","submission","worldnews","1704652855","2024-01-07T18:40:55+00:00","Ask4MD","553","12","Ukrainian Drone Op Takes Out Air Defense Systems Inside Russia","","/r/worldnews/comments/190z0fe/ukrainian_drone_op_takes_out_air_defense_systems/"
"190z5nr","submission","worldnews","1704653218","2024-01-07T18:46:58+00:00","HelloSlowly","790","22","Zelenskyy to Sweden: The day will come when joint production opens in Ukraine","","/r/worldnews/comments/190z5nr/zelenskyy_to_sweden_the_day_will_come_when_joint/"
"1911e5n","submission","geopolitics","1704658799","2024-01-07T20:19:59+00:00","hgk6393","127","93","Was the denuclearisation of Germany's power grid a Russian plot all along?","I am not too well-informed about the reasons why Germany as a political entity are so averse to nuclear energy being a part of their long-term strategy for energy independence. However, I do know that anti-nuclear winds have blown in German politics for decades, and the Greens are particularly against nuclear energy. 

Since Germany was highly dependent on Russian fossil fuels before the Ukraine war, and their industry is feeling the pinch after weaning off of natural gas in particular, I can't help but wonder if German energy policy was actually a long-term plot by the Russians, who knew that nuclear energy would essentially make the Germans totally energy independent, and this must be avoided at all costs, by planting the seeds of anti-nuclear thought right from school. The Green movement was a convenient excuse for venturing into high-cost, low-reliability sources of energy like wind, that will always get in the way of creating a solid energy policy, and subsequently, a foreign policy. 

Am I right?   
(Personally, I identify as a right-leaning centrist).","/r/geopolitics/comments/1911e5n/was_the_denuclearisation_of_germanys_power_grid_a/"
"1912hrd","submission","worldnews","1704661431","2024-01-07T21:03:51+00:00","PjeterPannos","2938","86","Sweden says its main foreign policy task in coming years is support to Ukraine","","/r/worldnews/comments/1912hrd/sweden_says_its_main_foreign_policy_task_in/"
"19169qs","submission","worldnews","1704670588","2024-01-07T23:36:28+00:00","BulkAppeal","1","0","Troels Lund expects Danish F-16 aircraft to be the first in Ukraine News","","/r/worldnews/comments/19169qs/troels_lund_expects_danish_f16_aircraft_to_be_the/"
"1916afx","submission","worldnews","1704670643","2024-01-07T23:37:23+00:00","BulkAppeal","1","0","Troels Lund expects Danish F-16 aircraft to be the first in Ukraine","","/r/worldnews/comments/1916afx/troels_lund_expects_danish_f16_aircraft_to_be_the/"
"1918ld6","submission","worldnews","1704676713","2024-01-08T01:18:33+00:00","Ask4MD","8435","374","Ukraine Blows Up As Much Naval Tonnage As Russian Shipyards Can Build","","/r/worldnews/comments/1918ld6/ukraine_blows_up_as_much_naval_tonnage_as_russian/"
"191e5gy","submission","worldnews","1704693667","2024-01-08T06:01:07+00:00","Southasianupdate","1","0","Japanese foreign minister pledges $37M for Ukraine in surprise visit to Kyiv","","/r/worldnews/comments/191e5gy/japanese_foreign_minister_pledges_37m_for_ukraine/"
"191eqsx","submission","worldnews","1704695791","2024-01-08T06:36:31+00:00","Saltedline","174","3","Japan to back Ukraine's peace plan, foreign minister tells Zelenskyy","","/r/worldnews/comments/191eqsx/japan_to_back_ukraines_peace_plan_foreign/"
"191f9pv","submission","worldnews","1704697748","2024-01-08T07:09:08+00:00","yorkiecd","16","0","Russia Evacuates 300 Residents from Belgorod","","/r/worldnews/comments/191f9pv/russia_evacuates_300_residents_from_belgorod/"
"191fkt2","submission","worldnews","1704698949","2024-01-08T07:29:09+00:00","Southasianupdate","1","0","India, China, Russia and four other countries congratulate PM Hasina","","/r/worldnews/comments/191fkt2/india_china_russia_and_four_other_countries/"
"191flh8","submission","worldnews","1704699018","2024-01-08T07:30:18+00:00","new974517","8285","778","Putin had to go 'cap in hand' to beg North Korea for weapons, says the UK's defense secretary","","/r/worldnews/comments/191flh8/putin_had_to_go_cap_in_hand_to_beg_north_korea/"
"191g4h5","submission","worldnews","1704701059","2024-01-08T08:04:19+00:00","IWasWearingEyeliner","15","1","New Russian attack on Ukraine: Explosions, launches of Kinzhals, cruise and ballistic missiles","","/r/worldnews/comments/191g4h5/new_russian_attack_on_ukraine_explosions_launches/"
"191gdzt","submission","worldnews","1704702116","2024-01-08T08:21:56+00:00","Even_Jellyfish_214","1","0","India Buys ‘Majority Stakes’ In Ukrainian Engine Firm As Ukraine War ‘Holds-Up’ Indian Navy Warship","[removed]","/r/worldnews/comments/191gdzt/india_buys_majority_stakes_in_ukrainian_engine/"
"191grux","submission","worldnews","1704703766","2024-01-08T08:49:26+00:00","adyrip1","1911","64","The Moldova Highway. Romania is rapidly constructing a transportation corridor for Ukraine","","/r/worldnews/comments/191grux/the_moldova_highway_romania_is_rapidly/"
"191h0bs","submission","worldnews","1704704740","2024-01-08T09:05:40+00:00","WorldNewsMods","1173","361","/r/WorldNews Live Thread: Russian Invasion of Ukraine Day 684, Part 1 (Thread #830)","","/r/worldnews/comments/191h0bs/rworldnews_live_thread_russian_invasion_of/"
"191ht25","submission","worldnews","1704708063","2024-01-08T10:01:03+00:00","ficerck","1","0","Western countries concerned over growing India-Russia ties","","/r/worldnews/comments/191ht25/western_countries_concerned_over_growing/"
"191ipmu","submission","worldnews","1704711714","2024-01-08T11:01:54+00:00","duckanroll","12","1","Russia launches fresh barrage of missiles on Ukrainian cities overnight","","/r/worldnews/comments/191ipmu/russia_launches_fresh_barrage_of_missiles_on/"
"191iqsv","submission","worldnews","1704711820","2024-01-08T11:03:40+00:00","znanirani","538","15","Zelenskyy Urges Joint Weapons Production in Europe to Defend Against Russia","","/r/worldnews/comments/191iqsv/zelenskyy_urges_joint_weapons_production_in/"
"191ixna","submission","worldnews","1704712511","2024-01-08T11:15:11+00:00","yorkiecd","2","0","Russian Plane Accidentally Bombs Russian-Held City, Officials Use Incredible Euphemism","","/r/worldnews/comments/191ixna/russian_plane_accidentally_bombs_russianheld_city/"
"191iz03","submission","worldnews","1704712650","2024-01-08T11:17:30+00:00","ficerck","1","1","'Why would a country restrict its friends?', India hits out at US, West for frowning on India-Russia ties","[removed]","/r/worldnews/comments/191iz03/why_would_a_country_restrict_its_friends_india/"
"191j1ab","submission","worldnews","1704712873","2024-01-08T11:21:13+00:00","ficerck","71","10","Indian Govt plans to import coking coal from Russia for steel firms","","/r/worldnews/comments/191j1ab/indian_govt_plans_to_import_coking_coal_from/"
"191knyv","submission","worldnews","1704718769","2024-01-08T12:59:29+00:00","CrimsonLancet","3","0","Four killed in combined Russian air strike on Ukraine – Russia sent dozens of missiles across Ukraine early on Monday, killing at least four civilians and hitting residential areas and commercial sites in its latest combined air attack","","/r/worldnews/comments/191knyv/four_killed_in_combined_russian_air_strike_on/"
"191l0lv","submission","worldnews","1704719848","2024-01-08T13:17:28+00:00","Less-Study5669","677","406","""Ask Zelensky:"" UAE rebuffs Bibi request to pay Palestinian workers barred from Israel","","/r/worldnews/comments/191l0lv/ask_zelensky_uae_rebuffs_bibi_request_to_pay/"
"191l6p9","submission","geopolitics","1704720386","2024-01-08T13:26:26+00:00","Unique-Whereas-9209","155","161","Right now, who has the upper hand in the war in Ukraine? Do you see an end coming soon?","","/r/geopolitics/comments/191l6p9/right_now_who_has_the_upper_hand_in_the_war_in/"
"191ladf","submission","geopolitics","1704720695","2024-01-08T13:31:35+00:00","theatlantic","55","12","A Vision of Russia as a Country That Runs on Violence","","/r/geopolitics/comments/191ladf/a_vision_of_russia_as_a_country_that_runs_on/"
"191m8ba","submission","worldnews","1704723508","2024-01-08T14:18:28+00:00","eaglemaxie","1","0","Residents flee Russia’s Belgorod region amid deadly cross-border attacks from Ukraine","","/r/worldnews/comments/191m8ba/residents_flee_russias_belgorod_region_amid/"
"191mp66","submission","worldnews","1704724845","2024-01-08T14:40:45+00:00","Red_Franklin","28","7","Ukraine Reports Russian Attacks Using 51 Cruise Missiles","","/r/worldnews/comments/191mp66/ukraine_reports_russian_attacks_using_51_cruise/"
"191nddj","submission","worldnews","1704726736","2024-01-08T15:12:16+00:00","rahulkansotia","712","425","Russia 'fully supportive' of India to become permanent member of UN Security Council, says envoy Alipov | India News - Times of India","","/r/worldnews/comments/191nddj/russia_fully_supportive_of_india_to_become/"
"191npfi","submission","worldnews","1704727655","2024-01-08T15:27:35+00:00","abparkz","2","0","Russian Warplane Accidentally Drops Bomb on City in Occupied Luhansk","","/r/worldnews/comments/191npfi/russian_warplane_accidentally_drops_bomb_on_city/"
"191ojfz","submission","geopolitics","1704729840","2024-01-08T16:04:00+00:00","Scaevola_books","1","9","Russian Artillery Barrels","I was hearing a lot many months ago about Russia having a near critical shortage of artillery barrels. Word on the street was they can no longer produce the quality of steel needed to produce them domestically and are now entirely reliant on countries like India for that steel. Haven't heard a lick about this in recent months and wondering if anyone has any updated info? Has Russia had to drastically limit their rate of fire and if so why hasn't Ukraine been able to exploit that? Has Russia found a new source of barrels? Was the whole idea fake news?","/r/geopolitics/comments/191ojfz/russian_artillery_barrels/"
"191ojlz","submission","worldnews","1704729853","2024-01-08T16:04:13+00:00","blllrrrrr","22","7","A Stalin-era military unit called SMERSH is being re-created by Putin as he steps up his search for spies: UK intel","","/r/worldnews/comments/191ojlz/a_stalinera_military_unit_called_smersh_is_being/"
"191p61c","submission","worldnews","1704731441","2024-01-08T16:30:41+00:00","Sharp_Philosopher","72","6","Russian Sandworm Hackers Lurked Inside KyivStar Systems in KyivStar Cyber Attack","","/r/worldnews/comments/191p61c/russian_sandworm_hackers_lurked_inside_kyivstar/"
"191qzaj","submission","worldnews","1704735894","2024-01-08T17:44:54+00:00","Mashavelli","3","0","Heavy wave of Russian missile attacks hits Ukraine","","/r/worldnews/comments/191qzaj/heavy_wave_of_russian_missile_attacks_hits_ukraine/"
"191r3if","submission","worldnews","1704736171","2024-01-08T17:49:31+00:00","SuccessfulOperation","2","2","From Lebanon to the Red Sea, a Broader Conflict With Iran Looms: With its proxies attacking from many vantage points and its nuclear program suddenly revived, Iran is posing a new challenge to the West — this time with Russia and China on its side.","","/r/worldnews/comments/191r3if/from_lebanon_to_the_red_sea_a_broader_conflict/"
"191rc77","submission","worldnews","1704736735","2024-01-08T17:58:55+00:00","blllrrrrr","1","1","Nuclear fuel gets £300m boost as ministers say Putin will not hold UK to ransom","[removed]","/r/worldnews/comments/191rc77/nuclear_fuel_gets_300m_boost_as_ministers_say/"
"191rfm2","submission","worldnews","1704736945","2024-01-08T18:02:25+00:00","blllrrrrr","101","6","Nuclear fuel gets £300m boost as ministers say Putin will not hold UK to ransom","","/r/worldnews/comments/191rfm2/nuclear_fuel_gets_300m_boost_as_ministers_say/"
"191s5v4","submission","worldnews","1704738718","2024-01-08T18:31:58+00:00","kaiser9024","2","0","Russia launches ‘massive’ wave of deadly strikes across Ukraine","","/r/worldnews/comments/191s5v4/russia_launches_massive_wave_of_deadly_strikes/"
"191sarj","submission","worldnews","1704739056","2024-01-08T18:37:36+00:00","FanPractical9683","3312","400","Scholz berates EU allies over ""insufficient"" military support for Ukraine","","/r/worldnews/comments/191sarj/scholz_berates_eu_allies_over_insufficient/"
"191tc8m","submission","worldnews","1704741543","2024-01-08T19:19:03+00:00","CrimsonLancet","79","2","Morgan Stanley and Allen & Overy helping oligarch’s efforts to seize Russian oil firm – Sergey Kolesnikov has supplied building materials to Russian military and for use in occupied Ukraine","","/r/worldnews/comments/191tc8m/morgan_stanley_and_allen_overy_helping_oligarchs/"
"191tzlp","submission","worldnews","1704743126","2024-01-08T19:45:26+00:00","Ask4MD","3167","224","Moscow Deploys 35,000 National Guards to Counter Partisans in Occupied Ukraine","","/r/worldnews/comments/191tzlp/moscow_deploys_35000_national_guards_to_counter/"
"191uhys","submission","worldnews","1704744337","2024-01-08T20:05:37+00:00","vajrahaha7x3","1","0","Theft of millennia: how Moscovia rebranded itself as 'Russia'","","/r/worldnews/comments/191uhys/theft_of_millennia_how_moscovia_rebranded_itself/"
"191ukxz","submission","worldnews","1704744502","2024-01-08T20:08:22+00:00","thisisinsider","4284","700","Russia is on course to lose 500,000 troops by end of 2024, after turning its forces into a 'low quality, high quantity mass army,' says UK intel","","/r/worldnews/comments/191ukxz/russia_is_on_course_to_lose_500000_troops_by_end/"
"191uzwg","submission","worldnews","1704745487","2024-01-08T20:24:47+00:00","HelloSlowly","1","0","Ukraine's Defense Intelligence Secures $1.5 Billion Worth of Russian Military Tech Documents","","/r/worldnews/comments/191uzwg/ukraines_defense_intelligence_secures_15_billion/"
"191v0ya","submission","worldnews","1704745557","2024-01-08T20:25:57+00:00","Scorpionking426","1","5","Former Prosecutor General of Ukraine: We have lost 500,000 soldiers","","/r/worldnews/comments/191v0ya/former_prosecutor_general_of_ukraine_we_have_lost/"
"191yurs","submission","geopolitics","1704754784","2024-01-08T22:59:44+00:00","yashoza2","1","0","Do we have an exit plan out of Ukraine that doesn't involve getting nuked first?","[removed]","/r/geopolitics/comments/191yurs/do_we_have_an_exit_plan_out_of_ukraine_that/"
"191z6vw","submission","worldnews","1704755586","2024-01-08T23:13:06+00:00","Scorpionking426","1","1","Exhausted, on the Defensive and at ‘Hell’s Gate’ in Ukraine","","/r/worldnews/comments/191z6vw/exhausted_on_the_defensive_and_at_hells_gate_in/"
"19246xp","submission","geopolitics","1704769159","2024-01-09T02:59:19+00:00","smajser","1","0","The Rising Concerns about Russia and EU: Is there an actual threat vs. hypothetical?","I'm seeing more and more posts about Russia becoming a serious threat to EU. This topic obviously goes a lot deeper than this simple question. To me, it sounds like a bully in the schoolyard situation. The bully can take lunch money from anyone when singled out, but if we stick together we can take on the bully or any other threat.   


So far other than EU leaders saying to be prepared for war by the end of the decade I'm just seeing other Redditors hop on the bandwagon without any real data.   


Do leaders know something we do not? Or is it more of a be prepared and expect the worst or be unprepared and expect the worst situation?","/r/geopolitics/comments/19246xp/the_rising_concerns_about_russia_and_eu_is_there/"
"1925i5v","submission","worldnews","1704772951","2024-01-09T04:02:31+00:00","WorldNewsMods","1198","363","/r/WorldNews Live Thread: Russian Invasion of Ukraine Day 685, Part 1 (Thread #831)","","/r/worldnews/comments/1925i5v/rworldnews_live_thread_russian_invasion_of/"
"1926kui","submission","worldnews","1704776280","2024-01-09T04:58:00+00:00","epistemic_epee","257","7","Japan, Poland Confirm Close Cooperation in Ukraine Aid","","/r/worldnews/comments/1926kui/japan_poland_confirm_close_cooperation_in_ukraine/"
"1926vw4","submission","worldnews","1704777270","2024-01-09T05:14:30+00:00","Red_Franklin","29","1","BBC: Russia deports, detains Ukrainian civilians without trial","","/r/worldnews/comments/1926vw4/bbc_russia_deports_detains_ukrainian_civilians/"
"1928zq9","submission","worldnews","1704784801","2024-01-09T07:20:01+00:00","Proof_Vegetable4468","1","0","Eurussia? It depends on each of us","","/r/worldnews/comments/1928zq9/eurussia_it_depends_on_each_of_us/"
"192a0k3","submission","worldnews","1704789010","2024-01-09T08:30:10+00:00","[deleted]","1","0","Russian Rapper, Arrested for Allegedly Spreading ‘LGBT Propaganda’ Receives Military Summons","[removed]","/r/worldnews/comments/192a0k3/russian_rapper_arrested_for_allegedly_spreading/"
"192b02z","submission","worldnews","1704793229","2024-01-09T09:40:29+00:00","bloomberg","2600","281","Russia Arrests US Citizen Accused of Drug Trafficking","","/r/worldnews/comments/192b02z/russia_arrests_us_citizen_accused_of_drug/"
"192c0vg","submission","worldnews","1704797427","2024-01-09T10:50:27+00:00","PjeterPannos","1","0","Residents flee Russia’s Belgorod region amid deadly cross-border attacks from Ukraine","","/r/worldnews/comments/192c0vg/residents_flee_russias_belgorod_region_amid/"
"192c8kq","submission","worldnews","1704798249","2024-01-09T11:04:09+00:00","duckanroll","2","0","Russian singer detained in St. Petersburg after giving nearly naked concert","","/r/worldnews/comments/192c8kq/russian_singer_detained_in_st_petersburg_after/"
"192cgwd","submission","worldnews","1704799138","2024-01-09T11:18:58+00:00","new974517","1","0","Ukraine's Defense Intelligence Secures $1.5 Billion Worth of Russian Military Tech Documents","","/r/worldnews/comments/192cgwd/ukraines_defense_intelligence_secures_15_billion/"
"192cj21","submission","worldnews","1704799356","2024-01-09T11:22:36+00:00","BastianMobile","3","0","Ukraine has deficit of anti-aircraft guided missiles - air force","","/r/worldnews/comments/192cj21/ukraine_has_deficit_of_antiaircraft_guided/"
"192d17h","submission","worldnews","1704801240","2024-01-09T11:54:00+00:00","new974517","229","5","Reuters: White House gathers industry leaders to discuss defense tech for Ukraine","","/r/worldnews/comments/192d17h/reuters_white_house_gathers_industry_leaders_to/"
"192d84v","submission","worldnews","1704801920","2024-01-09T12:05:20+00:00","znanirani","73","0","White House Pushes Defense Industries on Tech Help for Ukraine","","/r/worldnews/comments/192d84v/white_house_pushes_defense_industries_on_tech/"
"192dff8","submission","worldnews","1704802639","2024-01-09T12:17:19+00:00","denizorhan","47","20","""Ask Zelensky:"" UAE rebuffs Bibi request to pay Palestinian workers barred from Israel","","/r/worldnews/comments/192dff8/ask_zelensky_uae_rebuffs_bibi_request_to_pay/"
"192diwt","submission","worldnews","1704802984","2024-01-09T12:23:04+00:00","PjeterPannos","958","22","Sweden to provide about $5M to NATO assistance fund for Ukraine","","/r/worldnews/comments/192diwt/sweden_to_provide_about_5m_to_nato_assistance/"
"192dwxe","submission","worldnews","1704804355","2024-01-09T12:45:55+00:00","Red_Franklin","1","10","Scholz criticizes EU for providing insufficient military aid to Ukraine","","/r/worldnews/comments/192dwxe/scholz_criticizes_eu_for_providing_insufficient/"
"192fhbu","submission","worldnews","1704809188","2024-01-09T14:06:28+00:00","duckanroll","438","62","Russians living in ‘unfriendly’ countries could lose right to vote in presidential elections","","/r/worldnews/comments/192fhbu/russians_living_in_unfriendly_countries_could/"
"192gh05","submission","worldnews","1704811994","2024-01-09T14:53:14+00:00","Stev-svart-88","25","8","Ukraine faces shortage of anti-aircraft guided missiles","","/r/worldnews/comments/192gh05/ukraine_faces_shortage_of_antiaircraft_guided/"
"192h7gn","submission","worldnews","1704814001","2024-01-09T15:26:41+00:00","new974517","1335","42","Olaf Scholz scolds the European Union regarding Ukraine and appeals. Weapons supplies are insufficient","","/r/worldnews/comments/192h7gn/olaf_scholz_scolds_the_european_union_regarding/"
"192jjmd","submission","worldnews","1704819798","2024-01-09T17:03:18+00:00","Future-Cookie5877","1","0","India Buys ‘Majority Stakes’ In Ukrainian Engine Firm As Ukraine War ‘Holds-Up’ Indian Navy Warship","","/r/worldnews/comments/192jjmd/india_buys_majority_stakes_in_ukrainian_engine/"
"192kbsl","submission","worldnews","1704821674","2024-01-09T17:34:34+00:00","FanPractical9683","90","24","Hungary sets condition for unlocking EUR 50B for Ukraine - Politico","","/r/worldnews/comments/192kbsl/hungary_sets_condition_for_unlocking_eur_50b_for/"
"192kndo","submission","worldnews","1704822461","2024-01-09T17:47:41+00:00","Scorpionking426","1","0","The west must face reality in Ukraine","","/r/worldnews/comments/192kndo/the_west_must_face_reality_in_ukraine/"
"192kvx9","submission","geopolitics","1704823063","2024-01-09T17:57:43+00:00","mazur49","1","18","Chain reaction or domino. Is Ukraine a fork point or end stop?","Current narrative demands Russia to be treated as an unstoppable and incompetent, cunning and deeply mistaken. What is victory of Russia means? If US is to focus on opposing China sacrificing Ukraine make a lot of sense. Strengthened Russia is less dependent on China and could be lured in broader Western framework. But how to do it?","/r/geopolitics/comments/192kvx9/chain_reaction_or_domino_is_ukraine_a_fork_point/"
"192lj2z","submission","worldnews","1704824592","2024-01-09T18:23:12+00:00","hyakumanben","1","0","Opinion | How the best chance to win the Ukraine war was lost","","/r/worldnews/comments/192lj2z/opinion_how_the_best_chance_to_win_the_ukraine/"
"192lnna","submission","geopolitics","1704824903","2024-01-09T18:28:23+00:00","donutloop","29","4","Russia in India’s Great Power Diplomacy","","/r/geopolitics/comments/192lnna/russia_in_indias_great_power_diplomacy/"
"192miw9","submission","worldnews","1704826974","2024-01-09T19:02:54+00:00","Ask4MD","3506","143","Ukraine Blows Up Russian ‘Solntsepyok’ Heavy Flamethrower with HIMARS, Unleashes Massive Explosion","","/r/worldnews/comments/192miw9/ukraine_blows_up_russian_solntsepyok_heavy/"
"192ns7r","submission","geopolitics","1704829974","2024-01-09T19:52:54+00:00","theatlantic","101","100","How Ukraine Must Change If It Wants to Win","","/r/geopolitics/comments/192ns7r/how_ukraine_must_change_if_it_wants_to_win/"
"192pie9","submission","geopolitics","1704834119","2024-01-09T21:01:59+00:00","HaroenEissa","1","25","Ukraine might be doomed even if they manage to win the war.","Ukraine has a lot of problems that need to be adressed before the country can become succesfull. 

Problem 1: Ukraine has one of the lowest fertility rates in the world. Their fertility rate is much lower than the fertility rate in western European countries. Furthermore a lot of citizens including families with young children have left the country and they might not want to go back after the war since the country will be devastated. This will make the impact of the low fertility rate even worse.

Problem 2: Ukraine has a very low gdp especially for European standards. Before the war Ukraine had the second lowest gdp per capita in all of Europe. The war has obviously made this much worse and it might take a really long time before Ukraine can create a strong economy. 

Problem 3: Ukraine usually scores very low on corruption metrics. Corruption in government could negatively influence the development of the country. 

Problem 4: Russia will keep pressuring them even if Ukraine wins the war. People might argue that Nato will prevent this, but there is still a lot thst needs to happen before Ukraine is officialy a Nato member. 

Problem 5: Ukraine could end up as a landlocked country if Russia manages to keep the annexed oblasts. A lack of sea access will negatively impact the Ukrainian economy. 

Problem 6: It might take a long time before Ukraine could benefit from all the EU policies even if they manage to join the organisation after the war. There is a really high change that some western European countries will not allow Ukraine to join the Schengen area and it might take a long time before Ukraine is allowed to use the Euro as their currency. 

This is not a complete list and I am interested to hear different perspectives.","/r/geopolitics/comments/192pie9/ukraine_might_be_doomed_even_if_they_manage_to/"
"192q1pr","submission","worldnews","1704835377","2024-01-09T21:22:57+00:00","Johannes_P","62","9","Canada reverses course after blocking Russian anti-war activist Maria Kartasheva’s citizenship for in absentia conviction over anti-war blog posts","","/r/worldnews/comments/192q1pr/canada_reverses_course_after_blocking_russian/"
"192ra41","submission","worldnews","1704838327","2024-01-09T22:12:07+00:00","professorbrainiac","945","108","US, partners condemn arms transfers between North Korea and Russia","","/r/worldnews/comments/192ra41/us_partners_condemn_arms_transfers_between_north/"
"192smh0","submission","geopolitics","1704841549","2024-01-09T23:05:49+00:00","New-Concentrate-2870","1","15","Hypothetically speaking can an alliance of India, Russia and China working together in unison crush the Western order?","I ask this question because our professor said that no single country can undermine the Western order so the US hegemony is always going to be in place as long as these 3 countries never unite i.e India,Russia and China because individually they are too weak but together they are the only alliance that would stand a slight chance to topple USA off its throne and rally the global south behind them. He said it would be the West biggest nightmare if India and China solved their border issues and got Russia to join them but it's never gonna happen as these 3 would never unite and the Western order will continue to dominate.  But it got me thinking hence the question. Thanks","/r/geopolitics/comments/192smh0/hypothetically_speaking_can_an_alliance_of_india/"
"192y5r8","submission","geopolitics","1704856569","2024-01-10T03:16:09+00:00","Strongbow85","1","2","Following China’s Export of Sanctioned Goods Through Central Asia to Russia: Goods exported to Russia, from China via Central Asia need not be weapons in order to contribute to Russia’s war efforts in Ukraine.","","/r/geopolitics/comments/192y5r8/following_chinas_export_of_sanctioned_goods/"
"192yerc","submission","worldnews","1704857318","2024-01-10T03:28:38+00:00","TheMisterClo","82","6","Scholz wants to discuss Ukraine arms deliveries with EU leaders at February summit","","/r/worldnews/comments/192yerc/scholz_wants_to_discuss_ukraine_arms_deliveries/"
"192z1ue","submission","worldnews","1704859361","2024-01-10T04:02:41+00:00","WorldNewsMods","1159","326","/r/WorldNews Live Thread: Russian Invasion of Ukraine Day 686, Part 1 (Thread #832)","","/r/worldnews/comments/192z1ue/rworldnews_live_thread_russian_invasion_of/"
"19300vv","submission","worldnews","1704862429","2024-01-10T04:53:49+00:00","shamimhasan551","1","1","US, Ukraine, dozens more condemn alleged Russia-North Korea arms transfers | Weapons News","","/r/worldnews/comments/19300vv/us_ukraine_dozens_more_condemn_alleged/"
"19322ba","submission","worldnews","1704869295","2024-01-10T06:48:15+00:00","ubcstaffer123","762","34","Lukashenko detains hundreds of Belarusians for supporting Ukraine","","/r/worldnews/comments/19322ba/lukashenko_detains_hundreds_of_belarusians_for/"
"1933384","submission","worldnews","1704873415","2024-01-10T07:56:55+00:00","bloomberg","1","33","Russia’s Oil Drilling Boom Proves Moscow’s Resilience to Western Sanctions","","/r/worldnews/comments/1933384/russias_oil_drilling_boom_proves_moscows/"
"1937kkf","submission","worldnews","1704891075","2024-01-10T12:51:15+00:00","new974517","656","91","In Crimea, girls poisoned 46 Russian military personnel and shot FSB officers","","/r/worldnews/comments/1937kkf/in_crimea_girls_poisoned_46_russian_military/"
"1937xdk","submission","worldnews","1704892211","2024-01-10T13:10:11+00:00","LetUnityBlossom_","1","1","Volodymyr Zelensky makes surprise visit to Lithuania","","/r/worldnews/comments/1937xdk/volodymyr_zelensky_makes_surprise_visit_to/"
"193870h","submission","worldnews","1704893057","2024-01-10T13:24:17+00:00","BezugssystemCH1903","2862","354","Swiss Senate Commission rejects using Russian assets for Ukraine reconstruction","","/r/worldnews/comments/193870h/swiss_senate_commission_rejects_using_russian/"
"193897s","submission","worldnews","1704893246","2024-01-10T13:27:26+00:00","blllrrrrr","1448","160","UK Foreign Secretary: Support for Ukraine will continue for years, not subject of controversy as in the US","","/r/worldnews/comments/193897s/uk_foreign_secretary_support_for_ukraine_will/"
"1938ejk","submission","worldnews","1704893686","2024-01-10T13:34:46+00:00","StoicPrinciples","1","0","Zelensky says Putin won't stop 'until we all finish him'","","/r/worldnews/comments/1938ejk/zelensky_says_putin_wont_stop_until_we_all_finish/"
"1938u6s","submission","geopolitics","1704895011","2024-01-10T13:56:51+00:00","Distinct-Macaroon158","1","35","Why have Russia and China been excluded by Western countries for a long time in history?","When I searched on the Internet, I noticed that there have been many anti-Russian and anti-Chinese incidents since at least the 19th century","/r/geopolitics/comments/1938u6s/why_have_russia_and_china_been_excluded_by/"
"1938ur4","submission","worldnews","1704895058","2024-01-10T13:57:38+00:00","EuropeanPravdaUA","95","2","Zelenskyy Shares His Expectations from NATO Washington Summit","","/r/worldnews/comments/1938ur4/zelenskyy_shares_his_expectations_from_nato/"
"1938v3v","submission","worldnews","1704895089","2024-01-10T13:58:09+00:00","yorkiecd","2156","172","Russian Presidential Candidate Calls for Peace Amid Growing Discord Over War in Ukraine","","/r/worldnews/comments/1938v3v/russian_presidential_candidate_calls_for_peace/"
"193a1p1","submission","worldnews","1704898352","2024-01-10T14:52:32+00:00","libtin","1","1","Russian oil executive who fled to UK took his own life after assets frozen","[removed]","/r/worldnews/comments/193a1p1/russian_oil_executive_who_fled_to_uk_took_his_own/"
"193a2n1","submission","worldnews","1704898425","2024-01-10T14:53:45+00:00","[deleted]","1","0","Russian oil executive who fled to UK took his own life after assets frozen over war in Ukraine","[removed]","/r/worldnews/comments/193a2n1/russian_oil_executive_who_fled_to_uk_took_his_own/"
"193a2vb","submission","worldnews","1704898444","2024-01-10T14:54:04+00:00","Pravda_UA","968","37","40% of Ukraine's population will need humanitarian aid this year – UN","","/r/worldnews/comments/193a2vb/40_of_ukraines_population_will_need_humanitarian/"
"193a41n","submission","worldnews","1704898533","2024-01-10T14:55:33+00:00","libtin","161","25","Russian colonel dies after 'stepping on mine' during Ukraine visit","","/r/worldnews/comments/193a41n/russian_colonel_dies_after_stepping_on_mine/"
"193a426","submission","worldnews","1704898534","2024-01-10T14:55:34+00:00","Red_Franklin","5","3","Bloomberg: Russia's oil drilling continues to break records despite Western sanctions","","/r/worldnews/comments/193a426/bloomberg_russias_oil_drilling_continues_to_break/"
"193a5cu","submission","geopolitics","1704898635","2024-01-10T14:57:15+00:00","DMainedFool","336","236","Poll: Majority of Russians see war in Ukraine as 'civilizational struggle with West'","","/r/geopolitics/comments/193a5cu/poll_majority_of_russians_see_war_in_ukraine_as/"
"193a7wc","submission","worldnews","1704898821","2024-01-10T15:00:21+00:00","swift_snowflake","535","346","‘West must be ready for Russia to ask if Lithuania is worth nuclear war’ – US general","","/r/worldnews/comments/193a7wc/west_must_be_ready_for_russia_to_ask_if_lithuania/"
"193acmn","submission","worldnews","1704899161","2024-01-10T15:06:01+00:00","TreacleZestyclose226","1","0","War in Ukraine, the M5S and Conte try again: immediate cessation of arms shipments","","/r/worldnews/comments/193acmn/war_in_ukraine_the_m5s_and_conte_try_again/"
"193ammf","submission","worldnews","1704899895","2024-01-10T15:18:15+00:00","FanPractical9683","11","0","The Russian Army in 2024 – Riddle Russia “The past year of 2023 saw gradual organisational degradation of the Russian army, a development that seems hardly reversible until the end of the war. “","","/r/worldnews/comments/193ammf/the_russian_army_in_2024_riddle_russia_the_past/"
"193bpei","submission","worldnews","1704902643","2024-01-10T16:04:03+00:00","Red_Franklin","1887","104","Canada's promise to deliver air defence system to Ukraine unfulfilled a year later","","/r/worldnews/comments/193bpei/canadas_promise_to_deliver_air_defence_system_to/"
"193btg0","submission","worldnews","1704902922","2024-01-10T16:08:42+00:00","donutloop","183","64","Ukraine seeks Indian investments to reconstruct war-hit economy","","/r/worldnews/comments/193btg0/ukraine_seeks_indian_investments_to_reconstruct/"
"193btxu","submission","worldnews","1704902958","2024-01-10T16:09:18+00:00","donutloop","46","1","India mulls national marine insurer amid Russia oil pressures","","/r/worldnews/comments/193btxu/india_mulls_national_marine_insurer_amid_russia/"
"193cwfi","submission","worldnews","1704905645","2024-01-10T16:54:05+00:00","eaglemaxie","1","1","Ukraine Risks Becoming 'Forgotten War', Pope Francis Says","","/r/worldnews/comments/193cwfi/ukraine_risks_becoming_forgotten_war_pope_francis/"
"193d0nl","submission","worldnews","1704905940","2024-01-10T16:59:00+00:00","eaglemaxie","73","3","Ukraine launches chatbot service for relatives of missing Russian troops","","/r/worldnews/comments/193d0nl/ukraine_launches_chatbot_service_for_relatives_of/"
"193dtf1","submission","worldnews","1704907875","2024-01-10T17:31:15+00:00","gucciavenger","1","0","Putin visits Chukotka region in Russia's Far East","[deleted]","/r/worldnews/comments/193dtf1/putin_visits_chukotka_region_in_russias_far_east/"
"193dv70","submission","worldnews","1704907990","2024-01-10T17:33:10+00:00","gucciavenger","68","0","Ukrainian President Zelensky on surprise visit to Lithuania","","/r/worldnews/comments/193dv70/ukrainian_president_zelensky_on_surprise_visit_to/"
"193e9lj","submission","worldnews","1704908957","2024-01-10T17:49:17+00:00","Red_Franklin","1","1","Zelensky gets bad news from poll","","/r/worldnews/comments/193e9lj/zelensky_gets_bad_news_from_poll/"
"193ed06","submission","worldnews","1704909182","2024-01-10T17:53:02+00:00","DMainedFool","1552","528","Poll: Majority of Russians see war in Ukraine as 'civilizational struggle with West'","","/r/worldnews/comments/193ed06/poll_majority_of_russians_see_war_in_ukraine_as/"
"193fh5a","submission","worldnews","1704911847","2024-01-10T18:37:27+00:00","giuliomagnifico","223","18","Putin Gives Russian Citizenship to Bosnian Serb War Crime Suspect","","/r/worldnews/comments/193fh5a/putin_gives_russian_citizenship_to_bosnian_serb/"
"193fxye","submission","worldnews","1704912983","2024-01-10T18:56:23+00:00","blllrrrrr","12197","936","Ukraine's Zelensky says Vladimir Putin won't stop war 'until we all finish him'","","/r/worldnews/comments/193fxye/ukraines_zelensky_says_vladimir_putin_wont_stop/"
"193g0qf","submission","worldnews","1704913168","2024-01-10T18:59:28+00:00","HelloSlowly","1037","51","Modern air defence systems are what we lack most – Zelenskyy","","/r/worldnews/comments/193g0qf/modern_air_defence_systems_are_what_we_lack_most/"
"193iehw","submission","worldnews","1704918906","2024-01-10T20:35:06+00:00","OddAioli6993","78","10","Hungary makes fresh demands in exchange for lifting veto on EU financial aid for Ukraine","","/r/worldnews/comments/193iehw/hungary_makes_fresh_demands_in_exchange_for/"
"193iej4","submission","worldnews","1704918908","2024-01-10T20:35:08+00:00","blllrrrrr","1","1","Russian oil executive who fled to UK took his own life after assets frozen over war in Ukraine","","/r/worldnews/comments/193iej4/russian_oil_executive_who_fled_to_uk_took_his_own/"
"193iloz","submission","worldnews","1704919384","2024-01-10T20:43:04+00:00","blllrrrrr","1660","113","Ukraine is 'test site' for North Korean missiles -South Korea","","/r/worldnews/comments/193iloz/ukraine_is_test_site_for_north_korean_missiles/"
"193k6le","submission","worldnews","1704923239","2024-01-10T21:47:19+00:00","professorbrainiac","1","1","If Russia Beats Ukraine, America Will Have to Massively Rearm NATO's Eastern Flank","","/r/worldnews/comments/193k6le/if_russia_beats_ukraine_america_will_have_to/"
"193kwxp","submission","worldnews","1704924997","2024-01-10T22:16:37+00:00","boomership","4311","317","Russia’s fabled war ally ‘General Frost’ turns on Moscow","","/r/worldnews/comments/193kwxp/russias_fabled_war_ally_general_frost_turns_on/"
"193l1j3","submission","worldnews","1704925317","2024-01-10T22:21:57+00:00","37Dracula37","3","0","Top Kremlin Milblogger Confirms Russian Failure, Frustration Over Ukraine’s Dnipro River Bridgehead","","/r/worldnews/comments/193l1j3/top_kremlin_milblogger_confirms_russian_failure/"
"193mhw7","submission","worldnews","1704928931","2024-01-10T23:22:11+00:00","HelloSlowly","444","13","NATO members pledge further support to Ukraine in 2024, outline plans for billions in aid","","/r/worldnews/comments/193mhw7/nato_members_pledge_further_support_to_ukraine_in/"
"193nj6u","submission","geopolitics","1704931622","2024-01-11T00:07:02+00:00","Consistent-Figure820","77","16","Ukraine seeks investments from India to reconstruct war-hit economy","","/r/geopolitics/comments/193nj6u/ukraine_seeks_investments_from_india_to/"
"193nshm","submission","worldnews","1704932312","2024-01-11T00:18:32+00:00","orgngrndr01","18","12","Russia has boasted that it has over 700 attack aircraft but has only less than 20 of its new gen5 stealth Mig35 and SU 57's most of the others are more than 20 years old and close to retirement BUT the US (McDonald Douglas) has just delivered 1000 of the F35's","","/r/worldnews/comments/193nshm/russia_has_boasted_that_it_has_over_700_attack/"
"193o0sy","submission","worldnews","1704932951","2024-01-11T00:29:11+00:00","IntnsRed","1","0","Father of Imprisoned US Citizen In Ukraine Speaks Out | Gonzalo Lira Sr., ""Free my Son!""","","/r/worldnews/comments/193o0sy/father_of_imprisoned_us_citizen_in_ukraine_speaks/"
"193scmu","submission","worldnews","1704945440","2024-01-11T03:57:20+00:00","Silly-avocatoe","1","0","North Korea uses Ukraine ""as test site for nuclear-capable missiles,"" South Korea says at UN SC meeting","","/r/worldnews/comments/193scmu/north_korea_uses_ukraine_as_test_site_for/"
"193sgw1","submission","worldnews","1704945788","2024-01-11T04:03:08+00:00","WorldNewsMods","1181","350","/r/WorldNews Live Thread: Russian Invasion of Ukraine Day 687, Part 1 (Thread #833)","","/r/worldnews/comments/193sgw1/rworldnews_live_thread_russian_invasion_of/"
"193v3yq","submission","worldnews","1704954665","2024-01-11T06:31:05+00:00","Red_Franklin","36","3","Russia reportedly to start production of new glide bomb","","/r/worldnews/comments/193v3yq/russia_reportedly_to_start_production_of_new/"
"193xezl","submission","worldnews","1704964071","2024-01-11T09:07:51+00:00","yorkiecd","1","3","‘Entire Russian Platoon’ Tries to Flee to Crimea, Now Being ‘Hunted Down,’ Says Ukraine Military","","/r/worldnews/comments/193xezl/entire_russian_platoon_tries_to_flee_to_crimea/"
"193xs1y","submission","worldnews","1704965572","2024-01-11T09:32:52+00:00","Saltedline","0","5","China and Russia push for Israel-Gaza ceasefire and two-state solution as foreign ministers vow to boost Brics influence","","/r/worldnews/comments/193xs1y/china_and_russia_push_for_israelgaza_ceasefire/"
"193xvji","submission","worldnews","1704965994","2024-01-11T09:39:54+00:00","Pravda_UA","3625","176","White House supports seizing Russian assets in favour of Ukraine","","/r/worldnews/comments/193xvji/white_house_supports_seizing_russian_assets_in/"
"193yk8s","submission","worldnews","1704968756","2024-01-11T10:25:56+00:00","bloomberg","2130","282","Ukraine Adds Sandwich Chain Subway to List of ‘War Sponsors’","","/r/worldnews/comments/193yk8s/ukraine_adds_sandwich_chain_subway_to_list_of_war/"
"193ytkh","submission","worldnews","1704969799","2024-01-11T10:43:19+00:00","znanirani","37","0","As Europe Weathers Cold Snap, Fears of Russia Power Cutoff Fade","","/r/worldnews/comments/193ytkh/as_europe_weathers_cold_snap_fears_of_russia/"
"193zbkw","submission","worldnews","1704971720","2024-01-11T11:15:20+00:00","Pravda_UA","5880","522","Zelenskyy: Russia is short of weapons, so no pause should be provided","","/r/worldnews/comments/193zbkw/zelenskyy_russia_is_short_of_weapons_so_no_pause/"
"193zojz","submission","geopolitics","1704973029","2024-01-11T11:37:09+00:00","IAI_Admin","72","11","“Putin is living in a different historical narrative from everyone else.” | Fiona Hill lays out the best practices for understanding Putin and his cult of personality.","","/r/geopolitics/comments/193zojz/putin_is_living_in_a_different_historical/"
"193zoxi","submission","worldnews","1704973070","2024-01-11T11:37:50+00:00","nayanki","2915","425","Russia says it's detained U.S. citizen Robert Woodland on drug charges that carry possible 20-year sentence","","/r/worldnews/comments/193zoxi/russia_says_its_detained_us_citizen_robert/"
"193zylf","submission","worldnews","1704974010","2024-01-11T11:53:30+00:00","duckanroll","63","8","Russian missile strike on Kharkiv hotel injures 11","","/r/worldnews/comments/193zylf/russian_missile_strike_on_kharkiv_hotel_injures_11/"
"19405sl","submission","worldnews","1704974700","2024-01-11T12:05:00+00:00","new974517","7","0","‘Entire Russian Platoon’ Tries to Flee to Crimea, Now Being ‘Hunted Down,’ Says Ukraine Military","","/r/worldnews/comments/19405sl/entire_russian_platoon_tries_to_flee_to_crimea/"
"1940awq","submission","worldnews","1704975185","2024-01-11T12:13:05+00:00","yorkiecd","13","3","Russian Navy Captain Freezes to Death in His Own Home","","/r/worldnews/comments/1940awq/russian_navy_captain_freezes_to_death_in_his_own/"
"1940kio","submission","worldnews","1704976097","2024-01-11T12:28:17+00:00","Substantial-Bag202","1","2","How Russian officials and their collaborators spirit away Ukraine’s children","","/r/worldnews/comments/1940kio/how_russian_officials_and_their_collaborators/"
"1941ny2","submission","worldnews","1704979577","2024-01-11T13:26:17+00:00","new974517","205","9","North Korea may sell Russia new types of tactical guided missiles in addition to alleged supplies of ballistic missiles for use in war with Ukraine","","/r/worldnews/comments/1941ny2/north_korea_may_sell_russia_new_types_of_tactical/"
"1941ue9","submission","geopolitics","1704980094","2024-01-11T13:34:54+00:00","theatlantic","1","2","The Woman Fighting Russia’s Carceral State","","/r/geopolitics/comments/1941ue9/the_woman_fighting_russias_carceral_state/"
"1942ced","submission","worldnews","1704981563","2024-01-11T13:59:23+00:00","Red_Franklin","124","1","Ukraine says 11 wounded in Russian strike at hotel in Kharkiv - Authorities say it is common knowledge foreign journalists stay at the hotel","","/r/worldnews/comments/1942ced/ukraine_says_11_wounded_in_russian_strike_at/"
"1942ll6","submission","geopolitics","1704982253","2024-01-11T14:10:53+00:00","Living_Cicada_2019","1","2","Russia Got 7,500-Pound Rockets From North Korea—And Promptly Blew Up A Pair Of Ukrainian Supply Bases","","/r/geopolitics/comments/1942ll6/russia_got_7500pound_rockets_from_north_koreaand/"
"19430lh","submission","geopolitics","1704983415","2024-01-11T14:30:15+00:00","Class_of_22","1","34","If Russia buys more tactical missiles from North Korea, could that cause South Korea to become more directly involved in the Ukrainian war, ie with military assistance and soldiers? And if so, what would the impacts/implications/consequences be for the world at large?","In my opinion, once Russia is confirmed to have been sold tactical missiles by North Korea, South Korea would absolutely take it as the last straw and view the conflict as more personal to them, and would cause them to become more involved.

I think it could help bring the end of the Ukrainian war more quickly, since another country getting involved would mean that Ukraine could have a greater chance of victory.

What about you guys?","/r/geopolitics/comments/19430lh/if_russia_buys_more_tactical_missiles_from_north/"
"1943brd","submission","worldnews","1704984257","2024-01-11T14:44:17+00:00","IWASJUMP","65","11","Hungary sets condition for lifting its veto on €50bn for Ukraine – Politico","","/r/worldnews/comments/1943brd/hungary_sets_condition_for_lifting_its_veto_on/"
"1943e2y","submission","worldnews","1704984429","2024-01-11T14:47:09+00:00","Red_Franklin","605","7","Estonia pledges $1.3 billion in long-term support for Kyiv as Zelensky tours Baltics","","/r/worldnews/comments/1943e2y/estonia_pledges_13_billion_in_longterm_support/"
"1943hzl","submission","worldnews","1704984721","2024-01-11T14:52:01+00:00","Fun-Lawfulness4653","1494","409","Russia's Medvedev warns of nuclear response if Ukraine hits missile launch sites","","/r/worldnews/comments/1943hzl/russias_medvedev_warns_of_nuclear_response_if/"
"1944o5n","submission","worldnews","1704987835","2024-01-11T15:43:55+00:00","DavidCarraway","804","172","U.S. Military Aid to Ukraine Was Poorly Tracked, Pentagon Report Concludes","","/r/worldnews/comments/1944o5n/us_military_aid_to_ukraine_was_poorly_tracked/"
"1944r0x","submission","worldnews","1704988042","2024-01-11T15:47:22+00:00","ThisIsMe_95","528","28","War changes language: More Ukrainian, less Russian","","/r/worldnews/comments/1944r0x/war_changes_language_more_ukrainian_less_russian/"
"1944y7h","submission","worldnews","1704988590","2024-01-11T15:56:30+00:00","Realistic_Order_7706","1","1","Russia's upper hand puts US-Ukraine at a crossroads","","/r/worldnews/comments/1944y7h/russias_upper_hand_puts_usukraine_at_a_crossroads/"
"1946x20","submission","worldnews","1704993498","2024-01-11T17:18:18+00:00","17jewel17ry","1","0","Russian Attack Inflicts Casualties and Damages in Kharkiv: Civilian Facilities Hit","","/r/worldnews/comments/1946x20/russian_attack_inflicts_casualties_and_damages_in/"
"194701o","submission","worldnews","1704993701","2024-01-11T17:21:41+00:00","17jewel17ry","1","0","Russian Attack Inflicts Casualties and Damages in Kharkiv: Civilian Facilities Hit","","/r/worldnews/comments/194701o/russian_attack_inflicts_casualties_and_damages_in/"
"1947f35","submission","worldnews","1704994679","2024-01-11T17:37:59+00:00","giuliomagnifico","67","147","In Rare Interview, Putin’s Daughter Says Russia Places High Value on Human Life","","/r/worldnews/comments/1947f35/in_rare_interview_putins_daughter_says_russia/"
"1947qu4","submission","worldnews","1704995464","2024-01-11T17:51:04+00:00","HelloSlowly","140","1","World Bank's IFC mobilizes almost $1 billion to aid Ukraine's recovery","","/r/worldnews/comments/1947qu4/world_banks_ifc_mobilizes_almost_1_billion_to_aid/"
"1949i88","submission","geopolitics","1704999753","2024-01-11T19:02:33+00:00","mazur49","1","0","We are Orks? How it came about in Russian narrative?","[removed]","/r/geopolitics/comments/1949i88/we_are_orks_how_it_came_about_in_russian_narrative/"
"1949s53","submission","worldnews","1705000458","2024-01-11T19:14:18+00:00","blllrrrrr","164","8","A platoon of 40 Russians abandoned their front-line positions and tried to flee to Crimea, Ukraine says","","/r/worldnews/comments/1949s53/a_platoon_of_40_russians_abandoned_their/"
"194a045","submission","worldnews","1705001017","2024-01-11T19:23:37+00:00","blllrrrrr","2","1","Over $1 Billion In Ukraine Military Aid Was Poorly Tracked—Creating Concerns Over ‘Risk Of Theft,’ Pentagon Says","","/r/worldnews/comments/194a045/over_1_billion_in_ukraine_military_aid_was_poorly/"
"194a9ut","submission","worldnews","1705001685","2024-01-11T19:34:45+00:00","blllrrrrr","168","10","President Zelensky in Estonia’s Riigikogu: Europe will only endure if it is a continent of unity","","/r/worldnews/comments/194a9ut/president_zelensky_in_estonias_riigikogu_europe/"
"194acmi","submission","worldnews","1705001874","2024-01-11T19:37:54+00:00","eaglemaxie","521","77","Subway added to Ukraine's list of ""international war sponsors""","","/r/worldnews/comments/194acmi/subway_added_to_ukraines_list_of_international/"
"194ayhw","submission","worldnews","1705003396","2024-01-11T20:03:16+00:00","Scorpionking426","1","0","Neo-Nazis in the US no longer see backing Ukraine as a worthy cause","","/r/worldnews/comments/194ayhw/neonazis_in_the_us_no_longer_see_backing_ukraine/"
"194b26a","submission","worldnews","1705003645","2024-01-11T20:07:25+00:00","twotwo_twentytwo","2503","209","Ukraine's Zelenskiy says a ceasefire would only benefit Russia","","/r/worldnews/comments/194b26a/ukraines_zelenskiy_says_a_ceasefire_would_only/"
"194b46i","submission","worldnews","1705003786","2024-01-11T20:09:46+00:00","Scorpionking426","1","1","Neo-Nazis in the US no longer see backing Ukraine as a worthy cause","","/r/worldnews/comments/194b46i/neonazis_in_the_us_no_longer_see_backing_ukraine/"
"194boz0","submission","worldnews","1705005208","2024-01-11T20:33:28+00:00","BurstYourBubbles","1","26","Time for diplomacy in Ukraine, Italy's defence minister says","","/r/worldnews/comments/194boz0/time_for_diplomacy_in_ukraine_italys_defence/"
"194bxno","submission","worldnews","1705005798","2024-01-11T20:43:18+00:00","EsperaDeus","2378","191","Ukraine has no major achievements in front because Russians control sky – Zelenskyy","","/r/worldnews/comments/194bxno/ukraine_has_no_major_achievements_in_front/"
"194by5o","submission","worldnews","1705005833","2024-01-11T20:43:53+00:00","EsperaDeus","2422","781","Zelenskyy says Ukrainian men should return to Ukraine at least to pay taxes","","/r/worldnews/comments/194by5o/zelenskyy_says_ukrainian_men_should_return_to/"
"194bz95","submission","worldnews","1705005910","2024-01-11T20:45:10+00:00","EsperaDeus","355","2","Zelenskyy: We must not allow Russia to prepare counteroffensive","","/r/worldnews/comments/194bz95/zelenskyy_we_must_not_allow_russia_to_prepare/"
"194c43v","submission","worldnews","1705006242","2024-01-11T20:50:42+00:00","EsperaDeus","1","30","Over $1 Billion In Ukraine Military Aid Was Poorly Tracked—Creating Concerns Over ‘Risk Of Theft,’ Pentagon Says","","/r/worldnews/comments/194c43v/over_1_billion_in_ukraine_military_aid_was_poorly/"
"194d30d","submission","worldnews","1705008675","2024-01-11T21:31:15+00:00","sleepdeprivedindian","1","0","U.S. Military Aid to Ukraine Was Poorly Tracked, Pentagon Report Concludes - NY Times","[removed]","/r/worldnews/comments/194d30d/us_military_aid_to_ukraine_was_poorly_tracked/"
"194dhpi","submission","worldnews","1705009665","2024-01-11T21:47:45+00:00","donutloop","240","20","The Red Sea attacks appear to be hurting traders and suppliers across the globe — but Russia's oil trade with India is still booming","","/r/worldnews/comments/194dhpi/the_red_sea_attacks_appear_to_be_hurting_traders/"
"194eyno","submission","worldnews","1705013281","2024-01-11T22:48:01+00:00","EsperaDeus","6687","1225","Zelenskyy criticises West: If Ukraine were given seven Patriot systems, people would not be killed","","/r/worldnews/comments/194eyno/zelenskyy_criticises_west_if_ukraine_were_given/"
"194f7ru","submission","worldnews","1705013901","2024-01-11T22:58:21+00:00","Bambila3000","1","0","Since 2022, Russia became the most sanctioned country in the world","","/r/worldnews/comments/194f7ru/since_2022_russia_became_the_most_sanctioned/"
"194i3ux","submission","worldnews","1705021450","2024-01-12T01:04:10+00:00","DowningStreetFighter","4081","219","Russian military ships anywhere in the world are legitimate targets says Ukrainian Naval Commander","","/r/worldnews/comments/194i3ux/russian_military_ships_anywhere_in_the_world_are/"
"194ka07","submission","worldnews","1705027631","2024-01-12T02:47:11+00:00","mrwhiskeyrum","619","53","N. Korea Could Send Guided Ballistic Missiles to Russia: S. Korea Minister","","/r/worldnews/comments/194ka07/n_korea_could_send_guided_ballistic_missiles_to/"
"194l6tl","submission","worldnews","1705030426","2024-01-12T03:33:46+00:00","Blueberry_Winter","324","16","Sanctioned Western tech is still entering Russia and powering its war","","/r/worldnews/comments/194l6tl/sanctioned_western_tech_is_still_entering_russia/"
"194lqev","submission","worldnews","1705032166","2024-01-12T04:02:46+00:00","WorldNewsMods","1152","310","/r/WorldNews Live Thread: Russian Invasion of Ukraine Day 688, Part 1 (Thread #834)","","/r/worldnews/comments/194lqev/rworldnews_live_thread_russian_invasion_of/"
"194n3gg","submission","worldnews","1705036576","2024-01-12T05:16:16+00:00","Saltedline","1013","45","Ukraine identifies missiles used by Russia as North Korean-made","","/r/worldnews/comments/194n3gg/ukraine_identifies_missiles_used_by_russia_as/"
"194n67q","submission","worldnews","1705036838","2024-01-12T05:20:38+00:00","Red_Franklin","3","0","Pentagon watchdog: US did not track all weapons sent to Ukraine","","/r/worldnews/comments/194n67q/pentagon_watchdog_us_did_not_track_all_weapons/"
"194n697","submission","worldnews","1705036841","2024-01-12T05:20:41+00:00","donutloop","24","0","Russia to renew Chennai-Vladivostok route; officials to visit Chennai","","/r/worldnews/comments/194n697/russia_to_renew_chennaivladivostok_route/"
"194oa11","submission","worldnews","1705040563","2024-01-12T06:22:43+00:00","Simon-Adams2024","1","0","Russia's Fabled War Ally 'General frost' Turns on Moscow / Inside Putin's Russia","","/r/worldnews/comments/194oa11/russias_fabled_war_ally_general_frost_turns_on/"
"194oal2","submission","worldnews","1705040621","2024-01-12T06:23:41+00:00","Simon-Adams2024","1","0","Russia Threatens Poland with fulfillment of New Year's wishes & Iran will supply ballistic missiles","","/r/worldnews/comments/194oal2/russia_threatens_poland_with_fulfillment_of_new/"
"194ob2c","submission","worldnews","1705040676","2024-01-12T06:24:36+00:00","Simon-Adams2024","1","0","Russia's FM Lavrov revealed Western plans to freeze the conflict in Ukraine","","/r/worldnews/comments/194ob2c/russias_fm_lavrov_revealed_western_plans_to/"
"194obu2","submission","worldnews","1705040751","2024-01-12T06:25:51+00:00","Simon-Adams2024","1","0","Russia's Dictator Putin has every reason to be pleased with himself - Der Spiegel","","/r/worldnews/comments/194obu2/russias_dictator_putin_has_every_reason_to_be/"
"194pm1g","submission","worldnews","1705045685","2024-01-12T07:48:05+00:00","Prize_Dentist_9204","1","0","Rishi Sunak Announces £2.5B Boost for UK Aid to Ukraine","","/r/worldnews/comments/194pm1g/rishi_sunak_announces_25b_boost_for_uk_aid_to/"
"194qfy6","submission","worldnews","1705049073","2024-01-12T08:44:33+00:00","AD2023August","1","4","Why Many Young Russians See a Hero in Putin","","/r/worldnews/comments/194qfy6/why_many_young_russians_see_a_hero_in_putin/"
"194qkjc","submission","worldnews","1705049609","2024-01-12T08:53:29+00:00","ShadowBannedAugustus","220","40","‘Total Disgrace’: Anger, Frustration as Mass Heating Failures Across Russia Leave Thousands in the Cold","","/r/worldnews/comments/194qkjc/total_disgrace_anger_frustration_as_mass_heating/"
"194r4dj","submission","worldnews","1705051869","2024-01-12T09:31:09+00:00","AllUltima","150","6","Britain to increase Ukraine support to £2.5bn, Rishi Sunak announces","","/r/worldnews/comments/194r4dj/britain_to_increase_ukraine_support_to_25bn_rishi/"
"194r824","submission","worldnews","1705052303","2024-01-12T09:38:23+00:00","Classy56","5754","1185","Russia condemns US for 'irresponsible' strikes on Yemen and requests security council meeting","","/r/worldnews/comments/194r824/russia_condemns_us_for_irresponsible_strikes_on/"
"194refc","submission","worldnews","1705053034","2024-01-12T09:50:34+00:00","EsperaDeus","2051","142","US imposes sanctions due to North Korea's supply of ballistic missiles to Russia","","/r/worldnews/comments/194refc/us_imposes_sanctions_due_to_north_koreas_supply/"
"194rexa","submission","worldnews","1705053091","2024-01-12T09:51:31+00:00","EsperaDeus","209","20","Russia increases ammunition production, but its quality is dropping – Defence Intelligence of Ukraine","","/r/worldnews/comments/194rexa/russia_increases_ammunition_production_but_its/"
"194rfmw","submission","worldnews","1705053176","2024-01-12T09:52:56+00:00","EsperaDeus","1","174","Sunak will announce more than £2.5bn in military support for Ukraine next year","","/r/worldnews/comments/194rfmw/sunak_will_announce_more_than_25bn_in_military/"
"194s0xa","submission","worldnews","1705055570","2024-01-12T10:32:50+00:00","Fun-Lawfulness4653","85","0","Britain to hike funds for Ukraine to buy drones, Sunak visits Kyiv","","/r/worldnews/comments/194s0xa/britain_to_hike_funds_for_ukraine_to_buy_drones/"
"194s8tf","submission","worldnews","1705056470","2024-01-12T10:47:50+00:00","Fun-Lawfulness4653","155","115","Russia condemns US and UK for 'irresponsible' strikes on Yemen","","/r/worldnews/comments/194s8tf/russia_condemns_us_and_uk_for_irresponsible/"
"194sej0","submission","worldnews","1705057132","2024-01-12T10:58:52+00:00","Fun-Lawfulness4653","1373","352","Moscow calls U.S. plan to confiscate Russian assets '21st century piracy'","","/r/worldnews/comments/194sej0/moscow_calls_us_plan_to_confiscate_russian_assets/"
"194ssiu","submission","worldnews","1705058564","2024-01-12T11:22:44+00:00","yorkiecd","727","73","Russian Aviation Industry Woes Continue as Airlines Forced to Extend Use of 50-Year-Old Antonovs","","/r/worldnews/comments/194ssiu/russian_aviation_industry_woes_continue_as/"
"194sy1t","submission","worldnews","1705059133","2024-01-12T11:32:13+00:00","-BalanceKeeper-","1","1","Ukraine War losses announced by Israeli Intelligence Mossad - January 2023","","/r/worldnews/comments/194sy1t/ukraine_war_losses_announced_by_israeli/"
"194toet","submission","worldnews","1705061730","2024-01-12T12:15:30+00:00","Red_Franklin","58","6","Iran develops new high tech attack drone for Russia","","/r/worldnews/comments/194toet/iran_develops_new_high_tech_attack_drone_for/"
"194txwy","submission","worldnews","1705062651","2024-01-12T12:30:51+00:00","Red_Franklin","301","33","PM Sunak arrives in Ukraine, set to announce $3.1 billion aid package","","/r/worldnews/comments/194txwy/pm_sunak_arrives_in_ukraine_set_to_announce_31/"
"194u2a2","submission","worldnews","1705063065","2024-01-12T12:37:45+00:00","duckanroll","49","4","Serbian musician deported from Russia for drug ‘propaganda’","","/r/worldnews/comments/194u2a2/serbian_musician_deported_from_russia_for_drug/"
"194u780","submission","worldnews","1705063508","2024-01-12T12:45:08+00:00","Kejmarcz","120","4","Russian army HQ burns down in Chechnya, saboteurs claim","","/r/worldnews/comments/194u780/russian_army_hq_burns_down_in_chechnya_saboteurs/"
"194u9e9","submission","worldnews","1705063705","2024-01-12T12:48:25+00:00","zugidor","1476","44","Mass protests in Slovakia against pro-Russian government’s proposed legal changes","","/r/worldnews/comments/194u9e9/mass_protests_in_slovakia_against_prorussian/"
"194uh3d","submission","worldnews","1705064393","2024-01-12T12:59:53+00:00","Fun-Lawfulness4653","2973","810","Russia's Medvedev says any UK troop deployment to Ukraine would be a declaration of war","","/r/worldnews/comments/194uh3d/russias_medvedev_says_any_uk_troop_deployment_to/"
"194vjab","submission","worldnews","1705067476","2024-01-12T13:51:16+00:00","ATACMS5220","9","31","Russia's Medvedev warns of nuclear response if Ukraine hits missile launch sites","","/r/worldnews/comments/194vjab/russias_medvedev_warns_of_nuclear_response_if/"
"194w1kf","submission","worldnews","1705068851","2024-01-12T14:14:11+00:00","Fun-Lawfulness4653","260","18","Left-wing critic of Putin detained ahead of trial for 'justifying terrorism'","","/r/worldnews/comments/194w1kf/leftwing_critic_of_putin_detained_ahead_of_trial/"
"194w2x0","submission","worldnews","1705068952","2024-01-12T14:15:52+00:00","Fun-Lawfulness4653","321","9","Ukraine and Britain sign security agreement in Kyiv","","/r/worldnews/comments/194w2x0/ukraine_and_britain_sign_security_agreement_in/"
"194wt0y","submission","geopolitics","1705070930","2024-01-12T14:48:50+00:00","usfwalker","1","44","Why does the UK goes out of their way to support Ukraine?","Of course US is the top donor and ‘advisor’, but why’s UK so proactive? I mean compare to Poland or Germany, the UK leaders seem extra eager","/r/geopolitics/comments/194wt0y/why_does_the_uk_goes_out_of_their_way_to_support/"
"194xl7a","submission","worldnews","1705072960","2024-01-12T15:22:40+00:00","JPR_FI","78","26","Russia's foreign ministry spokeswoman blames Finland, West for border issues","","/r/worldnews/comments/194xl7a/russias_foreign_ministry_spokeswoman_blames/"
"194y211","submission","worldnews","1705074172","2024-01-12T15:42:52+00:00","HelloSlowly","1369","180","Ukraine and UK sign security treaty that will be valid until joining NATO","","/r/worldnews/comments/194y211/ukraine_and_uk_sign_security_treaty_that_will_be/"
"194y6jz","submission","worldnews","1705074496","2024-01-12T15:48:16+00:00","yorkiecd","14","1","'Half a Battalion Escaped to The Forest' – Russian Soldier Blamed for Mass Refusal to Fight","","/r/worldnews/comments/194y6jz/half_a_battalion_escaped_to_the_forest_russian/"
"194yea7","submission","worldnews","1705075058","2024-01-12T15:57:38+00:00","blllrrrrr","4221","381","Russian election candidate calls Ukraine war a ‘big mistake’ by Putin","","/r/worldnews/comments/194yea7/russian_election_candidate_calls_ukraine_war_a/"
"194yfci","submission","worldnews","1705075136","2024-01-12T15:58:56+00:00","blllrrrrr","49","1","UK’s Sunak gives ‘strong signal’ to Ukraine with extra US$3.2 billion in aid","","/r/worldnews/comments/194yfci/uks_sunak_gives_strong_signal_to_ukraine_with/"
"194zbr9","submission","worldnews","1705077436","2024-01-12T16:37:16+00:00","blllrrrrr","44","56","Russia's Medvedev says any UK troop deployment to Ukraine would be a declaration of war","","/r/worldnews/comments/194zbr9/russias_medvedev_says_any_uk_troop_deployment_to/"
"194zi1w","submission","worldnews","1705077881","2024-01-12T16:44:41+00:00","M795","886","17","US 'disappointed' by Hungary's Ukraine policy, urges ratification of Sweden's NATO bid","","/r/worldnews/comments/194zi1w/us_disappointed_by_hungarys_ukraine_policy_urges/"
"194zzpt","submission","worldnews","1705079061","2024-01-12T17:04:21+00:00","smallbatter","1","9","US resumes Russian oil imports, defies sanctions","","/r/worldnews/comments/194zzpt/us_resumes_russian_oil_imports_defies_sanctions/"
"1950dxh","submission","worldnews","1705080029","2024-01-12T17:20:29+00:00","blllrrrrr","9","6","Russia needs talks not for peace, but for strengthening of its army","","/r/worldnews/comments/1950dxh/russia_needs_talks_not_for_peace_but_for/"
"1951jlg","submission","worldnews","1705082882","2024-01-12T18:08:02+00:00","Shubh_108","2354","147","'Europe bought Russian oil via India at record rates in 2023 despite Ukraine war' - Times of India","","/r/worldnews/comments/1951jlg/europe_bought_russian_oil_via_india_at_record/"
"1951wdc","submission","worldnews","1705083783","2024-01-12T18:23:03+00:00","blllrrrrr","56","46","Putin says he will visit disputed Kuril islands off Japan's Hokkaido","","/r/worldnews/comments/1951wdc/putin_says_he_will_visit_disputed_kuril_islands/"
"195242x","submission","worldnews","1705084318","2024-01-12T18:31:58+00:00","blllrrrrr","9","0","Ukraine's intelligence: Putin receives artillery shells, MLRS rockets and mines from Kim Jong Un","","/r/worldnews/comments/195242x/ukraines_intelligence_putin_receives_artillery/"
"19527c6","submission","worldnews","1705084540","2024-01-12T18:35:40+00:00","randoul","11588","767","Houthis mistakenly target tanker carrying Russian oil - Ambrey report","","/r/worldnews/comments/19527c6/houthis_mistakenly_target_tanker_carrying_russian/"
"1952ts6","submission","worldnews","1705086100","2024-01-12T19:01:40+00:00","giuliomagnifico","93","15","A group from Russia is poised to be the first known tourists allowed into North Korea since anti-pandemic border lockdowns began in early 2020","","/r/worldnews/comments/1952ts6/a_group_from_russia_is_poised_to_be_the_first/"
"1952vg7","submission","worldnews","1705086208","2024-01-12T19:03:28+00:00","37Dracula37","1453","20","Another Vicious Murderer Pardoned by Putin Killed in Ukraine – to Relief of Victims’ Families","","/r/worldnews/comments/1952vg7/another_vicious_murderer_pardoned_by_putin_killed/"
"1952zom","submission","worldnews","1705086510","2024-01-12T19:08:30+00:00","Scorpionking426","1","1","U.S. suspends military aid to Ukraine - White House","","/r/worldnews/comments/1952zom/us_suspends_military_aid_to_ukraine_white_house/"
"1953yvj","submission","worldnews","1705088959","2024-01-12T19:49:19+00:00","Boring-Tea-5655","1","0","Houthis target Russian oil tanker by mistake","","/r/worldnews/comments/1953yvj/houthis_target_russian_oil_tanker_by_mistake/"
"1954ky6","submission","geopolitics","1705090458","2024-01-12T20:14:18+00:00","artraitor","1","2","""Double Standards? Outrage Over American Journalist's Death in Ukraine Muted Compared to Khashoggi Case""","","/r/geopolitics/comments/1954ky6/double_standards_outrage_over_american/"
"19562qd","submission","worldnews","1705094218","2024-01-12T21:16:58+00:00","No_Wolverine7757","1","0","White House says U.S. Ukraine assistance has 'ground to a halt'; UK announces increased drone funding","","/r/worldnews/comments/19562qd/white_house_says_us_ukraine_assistance_has_ground/"
"1957bpe","submission","worldnews","1705097414","2024-01-12T22:10:14+00:00","ThisIsKeiKei","139","257","U.S. suspends military aid to Ukraine - White House","","/r/worldnews/comments/1957bpe/us_suspends_military_aid_to_ukraine_white_house/"
"1957h0g","submission","worldnews","1705097779","2024-01-12T22:16:19+00:00","Ask4MD","238","42","Russia’s Ex-PM Threatens UK Current PM Sunak with ‘Cluster Munitions in Center of Kyiv’ During Official Visit","","/r/worldnews/comments/1957h0g/russias_expm_threatens_uk_current_pm_sunak_with/"
"1957h2c","submission","geopolitics","1705097783","2024-01-12T22:16:23+00:00","cplm1948","172","215","Has Russia’s position been weakened or strengthened by the war in Ukraine?","I keep seeing a lot of what seems like propaganda for both sides regarding this topic. 

Anti U.S. aligned news and social media sources say that Russia’s position is stronger than ever thanks to this war since it is causing Russia to turn to improving relations outside of the EU/West with China, Iran, Saudis, Syria, etc., and that these improved relations signify a weakening in U.S./Western influence and the consolidation of what is supposedly an “anti U.S.” coalition”. On top of this there are claims that the EU has become fractured (to Russia’s benefit) a due to the war and that western sanctions were useless and that Russia has huge leverage due to having natural resources and an alleged large industrial base and their economy is doing great.

On the other hand, western-aligned sources claim that Russia is suffering huge casualties which is significantly worsening their aging population / birth rate crisis. On top of this, they claim Russia is further isolating itself with the war. They claim the war has put Russia in a weak position militarily and economically. Recently a lot of images of power outages in Russia are being shared online.

Basically both sides are just contradicting each other. 

While I can see some truth in what both sides say, I have suspicions that a lot of these talking points are largely over exaggerated due to political bias.

What do you guys think? Has Russia’s geopolitical position become weaker or stronger due to the war? Or is it not so clear / somewhere in the middle?","/r/geopolitics/comments/1957h2c/has_russias_position_been_weakened_or/"
"1957qab","submission","worldnews","1705098430","2024-01-12T22:27:10+00:00","iced_maggot","1","1","US assistance to Ukraine has ‘ground to a halt’, says White House","","/r/worldnews/comments/1957qab/us_assistance_to_ukraine_has_ground_to_a_halt/"
"1957tdv","submission","worldnews","1705098643","2024-01-12T22:30:43+00:00","iced_maggot","1","0","US assistance to Ukraine has “ground to a halt”, amid political infighting, White House says","","/r/worldnews/comments/1957tdv/us_assistance_to_ukraine_has_ground_to_a_halt/"
"1958izf","submission","geopolitics","1705100425","2024-01-12T23:00:25+00:00","Solkha","1","1","When I think of if I were Ukrainian leaders, I'd be afraid to put all our leaders in one spot like this. What makes them confident that Russia won't just risk it and lob everything at that parliament when they congregate like this? I assume Western-recon early detection of Russian missiles?","","/r/geopolitics/comments/1958izf/when_i_think_of_if_i_were_ukrainian_leaders_id_be/"
"195aerp","submission","worldnews","1705105245","2024-01-13T00:20:45+00:00","chang_bhala","1","1","Europe buying Russian oil via India at record rates in 2023 despite Ukraine war | The Independent","","/r/worldnews/comments/195aerp/europe_buying_russian_oil_via_india_at_record/"
"195dcda","submission","worldnews","1705113545","2024-01-13T02:39:05+00:00","eleventy5thRejection","1813","61","A refugee bear from a bombed-out Ukraine zoo finds a new home in Scotland","","/r/worldnews/comments/195dcda/a_refugee_bear_from_a_bombedout_ukraine_zoo_finds/"
"195el1u","submission","worldnews","1705117263","2024-01-13T03:41:03+00:00","k1ngd3mon","1","1","Europe buying Russian oil via India at record rates in 2023 despite Ukraine war","[removed]","/r/worldnews/comments/195el1u/europe_buying_russian_oil_via_india_at_record/"
"195eo2i","submission","worldnews","1705117531","2024-01-13T03:45:31+00:00","[deleted]","1","1","Europe bought Russian oil via India at record rates in 2023 despite Ukraine war","[removed]","/r/worldnews/comments/195eo2i/europe_bought_russian_oil_via_india_at_record/"
"195ffer","submission","geopolitics","1705119896","2024-01-13T04:24:56+00:00","Electrical_Break_984","1","5","Europe buying Russian oil via India at record rates in 2023 despite Ukraine war","[https://www.independent.co.uk/news/world/europe/russia-oil-europe-india-ukraine-war-b2477443.html](https://www.independent.co.uk/news/world/europe/russia-oil-europe-india-ukraine-war-b2477443.html) ","/r/geopolitics/comments/195ffer/europe_buying_russian_oil_via_india_at_record/"
"195fk89","submission","worldnews","1705120333","2024-01-13T04:32:13+00:00","Electrical_Break_984","1","1","Russia’s ban on social media cost its economy £3.1bn last year","","/r/worldnews/comments/195fk89/russias_ban_on_social_media_cost_its_economy_31bn/"
"195ftzb","submission","worldnews","1705121226","2024-01-13T04:47:06+00:00","[deleted]","1","1","Europe buying Russian oil via India at record rates in 2023 despite Ukraine war","[removed]","/r/worldnews/comments/195ftzb/europe_buying_russian_oil_via_india_at_record/"
"195fvo9","submission","worldnews","1705121389","2024-01-13T04:49:49+00:00","GreenCreep376","18","4","Russian Navy Captain Freezes to Death in His Own Home","","/r/worldnews/comments/195fvo9/russian_navy_captain_freezes_to_death_in_his_own/"
"195g51x","submission","geopolitics","1705122228","2024-01-13T05:03:48+00:00","donutloop","329","55","'Europe bought Russian oil via India at record rates in 2023 despite Ukraine war'","","/r/geopolitics/comments/195g51x/europe_bought_russian_oil_via_india_at_record/"
"195gjvk","submission","worldnews","1705123612","2024-01-13T05:26:52+00:00","Red_Franklin","198","32","Russian lawmakers push to allow foreigners with criminal records to serve in Russian military","","/r/worldnews/comments/195gjvk/russian_lawmakers_push_to_allow_foreigners_with/"
"195h4v5","submission","worldnews","1705125659","2024-01-13T06:00:59+00:00","JaysTwice","1","2","US resumes Russian oil imports, defies sanctions","","/r/worldnews/comments/195h4v5/us_resumes_russian_oil_imports_defies_sanctions/"
"195h6eh","submission","worldnews","1705125786","2024-01-13T06:03:06+00:00","DMainedFool","149","96","Russian presidential hopeful calling for peace in Ukraine [re: hope for the nation's future]","","/r/worldnews/comments/195h6eh/russian_presidential_hopeful_calling_for_peace_in/"
"195hc5k","submission","worldnews","1705126340","2024-01-13T06:12:20+00:00","[deleted]","2","0","/r/WorldNews Live Thread: Russian Invasion of Ukraine Day 689, Part 1 (Thread #835)","[deleted]","/r/worldnews/comments/195hc5k/rworldnews_live_thread_russian_invasion_of/"
"195hdwg","submission","worldnews","1705126513","2024-01-13T06:15:13+00:00","WorldNewsMods","1122","315","/r/WorldNews Live Thread: Russian Invasion of Ukraine Day 689, Part 1 (Thread #835)","","/r/worldnews/comments/195hdwg/rworldnews_live_thread_russian_invasion_of/"
"195htwl","submission","geopolitics","1705128143","2024-01-13T06:42:23+00:00","DMainedFool","2","2","Russian presidential hopeful calling for peace in Ukraine [re: hope for the nation's future]","","/r/geopolitics/comments/195htwl/russian_presidential_hopeful_calling_for_peace_in/"
"195kb2a","submission","worldnews","1705138242","2024-01-13T09:30:42+00:00","Ambitionlessninja","5110","608","Ukraine suffers mass Russian missile attack","","/r/worldnews/comments/195kb2a/ukraine_suffers_mass_russian_missile_attack/"
"195kmvu","submission","worldnews","1705139662","2024-01-13T09:54:22+00:00","OriginalDriedBiscuit","389","17","Huge fire rips through Russian online retailer's warehouse in St. Petersburg","","/r/worldnews/comments/195kmvu/huge_fire_rips_through_russian_online_retailers/"
"195lrwk","submission","worldnews","1705144383","2024-01-13T11:13:03+00:00","Fit-Budget4579","1","0","Russian PM congratulates Sheikh Hasina on re-election as PM","","/r/worldnews/comments/195lrwk/russian_pm_congratulates_sheikh_hasina_on/"
"195m5d9","submission","worldnews","1705145884","2024-01-13T11:38:04+00:00","allymrozek","26404","1288","Female saboteurs who poisoned 46 Russian soldiers in Crimea are on the run after shoot-out with police, say reports","","/r/worldnews/comments/195m5d9/female_saboteurs_who_poisoned_46_russian_soldiers/"
"195mc3l","submission","worldnews","1705146643","2024-01-13T11:50:43+00:00","znanirani","827","50","Ukraine Reaches $3.2 Billion Security Agreement with UK","","/r/worldnews/comments/195mc3l/ukraine_reaches_32_billion_security_agreement/"
"195ngx7","submission","worldnews","1705150754","2024-01-13T12:59:14+00:00","Red_Franklin","1293","55","Russian Presidential Hopeful Calls Ukraine War 'Big Mistake' by Putin","","/r/worldnews/comments/195ngx7/russian_presidential_hopeful_calls_ukraine_war/"
"195nhnc","submission","worldnews","1705150816","2024-01-13T13:00:16+00:00","Cyanidechrist____","2","0","Russia may launch naval base in Georgian breakaway region in 2024","","/r/worldnews/comments/195nhnc/russia_may_launch_naval_base_in_georgian/"
"195njzo","submission","worldnews","1705151008","2024-01-13T13:03:28+00:00","M795","224","5","Sunak on Ukraine's NATO membership: We need to be more ambitious at Washington summit","","/r/worldnews/comments/195njzo/sunak_on_ukraines_nato_membership_we_need_to_be/"
"195ogri","submission","geopolitics","1705153927","2024-01-13T13:52:07+00:00","Living_Cicada_2019","64","16","Ukraine attacked overnight by 40 Russian missiles, drones, air force says","","/r/geopolitics/comments/195ogri/ukraine_attacked_overnight_by_40_russian_missiles/"
"195pohk","submission","worldnews","1705157621","2024-01-13T14:53:41+00:00","Infidel8","1","4","U.S. suspends military aid to Ukraine - White House","","/r/worldnews/comments/195pohk/us_suspends_military_aid_to_ukraine_white_house/"
"195slnb","submission","worldnews","1705165430","2024-01-13T17:03:50+00:00","Red_Franklin","1","0","First It Was Eggs. Now Exploding Hot-Water Pipes. The Domestic Headaches Overshadowing Putin's Reelection Messaging","","/r/worldnews/comments/195slnb/first_it_was_eggs_now_exploding_hotwater_pipes/"
"195tupj","submission","worldnews","1705168746","2024-01-13T17:59:06+00:00","No_Pepper_1495","794","58","Massive fire tears through Russian warehouse in St. Petersburg","","/r/worldnews/comments/195tupj/massive_fire_tears_through_russian_warehouse_in/"
"195twv4","submission","geopolitics","1705168889","2024-01-13T18:01:29+00:00","OfficeMain1226","1","15","Russia getting their money tied in rupee and yuan could be a blessing in disguise for them in the long term","Russia finds itself in a unique position with a significant portion of its financial assets tied up in the Indian Rupee and Chinese Yuan. While this may seem like a constraint in the short term, especially in the context of limited access to traditional Western financial systems, it could very well turn out to be a strategic boon in the long term. 

**Access to Booming Markets**

India and China, with their burgeoning economies, represent two of the world's largest consumer markets. By having its assets tied in their currencies, Russia is incentivized to deepen its economic ties with these nations. This could lead to increased Russian investment in local industries, fostering an environment where Russian companies can thrive. In particular, the Indian market, with its large population and growing middle class, offers a fertile ground for consumer goods.

**Circumventing Sanctions**

The current geopolitical climate has seen Russia facing a raft of international sanctions, particularly from Western nations. By pivoting towards the Asian giants, Russia can mitigate the impact of these sanctions. Establishing manufacturing bases in India and China could enable Russian companies to maintain a presence in the global market, effectively bypassing Western sanctions. 

**Enhancing Bilateral Relations**

Economic interdependence often translates into stronger diplomatic ties. By intertwining its economy more closely with those of India and China, Russia could gain valuable allies in the international arena. This economic partnership could extend beyond mere trade and open doors for collaborative ventures in technology, defense, and energy.

**Diversification and Innovation**

Relying on the Rupee and Yuan could encourage Russia to diversify its economy. Historically reliant on oil and gas exports, the Russian economy could benefit from branching out into manufacturing sectors like electronics and automobiles. This diversification could spur innovation and technological advancements, essential for long-term economic sustainability.

**Catering to Local Sentiments**

In markets like India, where there's a historical camaraderie with Russia and a competitive stance against China, Russian products could enjoy a preferential status. By leveraging this sentiment, Russian brands might find a more receptive market in India than their Chinese counterparts, offering a competitive edge.

**Challenges and Considerations**

However, this optimistic outlook isn't without its challenges. The success of such a strategic shift would depend on Russia's ability to navigate the complex regulatory landscapes in India and China, manage operational risks, and compete with established global and local brands. Furthermore, the fluid nature of international politics means that today's allies could be tomorrow's competitors, adding an element of uncertainty to this equation.

**Conclusion**

In conclusion, while Russia's current financial scenario, with assets tied up in Rupee and Yuan, presents immediate challenges, it could very well be a strategic masterstroke in the long run. By leveraging the opportunities presented by the Indian and Chinese markets, Russia could not only bypass Western sanctions but also diversify and strengthen its economy. However, success in this endeavor will require careful navigation of geopolitical and economic complexities, a challenge that Russia seems poised to undertake..","/r/geopolitics/comments/195twv4/russia_getting_their_money_tied_in_rupee_and_yuan/"
"195ud6z","submission","geopolitics","1705170059","2024-01-13T18:20:59+00:00","DMainedFool","49","9","Russian presidential hopeful calling for peace in Ukraine meets with soldiers' wives [full title of the article; re: the previous discussion on the future of russia]","","/r/geopolitics/comments/195ud6z/russian_presidential_hopeful_calling_for_peace_in/"
"195woh6","submission","worldnews","1705176029","2024-01-13T20:00:29+00:00","blllrrrrr","1","0","Houthis accidentally target cargo ship carrying Russian oil","","/r/worldnews/comments/195woh6/houthis_accidentally_target_cargo_ship_carrying/"
"195wwga","submission","worldnews","1705176594","2024-01-13T20:09:54+00:00","Maggod","1","0","Blaze rips through warehouse in Russia as workers flee burning building","","/r/worldnews/comments/195wwga/blaze_rips_through_warehouse_in_russia_as_workers/"
"195zqn4","submission","worldnews","1705184092","2024-01-13T22:14:52+00:00","ubcstaffer123","744","29","Canada joins countries in condemning Russia, North Korea for alleged missile transfers","","/r/worldnews/comments/195zqn4/canada_joins_countries_in_condemning_russia_north/"
"1961r6f","submission","worldnews","1705189596","2024-01-13T23:46:36+00:00","HelloSlowly","1","2","Estonian PM: ‘Europe has supported Ukraine more than US’","","/r/worldnews/comments/1961r6f/estonian_pm_europe_has_supported_ukraine_more/"
"19625ok","submission","worldnews","1705190741","2024-01-14T00:05:41+00:00","ClassOptimal7655","1293","125","The Russians are spending big on infrastructure to absorb occupied Ukraine","","/r/worldnews/comments/19625ok/the_russians_are_spending_big_on_infrastructure/"
"19635cf","submission","worldnews","1705193571","2024-01-14T00:52:51+00:00","EsperaDeus","10","1","If Republicans don't fund Ukraine, they'll have to pay for a lot of things – Biden","","/r/worldnews/comments/19635cf/if_republicans_dont_fund_ukraine_theyll_have_to/"
"1963jcp","submission","worldnews","1705194693","2024-01-14T01:11:33+00:00","Youngstown_Mafia","1","0","Ukrainian man stabbed for ‘being Russian’ after bizarre translation test at Brooklyn bar","","/r/worldnews/comments/1963jcp/ukrainian_man_stabbed_for_being_russian_after/"
"1966vk4","submission","worldnews","1705204962","2024-01-14T04:02:42+00:00","WorldNewsMods","1125","328","/r/WorldNews Live Thread: Russian Invasion of Ukraine Day 690, Part 1 (Thread #836)","","/r/worldnews/comments/1966vk4/rworldnews_live_thread_russian_invasion_of/"
"19675uk","submission","worldnews","1705205917","2024-01-14T04:18:37+00:00","Saltedline","835","11","France renews support for Ukraine after Russia launches overnight strike","","/r/worldnews/comments/19675uk/france_renews_support_for_ukraine_after_russia/"
"196846d","submission","worldnews","1705209160","2024-01-14T05:12:40+00:00","donutloop","20","0","Russian envoy urges India to become a rule-maker on diamond certification","","/r/worldnews/comments/196846d/russian_envoy_urges_india_to_become_a_rulemaker/"
"1968djp","submission","worldnews","1705210079","2024-01-14T05:27:59+00:00","GoodSamaritan_","1963","63","Russian Orthodox priest faces expulsion for refusing to pray for victory over Ukraine","","/r/worldnews/comments/1968djp/russian_orthodox_priest_faces_expulsion_for/"
"1968iir","submission","worldnews","1705210559","2024-01-14T05:35:59+00:00","Red_Franklin","1","42","Estonian PM: ‘Our taxpayers shouldn’t pay for damages caused by Russia’","","/r/worldnews/comments/1968iir/estonian_pm_our_taxpayers_shouldnt_pay_for/"
"1969pvn","submission","worldnews","1705214889","2024-01-14T06:48:09+00:00","donutloop","118","7","Cryptojacker arrested in Ukraine over EUR 1.8 million mining scheme","","/r/worldnews/comments/1969pvn/cryptojacker_arrested_in_ukraine_over_eur_18/"
"1969qg1","submission","geopolitics","1705214953","2024-01-14T06:49:13+00:00","Apprehensive_Set_659","1","1","Russian envoy urges India to become a rule-maker on diamond certification","","/r/geopolitics/comments/1969qg1/russian_envoy_urges_india_to_become_a_rulemaker/"
"1969vnf","submission","worldnews","1705215518","2024-01-14T06:58:38+00:00","Southasianupdate","1","0","Russia claims Ukraine’s pact with UK impacts peace dialogue possibilities","","/r/worldnews/comments/1969vnf/russia_claims_ukraines_pact_with_uk_impacts_peace/"
"196azzt","submission","worldnews","1705219850","2024-01-14T08:10:50+00:00","Auburn_Value_1986","66","7","North Korea fires missile, minister to visit Russia as tensions rise","","/r/worldnews/comments/196azzt/north_korea_fires_missile_minister_to_visit/"
"196c6tb","submission","worldnews","1705224844","2024-01-14T09:34:04+00:00","diesalluma","1","1","North Korea fires missile, minister to visit Russia as tensions rise","","/r/worldnews/comments/196c6tb/north_korea_fires_missile_minister_to_visit/"
"196cxyh","submission","worldnews","1705227976","2024-01-14T10:26:16+00:00","PjeterPannos","527","39","""Russian missiles are increasingly deteriorating and going astray,"" Ukraine's Air Forces in aftermath of Russian morning missile attack","","/r/worldnews/comments/196cxyh/russian_missiles_are_increasingly_deteriorating/"
"196d095","submission","worldnews","1705228234","2024-01-14T10:30:34+00:00","PjeterPannos","2553","131","North Korea uses Ukraine ""as test site for nuclear-capable missiles,"" South Korea says at UN SC meeting","","/r/worldnews/comments/196d095/north_korea_uses_ukraine_as_test_site_for/"
"196d1ff","submission","worldnews","1705228364","2024-01-14T10:32:44+00:00","PjeterPannos","3959","169","Nordic nations hail new US defense pacts as historic step amid Russian threat","","/r/worldnews/comments/196d1ff/nordic_nations_hail_new_us_defense_pacts_as/"
"196ekfg","submission","worldnews","1705234379","2024-01-14T12:12:59+00:00","duckanroll","1","10","Jailed former mayor of Vladivostok given early release to fight in Ukraine","","/r/worldnews/comments/196ekfg/jailed_former_mayor_of_vladivostok_given_early/"
"196fvoj","submission","worldnews","1705238878","2024-01-14T13:27:58+00:00","BulkAppeal","1048","125","Ukraine’s military intel chief Budanov issues stark warning to war-weary West","","/r/worldnews/comments/196fvoj/ukraines_military_intel_chief_budanov_issues/"
"196hu3s","submission","worldnews","1705244706","2024-01-14T15:05:06+00:00","BezugssystemCH1903","145","55","No peace without Russia's word, says Swiss foreign minister at Davos","","/r/worldnews/comments/196hu3s/no_peace_without_russias_word_says_swiss_foreign/"
"196iki8","submission","worldnews","1705246709","2024-01-14T15:38:29+00:00","Red_Franklin","28","5","Massive Russian Airstrikes Hit Ukraine","","/r/worldnews/comments/196iki8/massive_russian_airstrikes_hit_ukraine/"
"196j0go","submission","worldnews","1705247909","2024-01-14T15:58:29+00:00","Silly-avocatoe","413","82","War In Ukraine Having Consequences For Russia's Health-Care System, U.K. Says","","/r/worldnews/comments/196j0go/war_in_ukraine_having_consequences_for_russias/"
"196ji1k","submission","worldnews","1705249212","2024-01-14T16:20:12+00:00","Silly-avocatoe","1","0","Putin ‘turns off heating in Russian jails in -55°C to recruit soldiers’","","/r/worldnews/comments/196ji1k/putin_turns_off_heating_in_russian_jails_in_55c/"
"196jk4w","submission","worldnews","1705249359","2024-01-14T16:22:39+00:00","Pory_Tee","1","0","Russia’s Ally Is China. Swiss Diplomat Says It Is Necessary To End The War In Ukraine","","/r/worldnews/comments/196jk4w/russias_ally_is_china_swiss_diplomat_says_it_is/"
"196k7pl","submission","worldnews","1705251060","2024-01-14T16:51:00+00:00","Silly-avocatoe","1","1","‘Total Disgrace’: Anger, Frustration as Mass Heating Failures Across Russia Leave Thousands in the Cold","","/r/worldnews/comments/196k7pl/total_disgrace_anger_frustration_as_mass_heating/"
"196ka44","submission","worldnews","1705251236","2024-01-14T16:53:56+00:00","Silly-avocatoe","1","76","Latvian MPs call on France to ban Russian and Belarusian athletes from the 2024 Paris Olympics","","/r/worldnews/comments/196ka44/latvian_mps_call_on_france_to_ban_russian_and/"
"196kble","submission","worldnews","1705251343","2024-01-14T16:55:43+00:00","Pory_Tee","1","0","Minister Visits Russia As Tensions Increase, North Korea Launches Missiles","","/r/worldnews/comments/196kble/minister_visits_russia_as_tensions_increase_north/"
"196lyg3","submission","worldnews","1705255521","2024-01-14T18:05:21+00:00","giuliomagnifico","2","0","Sweden to increase production of 155mm artillery ammunition for Ukraine","","/r/worldnews/comments/196lyg3/sweden_to_increase_production_of_155mm_artillery/"
"196mvrj","submission","worldnews","1705257904","2024-01-14T18:45:04+00:00","HeadCard140","1","0","PepsiCo reportedly prohibits mention of war or support for Ukrainian army in its advertising in Ukraine","","/r/worldnews/comments/196mvrj/pepsico_reportedly_prohibits_mention_of_war_or/"
"196nayi","submission","worldnews","1705258963","2024-01-14T19:02:43+00:00","Nuclear4d","2","0","US defied own sanctions, imported Russian crude worth nearly $3.5-mn in Oct-Nov, claims report","","/r/worldnews/comments/196nayi/us_defied_own_sanctions_imported_russian_crude/"
"196oiue","submission","worldnews","1705262102","2024-01-14T19:55:02+00:00","BrandonnnnD","10","15","Bundeswehr is preparing for Putin attack","","/r/worldnews/comments/196oiue/bundeswehr_is_preparing_for_putin_attack/"
"196oza7","submission","worldnews","1705263245","2024-01-14T20:14:05+00:00","Ask4MD","17435","2593","Poland Is ‘Next’ After Russia Wins Ukraine War, Putin Ally Says","","/r/worldnews/comments/196oza7/poland_is_next_after_russia_wins_ukraine_war/"
"196pcoj","submission","worldnews","1705264195","2024-01-14T20:29:55+00:00","Pravda_UA","1","206","Zelenskyy and his team will never agree to frozen conflict – official","","/r/worldnews/comments/196pcoj/zelenskyy_and_his_team_will_never_agree_to_frozen/"
"196phbo","submission","worldnews","1705264515","2024-01-14T20:35:15+00:00","NoCase7547","135","7","World Bank: One in five companies in Ukraine has suffered damage","","/r/worldnews/comments/196phbo/world_bank_one_in_five_companies_in_ukraine_has/"
"196rp3s","submission","worldnews","1705269961","2024-01-14T22:06:01+00:00","Ahad_Haam","1","0","Russia's Chechnya constructs Palestinian village for Gaza war refugees","","/r/worldnews/comments/196rp3s/russias_chechnya_constructs_palestinian_village/"
"196sqfo","submission","worldnews","1705272538","2024-01-14T22:48:58+00:00","Adonnus101","1","0","Ukraine wants Australia's decommissioned Taipan fleet, but helicopters appear destined for scrap yard","","/r/worldnews/comments/196sqfo/ukraine_wants_australias_decommissioned_taipan/"
"196tnjt","submission","worldnews","1705274866","2024-01-14T23:27:46+00:00","Ask4MD","69","1","Russia Issues Arrest Warrant for Ex-Gazprombank VP Fighting for Ukraine","","/r/worldnews/comments/196tnjt/russia_issues_arrest_warrant_for_exgazprombank_vp/"
"196uqwz","submission","worldnews","1705277723","2024-01-15T00:15:23+00:00","SomePerson_OnInterne","463","15","International group to withdraw Russian troops from Ukraine to be created","","/r/worldnews/comments/196uqwz/international_group_to_withdraw_russian_troops/"
"196uxiu","submission","worldnews","1705278214","2024-01-15T00:23:34+00:00","eaglemaxie","20246","1275","Ukrainian Sources: We Just Shot Down Two Of Russia’s Best Command Planes","","/r/worldnews/comments/196uxiu/ukrainian_sources_we_just_shot_down_two_of/"
"196wthq","submission","worldnews","1705283624","2024-01-15T01:53:44+00:00","AD2023August","7","0","Ukrainians Remember Those Killed In Devastating Russian Strike On Dnipro","","/r/worldnews/comments/196wthq/ukrainians_remember_those_killed_in_devastating/"
"196xj4n","submission","worldnews","1705285737","2024-01-15T02:28:57+00:00","Silly-avocatoe","1","448","Biden says Republicans will have ""an awful lot to pay for"" if they don't pass military assistance for Ukraine now","","/r/worldnews/comments/196xj4n/biden_says_republicans_will_have_an_awful_lot_to/"
"196zdzl","submission","worldnews","1705291358","2024-01-15T04:02:38+00:00","WorldNewsMods","1236","507","/r/WorldNews Live Thread: Russian Invasion of Ukraine Day 691, Part 1 (Thread #837)","","/r/worldnews/comments/196zdzl/rworldnews_live_thread_russian_invasion_of/"
"196zfdl","submission","worldnews","1705291478","2024-01-15T04:04:38+00:00","bush-","27","1","Maria Zakharova, Official Representative of the Russian Foreign Ministry, commented on the statements of a number of Armenian figures that Russian peacekeepers did not protect civilians in Nagorno-Karabakh in September 2023 and allowed ethnic cleansing of the population","","/r/worldnews/comments/196zfdl/maria_zakharova_official_representative_of_the/"
"1970tu5","submission","worldnews","1705295890","2024-01-15T05:18:10+00:00","Red_Franklin","27","1","Media: Ukraine downs Russian A-50 plane over Azov Sea","","/r/worldnews/comments/1970tu5/media_ukraine_downs_russian_a50_plane_over_azov/"
"1970x2i","submission","worldnews","1705296188","2024-01-15T05:23:08+00:00","DMainedFool","1","19","Neo-Nazis in the US no longer see backing Ukraine as a worthy cause | The Guardian","","/r/worldnews/comments/1970x2i/neonazis_in_the_us_no_longer_see_backing_ukraine/"
"197208h","submission","worldnews","1705299944","2024-01-15T06:25:44+00:00","[deleted]","1","0","Female saboteurs who poisoned 46 Russian soldiers in Crimea are on the run after shoot-out with police, reports say","[deleted]","/r/worldnews/comments/197208h/female_saboteurs_who_poisoned_46_russian_soldiers/"
"19727ze","submission","worldnews","1705300726","2024-01-15T06:38:46+00:00","BezugssystemCH1903","55","15","Ukraine and Switzerland urge countries to support peace plan in Davos","","/r/worldnews/comments/19727ze/ukraine_and_switzerland_urge_countries_to_support/"
"1972tin","submission","worldnews","1705302980","2024-01-15T07:16:20+00:00","yorkiecd","5","0","Kyiv Confirms Downing of Two Russian Command Planes in Disastrous Day for Kremlin Air Force","","/r/worldnews/comments/1972tin/kyiv_confirms_downing_of_two_russian_command/"
"1973h3m","submission","geopolitics","1705305641","2024-01-15T08:00:41+00:00","vibhaath_ch","90","11","Ukraine hits two Russian command planes over the Sea of Azov","","/r/geopolitics/comments/1973h3m/ukraine_hits_two_russian_command_planes_over_the/"
"1973koy","submission","worldnews","1705305997","2024-01-15T08:06:37+00:00","[deleted]","1","0","Russia-Ukraine war | Latest updates | World News","[removed]","/r/worldnews/comments/1973koy/russiaukraine_war_latest_updates_world_news/"
"1973laz","submission","worldnews","1705306060","2024-01-15T08:07:40+00:00","ClarenceGreen","1","0","World News in Brief: Senior Humanitarian Coordinator for Gaza, cholera spreading in Sudan, aid for eastern Ukraine","","/r/worldnews/comments/1973laz/world_news_in_brief_senior_humanitarian/"
"1973lyn","submission","worldnews","1705306127","2024-01-15T08:08:47+00:00","ClarenceGreen","1","0","World News in Brief: Wave of ‘fear and dread’ in Ukraine, UN expert slams Navalny disappearance, youth leaders for nuclear disarmament meet","","/r/worldnews/comments/1973lyn/world_news_in_brief_wave_of_fear_and_dread_in/"
"1973o83","submission","worldnews","1705306359","2024-01-15T08:12:39+00:00","ClarenceGreen","1","0","Russia-Ukraine war | Latest updates | World News","","/r/worldnews/comments/1973o83/russiaukraine_war_latest_updates_world_news/"
"1973oyf","submission","worldnews","1705306442","2024-01-15T08:14:02+00:00","ClarenceGreen","1","0","Anti-War Challenger Duntsova Blocked From Running Against Russia's Putin","","/r/worldnews/comments/1973oyf/antiwar_challenger_duntsova_blocked_from_running/"
"19745ah","submission","worldnews","1705308296","2024-01-15T08:44:56+00:00","new974517","895","21","Estonian Prime Minister calls to provide Ukraine with necessary weapons to counter Russian aggression","","/r/worldnews/comments/19745ah/estonian_prime_minister_calls_to_provide_ukraine/"
"1974hnb","submission","worldnews","1705309712","2024-01-15T09:08:32+00:00","new974517","1","0","ISW calls Ukraine disabling over 20 Russian missiles with EW stations a turning point.The disabling of over 20 missiles with the help of ""active countermeasures by means of electronic warfare"" may be a turning point in Ukraine’s electronic warfare capabilities.","","/r/worldnews/comments/1974hnb/isw_calls_ukraine_disabling_over_20_russian/"
"1974pcq","submission","worldnews","1705310600","2024-01-15T09:23:20+00:00","MGC91","3713","485","UK to deploy 20,000 troops to NATO military drill to practice repelling a Russian invasion","","/r/worldnews/comments/1974pcq/uk_to_deploy_20000_troops_to_nato_military_drill/"
"19752wr","submission","worldnews","1705312184","2024-01-15T09:49:44+00:00","PjeterPannos","107","10","Ukraine ‘peace formula’ talks attract more non-Western states","","/r/worldnews/comments/19752wr/ukraine_peace_formula_talks_attract_more/"
"19759uy","submission","worldnews","1705312950","2024-01-15T10:02:30+00:00","SavingsDeneeeero","621","21","Ukraine-Russia war: Putin citizenship decree violates children's rights, Ukraine says","","/r/worldnews/comments/19759uy/ukrainerussia_war_putin_citizenship_decree/"
"19759zj","submission","worldnews","1705312967","2024-01-15T10:02:47+00:00","PjeterPannos","159","1","UN appeals for $4.2 bln to support war-ravaged Ukraine, refugees","","/r/worldnews/comments/19759zj/un_appeals_for_42_bln_to_support_warravaged/"
"1975q5d","submission","worldnews","1705314771","2024-01-15T10:32:51+00:00","new974517","1","0","Putin 'turns off heating in Russian jails in -55°C to recruit soldiers'","","/r/worldnews/comments/1975q5d/putin_turns_off_heating_in_russian_jails_in_55c/"
"19762g2","submission","worldnews","1705316181","2024-01-15T10:56:21+00:00","DerGun88","1","1","St. Petersburg governor says Russian soldiers who have seen ‘gender-neutral bathrooms’ in Ukraine understand what they are fighting for — Meduza","","/r/worldnews/comments/19762g2/st_petersburg_governor_says_russian_soldiers_who/"
"1976d2r","submission","worldnews","1705317268","2024-01-15T11:14:28+00:00","mitakamoonshine","2","0","Ukraine shoots down Russian A-50 surveillance plane and IL-22 command aircraft","","/r/worldnews/comments/1976d2r/ukraine_shoots_down_russian_a50_surveillance/"
"1977328","submission","worldnews","1705319923","2024-01-15T11:58:43+00:00","KMV2PVKhpDF7jNuxfgLd","2","0","Ukraine says it shot down Russian A-50 spy plane","","/r/worldnews/comments/1977328/ukraine_says_it_shot_down_russian_a50_spy_plane/"
"19779qc","submission","worldnews","1705320537","2024-01-15T12:08:57+00:00","seoMasiuz","1","1","Ukraine says it shot down Russian A-50 spy plane | Ukrainian Forces Claim Victory in Downing Russian A-50 Spy Plane Amidst Ongoing Conflict","","/r/worldnews/comments/19779qc/ukraine_says_it_shot_down_russian_a50_spy_plane/"
"1977g2r","submission","worldnews","1705321152","2024-01-15T12:19:12+00:00","palovehhh","1","28","War between NATO & Russia is imminent, according to secret German Armed Forces document — Bild","","/r/worldnews/comments/1977g2r/war_between_nato_russia_is_imminent_according_to/"
"1977ofp","submission","worldnews","1705321954","2024-01-15T12:32:34+00:00","NamelessForce","4602","498","Russia hails North Korea: 'Our closest neighbour and partner’","","/r/worldnews/comments/1977ofp/russia_hails_north_korea_our_closest_neighbour/"
"1977tuh","submission","worldnews","1705322490","2024-01-15T12:41:30+00:00","Ambitionlessninja","666","21","'Don't forget Ukraine,' UN urges in aid funding appeal","","/r/worldnews/comments/1977tuh/dont_forget_ukraine_un_urges_in_aid_funding_appeal/"
"1978gu5","submission","worldnews","1705324530","2024-01-15T13:15:30+00:00","blllrrrrr","1027","46","Figure on 500,000 people who joined Russian army significantly inflated - British intelligence","","/r/worldnews/comments/1978gu5/figure_on_500000_people_who_joined_russian_army/"
"1978vlt","submission","worldnews","1705325750","2024-01-15T13:35:50+00:00","aaaronbrown","1","0","Russian version of Wikipedia to launch Monday, reports say","[removed]","/r/worldnews/comments/1978vlt/russian_version_of_wikipedia_to_launch_monday/"
"1978vpg","submission","worldnews","1705325760","2024-01-15T13:36:00+00:00","Red_Franklin","5","0","Campaigners Urge Australia to Send Unwanted Military Helicopters to Ukraine","","/r/worldnews/comments/1978vpg/campaigners_urge_australia_to_send_unwanted/"
"1978wlh","submission","worldnews","1705325836","2024-01-15T13:37:16+00:00","aaaronbrown","51","59","Russian Version of Wikipedia to Launch Monday, Reports Say","","/r/worldnews/comments/1978wlh/russian_version_of_wikipedia_to_launch_monday/"
"1979s5k","submission","worldnews","1705328339","2024-01-15T14:18:59+00:00","rahulkansotia","71","126","PM Modi, Putin agree to develop roadmap to strengthen India-Russia Special and Privileged Strategic Partnership","","/r/worldnews/comments/1979s5k/pm_modi_putin_agree_to_develop_roadmap_to/"
"197abc2","submission","worldnews","1705329769","2024-01-15T14:42:49+00:00","blllrrrrr","7","0","HUR: Russia mobilizing around 30,000 soldiers monthly","","/r/worldnews/comments/197abc2/hur_russia_mobilizing_around_30000_soldiers/"
"197ad1s","submission","worldnews","1705329905","2024-01-15T14:45:05+00:00","duckanroll","7","1","Russia records first increase in alcoholism in over a decade","","/r/worldnews/comments/197ad1s/russia_records_first_increase_in_alcoholism_in/"
"197af96","submission","worldnews","1705330076","2024-01-15T14:47:56+00:00","rahulkansotia","1","0","Prime Minister Narendra Modi and Russian President Vladimir Putin on Monday interacted over a phone call and discussed positive developments in India and Russia’s “Special & Privileged Strategic Partnership and agreed to chalk out a roadmap for future initiatives”.","","/r/worldnews/comments/197af96/prime_minister_narendra_modi_and_russian/"
"197auyq","submission","worldnews","1705331202","2024-01-15T15:06:42+00:00","aventus13","18","5","Ukraine says it shot down 2 Russian command and control aircraft in a significant blow to Moscow","","/r/worldnews/comments/197auyq/ukraine_says_it_shot_down_2_russian_command_and/"
"197awyp","submission","worldnews","1705331347","2024-01-15T15:09:07+00:00","ernapfz","10","0","Ukraine says it shot down Russian A-50 Spy Plane","","/r/worldnews/comments/197awyp/ukraine_says_it_shot_down_russian_a50_spy_plane/"
"197bibb","submission","worldnews","1705332876","2024-01-15T15:34:36+00:00","[deleted]","1","0","Ukraine hit a turning point in its electronic-warfare capabilities, using them to take out 20 Russian missiles: ISW","[removed]","/r/worldnews/comments/197bibb/ukraine_hit_a_turning_point_in_its/"
"197bknx","submission","worldnews","1705333042","2024-01-15T15:37:22+00:00","Soop101","1","1","Germany is preparing for Putin attack against NATO in 2025: Leaked secret plans reveal step-by-step how Russia will escalate conflict to all-out war in 18 months","[removed]","/r/worldnews/comments/197bknx/germany_is_preparing_for_putin_attack_against/"
"197bnk8","submission","worldnews","1705333242","2024-01-15T15:40:42+00:00","Ambitionlessninja","1","0","PM Modi, Putin discuss developments in India-Russia strategic partnership","","/r/worldnews/comments/197bnk8/pm_modi_putin_discuss_developments_in_indiarussia/"
"197bqs0","submission","worldnews","1705333466","2024-01-15T15:44:26+00:00","Soop101","462","351","War between NATO & Russia is imminent, according to secret German Armed Forces document — Bild","","/r/worldnews/comments/197bqs0/war_between_nato_russia_is_imminent_according_to/"
"197dno1","submission","worldnews","1705338099","2024-01-15T17:01:39+00:00","memberino","977","89","Yekaterina Duntsova, who was blocked from standing as an anti-war presidential candidate at Russia's ""elections"" has been detained","","/r/worldnews/comments/197dno1/yekaterina_duntsova_who_was_blocked_from_standing/"
"197ee6p","submission","worldnews","1705339836","2024-01-15T17:30:36+00:00","giuliomagnifico","1622","57","Media: Finnish companies continue exporting defense-related components to Russia despite sanctions","","/r/worldnews/comments/197ee6p/media_finnish_companies_continue_exporting/"
"197epud","submission","worldnews","1705340613","2024-01-15T17:43:33+00:00","rahulkansotia","1","0","China and India have maintained a neutral stance since Russia’s invasion of Ukraine, particularly in order to avoid direct condemnation of Moscow. Beijing and New Delhi","","/r/worldnews/comments/197epud/china_and_india_have_maintained_a_neutral_stance/"
"197f7am","submission","worldnews","1705341765","2024-01-15T18:02:45+00:00","CanadianLynx","2","1","President Zelensky asks Switzerland to organise 'high-level peace conference'","","/r/worldnews/comments/197f7am/president_zelensky_asks_switzerland_to_organise/"
"197fbyw","submission","worldnews","1705342072","2024-01-15T18:07:52+00:00","NeopolitanLol","1","1","President Zelensky asks Switzerland to organise 'peace conference'","","/r/worldnews/comments/197fbyw/president_zelensky_asks_switzerland_to_organise/"
"197febz","submission","worldnews","1705342221","2024-01-15T18:10:21+00:00","Kejmarcz","1","1","Ukraine says it has shot down £250m Russian spy plane in costly blow to Putin","","/r/worldnews/comments/197febz/ukraine_says_it_has_shot_down_250m_russian_spy/"
"197gu0w","submission","worldnews","1705345517","2024-01-15T19:05:17+00:00","EuropeanPravdaUA","82","4","UK PM Refuses to Use Term “Security Assurances” for Agreement with Ukraine","","/r/worldnews/comments/197gu0w/uk_pm_refuses_to_use_term_security_assurances_for/"
"197h0q9","submission","worldnews","1705345954","2024-01-15T19:12:34+00:00","Ask4MD","22","4","Number of Alcoholics in Russia Increases for First Time in 10 Years","","/r/worldnews/comments/197h0q9/number_of_alcoholics_in_russia_increases_for/"
"197h6j0","submission","worldnews","1705346337","2024-01-15T19:18:57+00:00","DooblusDooizfor","1","4","Russia's NORSI refinery may halve high-octane gasoline output after outages - sources","","/r/worldnews/comments/197h6j0/russias_norsi_refinery_may_halve_highoctane/"
"197hmam","submission","worldnews","1705347368","2024-01-15T19:36:08+00:00","donutloop","2","0","Modi Speaks to Putin, to Chalk Out a Roadmap for India-Russia Future Initiatives","","/r/worldnews/comments/197hmam/modi_speaks_to_putin_to_chalk_out_a_roadmap_for/"
"197i3ge","submission","geopolitics","1705348492","2024-01-15T19:54:52+00:00","Ok_Interaction_5701","1","6","Why didn't western countries take children of russian officials ransom after the invasion of ukraine?","I always wondered this. Why didn't the US and EU take children of russian elite ransom after the invasion of ukraine. For example putins daughter has been inside germany during the invasion. Why was she not arrested and used for negotiations? 

Is it incompetence or is there a logical reason for it?","/r/geopolitics/comments/197i3ge/why_didnt_western_countries_take_children_of/"
"197irkh","submission","worldnews","1705350053","2024-01-15T20:20:53+00:00","PjeterPannos","10","0","EU offers condolences for death of Russian dissident poet Rubinstein","","/r/worldnews/comments/197irkh/eu_offers_condolences_for_death_of_russian/"
"197iw0v","submission","geopolitics","1705350344","2024-01-15T20:25:44+00:00","nikopoltoday","1","0","Ukraines peace formula: How Kyiv attracts allies for a shared vision of ending the war","","/r/geopolitics/comments/197iw0v/ukraines_peace_formula_how_kyiv_attracts_allies/"
"197ji5b","submission","worldnews","1705351770","2024-01-15T20:49:30+00:00","Professional_Memist","344","70","Switzerland to host Ukraine peace summit at Zelenskyy's request","","/r/worldnews/comments/197ji5b/switzerland_to_host_ukraine_peace_summit_at/"
"197jxb4","submission","worldnews","1705352724","2024-01-15T21:05:24+00:00","Pneterexxy","1","49","Time for diplomacy in Ukraine, Italy's defence minister says","","/r/worldnews/comments/197jxb4/time_for_diplomacy_in_ukraine_italys_defence/"
"197kddi","submission","worldnews","1705353769","2024-01-15T21:22:49+00:00","HydrolicKrane","987","55","Ukraine shoots down £235m Russian spy plane","","/r/worldnews/comments/197kddi/ukraine_shoots_down_235m_russian_spy_plane/"
"197kwil","submission","worldnews","1705355029","2024-01-15T21:43:49+00:00","DailyTechAceblogs","1","0","Both Linux and Windows are famous operating systems that have framed the world of computing. Because of its open-source nature, Linux gathers a dedicated community of developers. On the other side, Windows has been a dominant force for decades in the operating system market. After","","/r/worldnews/comments/197kwil/both_linux_and_windows_are_famous_operating/"
"197l38r","submission","worldnews","1705355457","2024-01-15T21:50:57+00:00","Royal_Might_6486","1","0","Putin Addresses Missile Placement Concerns: Defends Russia's Security Stance","","/r/worldnews/comments/197l38r/putin_addresses_missile_placement_concerns/"
"197ls23","submission","worldnews","1705357059","2024-01-15T22:17:39+00:00","sarciccio","1","1","Zelensky: Switzerland agrees to host Global Peace Summit","","/r/worldnews/comments/197ls23/zelensky_switzerland_agrees_to_host_global_peace/"
"197m0hj","submission","worldnews","1705357608","2024-01-15T22:26:48+00:00","warrioreldren","52","22","Hamas fights with a patchwork of weapons built by Iran, China, Russia and North Korea","","/r/worldnews/comments/197m0hj/hamas_fights_with_a_patchwork_of_weapons_built_by/"
"197m363","submission","worldnews","1705357795","2024-01-15T22:29:55+00:00","DMainedFool","146","27","Ukraine shoots down two Russian aircraft in disastrous day for Kremlin | Ukraine","","/r/worldnews/comments/197m363/ukraine_shoots_down_two_russian_aircraft_in/"
"197nfrt","submission","worldnews","1705361070","2024-01-15T23:24:30+00:00","Pravda_UA","3571","532","Europe has 3-5 years to prepare for threat from Russia's side – Estonian PM","","/r/worldnews/comments/197nfrt/europe_has_35_years_to_prepare_for_threat_from/"
"197o7lr","submission","worldnews","1705363080","2024-01-15T23:58:00+00:00","new974517","1","1","Russia will threaten Nato borders within three years, says Estonia. Prime minister warns that alliance must ‘keep posture’ over Ukraine","","/r/worldnews/comments/197o7lr/russia_will_threaten_nato_borders_within_three/"
"197q8ug","submission","geopolitics","1705368576","2024-01-16T01:29:36+00:00","barweis","2","0","Russia and China are on the brink of a military alliance that could overwhelm the US","","/r/geopolitics/comments/197q8ug/russia_and_china_are_on_the_brink_of_a_military/"
"197qahf","submission","worldnews","1705368687","2024-01-16T01:31:27+00:00","eleventy5thRejection","156","9","Ukraine says it shot down 2 Russian command and control aircraft in a significant blow to Moscow","","/r/worldnews/comments/197qahf/ukraine_says_it_shot_down_2_russian_command_and/"
"197qbrs","submission","worldnews","1705368787","2024-01-16T01:33:07+00:00","barweis","1","59","Russia and China are on the brink of a military alliance that could overwhelm the US","","/r/worldnews/comments/197qbrs/russia_and_china_are_on_the_brink_of_a_military/"
"197sbbk","submission","worldnews","1705374406","2024-01-16T03:06:46+00:00","TheRealMykola","1","12","War between NATO & Russia is imminent, according to secret German Armed Forces document — Bild","","/r/worldnews/comments/197sbbk/war_between_nato_russia_is_imminent_according_to/"
"197t87q","submission","worldnews","1705377154","2024-01-16T03:52:34+00:00","Auburn_Value_1986","3","0","Ukraine claims it destroyed Russian spy plane in attack over Sea of Azov","","/r/worldnews/comments/197t87q/ukraine_claims_it_destroyed_russian_spy_plane_in/"
"197tdk6","submission","worldnews","1705377615","2024-01-16T04:00:15+00:00","Auburn_Value_1986","1","0","Why Putin will use nuclear weapons","","/r/worldnews/comments/197tdk6/why_putin_will_use_nuclear_weapons/"
"197tfff","submission","worldnews","1705377756","2024-01-16T04:02:36+00:00","WorldNewsMods","1268","419","/r/WorldNews Live Thread: Russian Invasion of Ukraine Day 692, Part 1 (Thread #838)","","/r/worldnews/comments/197tfff/rworldnews_live_thread_russian_invasion_of/"
"197uzl2","submission","worldnews","1705382566","2024-01-16T05:22:46+00:00","DoremusJessup","1014","33","'Don't forget Ukraine': UN seeks $4.2 billion in aid for millions stricken by war","","/r/worldnews/comments/197uzl2/dont_forget_ukraine_un_seeks_42_billion_in_aid/"
"197vc33","submission","worldnews","1705383703","2024-01-16T05:41:43+00:00","Adonnus101","1","0","Ukraine wants Australia's decommissioned Taipan fleet, but helicopters appear destined for scrap yard","","/r/worldnews/comments/197vc33/ukraine_wants_australias_decommissioned_taipan/"
"197vjk5","submission","worldnews","1705384372","2024-01-16T05:52:52+00:00","Red_Franklin","372","84","Russia, Iran preparing to sign treaty to develop military-technological cooperation","","/r/worldnews/comments/197vjk5/russia_iran_preparing_to_sign_treaty_to_develop/"
"197wcpe","submission","worldnews","1705387118","2024-01-16T06:38:38+00:00","anna_avian","385","8","Zelenskyy takes centre stage in Davos as he tries to rally support","","/r/worldnews/comments/197wcpe/zelenskyy_takes_centre_stage_in_davos_as_he_tries/"
"197whda","submission","worldnews","1705387579","2024-01-16T06:46:19+00:00","Red_Franklin","1","0","Putin's Daughter Reportedly Earned More Than $10 Million In Three Years With Well-Connected Medical Company","","/r/worldnews/comments/197whda/putins_daughter_reportedly_earned_more_than_10/"
"197ywy0","submission","worldnews","1705397339","2024-01-16T09:28:59+00:00","james_mmm","1","0","American filmmaker arrested and jailed for spreading pro-Russia propaganda dies in Ukrainian prison","","/r/worldnews/comments/197ywy0/american_filmmaker_arrested_and_jailed_for/"
"1980ao6","submission","worldnews","1705402811","2024-01-16T11:00:11+00:00","Even_Jellyfish_214","1","1","""We Are Hopeful..."": Russian Ambassador On India-China Ties","","/r/worldnews/comments/1980ao6/we_are_hopeful_russian_ambassador_on_indiachina/"
"1980ou2","submission","worldnews","1705404224","2024-01-16T11:23:44+00:00","duckanroll","1","0","Detained theatre director and playwright accused of ‘negatively characterising Russian men’","","/r/worldnews/comments/1980ou2/detained_theatre_director_and_playwright_accused/"
"198239m","submission","geopolitics","1705409123","2024-01-16T12:45:23+00:00","Distinct-Macaroon158","1","0","What are the national character flaws of Russians, Arabs, Chinese, Japanese, Germans, Indians?","[removed]","/r/geopolitics/comments/198239m/what_are_the_national_character_flaws_of_russians/"
"1982oa5","submission","worldnews","1705411002","2024-01-16T13:16:42+00:00","WhoIsJolyonWest","3","0","Russian Cocaine Seizure ""Lays Bare"" Ortega's ""Containment Wall""","","/r/worldnews/comments/1982oa5/russian_cocaine_seizure_lays_bare_ortegas/"
"1982rjg","submission","worldnews","1705411285","2024-01-16T13:21:25+00:00","TheDarthSnarf","4581","262","Russian city hit by 16 blasts overnight as drones target Baltimore airfield","","/r/worldnews/comments/1982rjg/russian_city_hit_by_16_blasts_overnight_as_drones/"
"1982v9l","submission","worldnews","1705411610","2024-01-16T13:26:50+00:00","new974517","3","0","More than 400 Ukrainian athletes have died in the war with Russia, officials say. Here are some of their tragic stories.","","/r/worldnews/comments/1982v9l/more_than_400_ukrainian_athletes_have_died_in_the/"
"19837of","submission","worldnews","1705412701","2024-01-16T13:45:01+00:00","new974517","1","0","How Dangerously Close a Patriot Must be to Shoot Down a russian A-50 Over the Sea of Azov.Even though there is no official confirmation os which weapon is responsible for destruction of russian A-50 and Il-22M, it is the Patriot system that remains the most realistic option","","/r/worldnews/comments/19837of/how_dangerously_close_a_patriot_must_be_to_shoot/"
"1983b4d","submission","worldnews","1705412988","2024-01-16T13:49:48+00:00","new974517","7","1","The American-Made M-2 Bradley Is The Best Fighting Vehicle Of The Ukraine War","","/r/worldnews/comments/1983b4d/the_americanmade_m2_bradley_is_the_best_fighting/"
"19847gu","submission","worldnews","1705415521","2024-01-16T14:32:01+00:00","TheDarthSnarf","28","3","Russian government commission endorses bill enabling asset seizure for convictions related to “fake news” about army","","/r/worldnews/comments/19847gu/russian_government_commission_endorses_bill/"
"19848cc","submission","worldnews","1705415587","2024-01-16T14:33:07+00:00","TheDarthSnarf","1439","41","Estonia arrests Russian professor suspected of spying for Moscow","","/r/worldnews/comments/19848cc/estonia_arrests_russian_professor_suspected_of/"
"1985r75","submission","worldnews","1705419550","2024-01-16T15:39:10+00:00","StunningAd4935","1","0","Update: Kadyrov's Chechen Army Enters the Battle Against Putin! Nobody Expected It!","","/r/worldnews/comments/1985r75/update_kadyrovs_chechen_army_enters_the_battle/"
"1986id3","submission","worldnews","1705421431","2024-01-16T16:10:31+00:00","timetogetoutside100","6483","537","Half of Russia is grappling with heating, water and power outages in widespread utility crisis","","/r/worldnews/comments/1986id3/half_of_russia_is_grappling_with_heating_water/"
"1986j7f","submission","worldnews","1705421485","2024-01-16T16:11:25+00:00","Red_Franklin","136","9","Blinken Assures Zelenskyy of 'Strong Enduring Support for Ukraine'","","/r/worldnews/comments/1986j7f/blinken_assures_zelenskyy_of_strong_enduring/"
"1986ron","submission","worldnews","1705422054","2024-01-16T16:20:54+00:00","duckanroll","321","28","Russian colonel given 6-year sentence for failure to protect Crimean Bridge from drone strikes","","/r/worldnews/comments/1986ron/russian_colonel_given_6year_sentence_for_failure/"
"1986zgf","submission","worldnews","1705422586","2024-01-16T16:29:46+00:00","Georgeika","66","3","Ukraine reconstruction bank guided by BlackRock, JPMorgan ready for action this year -BlackRock","","/r/worldnews/comments/1986zgf/ukraine_reconstruction_bank_guided_by_blackrock/"
"19878j5","submission","geopolitics","1705423209","2024-01-16T16:40:09+00:00","Revolutionary_Math90","1","1","Central African Republic is ready to accept Russian military base","","/r/geopolitics/comments/19878j5/central_african_republic_is_ready_to_accept/"
"1987e79","submission","worldnews","1705423590","2024-01-16T16:46:30+00:00","IWasWearingEyeliner","50","7","Kallas: Russia likely to menace NATO Eastern Flank in 'three to five years'","","/r/worldnews/comments/1987e79/kallas_russia_likely_to_menace_nato_eastern_flank/"
"1988h4y","submission","worldnews","1705426144","2024-01-16T17:29:04+00:00","Stev-svart-88","2755","510","Putin says Ukraine's statehood at risk if pattern of war continues","","/r/worldnews/comments/1988h4y/putin_says_ukraines_statehood_at_risk_if_pattern/"
"1988wsb","submission","worldnews","1705427184","2024-01-16T17:46:24+00:00","00__rabbitking__00","126","22","Ukraine says China needed for peace process after Davos meeting","","/r/worldnews/comments/1988wsb/ukraine_says_china_needed_for_peace_process_after/"
"198amnr","submission","worldnews","1705431234","2024-01-16T18:53:54+00:00","benh999","657","31","Ukraine's Zelenskiy urges West to keep up pressure on Russia","","/r/worldnews/comments/198amnr/ukraines_zelenskiy_urges_west_to_keep_up_pressure/"
"198bhd6","submission","worldnews","1705433284","2024-01-16T19:28:04+00:00","AD2023August","28","1","More than 400 Ukrainian athletes have died in the war with Russia, officials say. Here are some of their tragic stories.","","/r/worldnews/comments/198bhd6/more_than_400_ukrainian_athletes_have_died_in_the/"
"198cia6","submission","worldnews","1705435765","2024-01-16T20:09:25+00:00","donutloop","255","49","Germany lays out ‘exercise scenario’ for a potential NATO-Russia war","","/r/worldnews/comments/198cia6/germany_lays_out_exercise_scenario_for_a/"
"198eijp","submission","worldnews","1705440551","2024-01-16T21:29:11+00:00","PjeterPannos","44","3","Pro-Russian disinformation in Bulgaria achieves its goals, experts say","","/r/worldnews/comments/198eijp/prorussian_disinformation_in_bulgaria_achieves/"
"198f082","submission","worldnews","1705441749","2024-01-16T21:49:09+00:00","HappyVAMan","13851","1918","Putin claims that if it wouldn't have been for Ukraine, war would have ended long ago","","/r/worldnews/comments/198f082/putin_claims_that_if_it_wouldnt_have_been_for/"
"198f237","submission","worldnews","1705441871","2024-01-16T21:51:11+00:00","Ask4MD","8","1","Radio Transcript: Two Russian Su-34 Pilots Targeted by Ukrainian Missiles Get Lucky","","/r/worldnews/comments/198f237/radio_transcript_two_russian_su34_pilots_targeted/"
"198g7mk","submission","worldnews","1705444652","2024-01-16T22:37:32+00:00","donutloop","103","48","Russia Sends Nearly All Oil Exports to China and India","","/r/worldnews/comments/198g7mk/russia_sends_nearly_all_oil_exports_to_china_and/"
"198hk79","submission","worldnews","1705448018","2024-01-16T23:33:38+00:00","[deleted]","1","0","Russia declares emergency over Ukrainian drone blitz aimed at key airbase","[removed]","/r/worldnews/comments/198hk79/russia_declares_emergency_over_ukrainian_drone/"
"198hrxa","submission","worldnews","1705448574","2024-01-16T23:42:54+00:00","Ask4MD","1818","333","Putin says Ukraine’s fate is in Moscow’s hands, calls Belgorod shelling ‘barbaric’","","/r/worldnews/comments/198hrxa/putin_says_ukraines_fate_is_in_moscows_hands/"
"198k6yk","submission","worldnews","1705455008","2024-01-17T01:30:08+00:00","that_guy_ontheweb","151","220","Vladimir Putin claims that previous American elections were rigged through mail in ballots.","","/r/worldnews/comments/198k6yk/vladimir_putin_claims_that_previous_american/"
"198l9c4","submission","worldnews","1705457962","2024-01-17T02:19:22+00:00","Silly-avocatoe","120","6","Polish carriers end border blockade with Ukraine after two-month standoff","","/r/worldnews/comments/198l9c4/polish_carriers_end_border_blockade_with_ukraine/"
"198lald","submission","worldnews","1705458053","2024-01-17T02:20:53+00:00","DMainedFool","115","1","Russian professor arrested in Estonia on espionage charges | Estonia","","/r/worldnews/comments/198lald/russian_professor_arrested_in_estonia_on/"
"198map7","submission","geopolitics","1705460871","2024-01-17T03:07:51+00:00","WikiaWang","12","10","What is India's policy on Gaza/Israel-Hamas War and the Russia-Ukraine war?","","/r/geopolitics/comments/198map7/what_is_indias_policy_on_gazaisraelhamas_war_and/"
"198mb3c","submission","worldnews","1705460904","2024-01-17T03:08:24+00:00","Silly-avocatoe","1492","191","Estonia to stop funding Russian-language education","","/r/worldnews/comments/198mb3c/estonia_to_stop_funding_russianlanguage_education/"
"198ne9f","submission","worldnews","1705464167","2024-01-17T04:02:47+00:00","WorldNewsMods","1179","534","/r/WorldNews Live Thread: Russian Invasion of Ukraine Day 693, Part 1 (Thread #839)","","/r/worldnews/comments/198ne9f/rworldnews_live_thread_russian_invasion_of/"
"198p941","submission","worldnews","1705470241","2024-01-17T05:44:01+00:00","IWasWearingEyeliner","809","65","Moldova can't cope with increase in citizenship requests from Russians","","/r/worldnews/comments/198p941/moldova_cant_cope_with_increase_in_citizenship/"
"198qu6p","submission","worldnews","1705475995","2024-01-17T07:19:55+00:00","DMainedFool","23","4","‘I will pretend not to be me’: Russia cracks down on LGBTQ+ community | LGBTQ+ rights","","/r/worldnews/comments/198qu6p/i_will_pretend_not_to_be_me_russia_cracks_down_on/"
"198qyc1","submission","worldnews","1705476437","2024-01-17T07:27:17+00:00","donutloop","174","0","German arms makers boost supplies for Ukraine","","/r/worldnews/comments/198qyc1/german_arms_makers_boost_supplies_for_ukraine/"
"198qywm","submission","worldnews","1705476497","2024-01-17T07:28:17+00:00","donutloop","55","1","Biden and Scholz discuss Ukraine aid in call","","/r/worldnews/comments/198qywm/biden_and_scholz_discuss_ukraine_aid_in_call/"
"198r2hb","submission","worldnews","1705476859","2024-01-17T07:34:19+00:00","[deleted]","1","0","Russian crude faces delivery hurdles in India as sanctions bite","[removed]","/r/worldnews/comments/198r2hb/russian_crude_faces_delivery_hurdles_in_india_as/"
"198refd","submission","worldnews","1705478222","2024-01-17T07:57:02+00:00","Stev-svart-88","79","19","New doctrine in Russia ally Belarus for the first time provides for using nuclear weapons","","/r/worldnews/comments/198refd/new_doctrine_in_russia_ally_belarus_for_the_first/"
"198tsgy","submission","worldnews","1705488417","2024-01-17T10:46:57+00:00","Mission_Economy_6861","1","5","Organised chaos: how Russia weaponised the culture wars","","/r/worldnews/comments/198tsgy/organised_chaos_how_russia_weaponised_the_culture/"
"198uis9","submission","worldnews","1705491248","2024-01-17T11:34:08+00:00","SabziPoloBaMahee","119","2","Protesters Clash With Police In Remote Russian Town After Activist Sentenced","","/r/worldnews/comments/198uis9/protesters_clash_with_police_in_remote_russian/"
"198uqum","submission","worldnews","1705492073","2024-01-17T11:47:53+00:00","yorkiecd","642","23","Protests Erupt in Remote Russian Town After Activist Sentenced","","/r/worldnews/comments/198uqum/protests_erupt_in_remote_russian_town_after/"
"198vo27","submission","worldnews","1705495312","2024-01-17T12:41:52+00:00","new974517","1","0","Olaf Scholz: President Biden and I agree: we want to continue to provide Ukraine with financial, humanitarian and military support. Today, I spoke to @POTUS on the phone. Germany is providing more than seven billion euros in military goods in 2024.","","/r/worldnews/comments/198vo27/olaf_scholz_president_biden_and_i_agree_we_want/"
"198w2l4","submission","worldnews","1705496619","2024-01-17T13:03:39+00:00","znanirani","7","0","Three Wounded in Odesa as Ukraine Downs 19 Russian Drones","","/r/worldnews/comments/198w2l4/three_wounded_in_odesa_as_ukraine_downs_19/"
"198w5bk","submission","worldnews","1705496862","2024-01-17T13:07:42+00:00","new974517","1","0","France is preparing 40 SCALP EG missiles for Ukraine","","/r/worldnews/comments/198w5bk/france_is_preparing_40_scalp_eg_missiles_for/"
"198w5q9","submission","worldnews","1705496898","2024-01-17T13:08:18+00:00","Acceptable_Fail2015","1313","47","Russia protest: Crowds clash with riot police as activist jailed","","/r/worldnews/comments/198w5q9/russia_protest_crowds_clash_with_riot_police_as/"
"198wgb3","submission","worldnews","1705497828","2024-01-17T13:23:48+00:00","HydrolicKrane","2286","281","Ukraine’s existence will be pretext for Russia’s attack in 10 and 50 years, - Medvedev","","/r/worldnews/comments/198wgb3/ukraines_existence_will_be_pretext_for_russias/"
"198wu3x","submission","geopolitics","1705498988","2024-01-17T13:43:08+00:00","bloombergopinion","162","136","Ukraine’s Desperate Hour: Is US to Blame for Kyiv’s Struggles?","","/r/geopolitics/comments/198wu3x/ukraines_desperate_hour_is_us_to_blame_for_kyivs/"
"198x419","submission","worldnews","1705499793","2024-01-17T13:56:33+00:00","Less-Study5669","152","4","Slovakia enables arms exports to Ukraine as Fico completes backflip","","/r/worldnews/comments/198x419/slovakia_enables_arms_exports_to_ukraine_as_fico/"
"198xiv3","submission","worldnews","1705500966","2024-01-17T14:16:06+00:00","Jumpy-General-3859","2","0","In Photos: Russians Shelled Kharkiv at Night","","/r/worldnews/comments/198xiv3/in_photos_russians_shelled_kharkiv_at_night/"
"198xkec","submission","worldnews","1705501083","2024-01-17T14:18:03+00:00","enkrstic","219","56","China snubs Zelenskyy in Switzerland","","/r/worldnews/comments/198xkec/china_snubs_zelenskyy_in_switzerland/"
"198xku4","submission","geopolitics","1705501115","2024-01-17T14:18:35+00:00","enkrstic","6","1","China snubs Zelenskyy in Switzerland","","/r/geopolitics/comments/198xku4/china_snubs_zelenskyy_in_switzerland/"
"198yde8","submission","worldnews","1705503296","2024-01-17T14:54:56+00:00","DCGirl20874","1","0","Zelensky Pleads for Aid to Ukraine At Davos Gathering","","/r/worldnews/comments/198yde8/zelensky_pleads_for_aid_to_ukraine_at_davos/"
"198ydkv","submission","worldnews","1705503310","2024-01-17T14:55:10+00:00","reuters","2","1","How one officer class offers a glimpse into Russia’s military amid Ukraine war","","/r/worldnews/comments/198ydkv/how_one_officer_class_offers_a_glimpse_into/"
"198ym6w","submission","worldnews","1705503921","2024-01-17T15:05:21+00:00","blllrrrrr","352","51","Blinken doubts possibility of quick peace between Russia and Ukraine","","/r/worldnews/comments/198ym6w/blinken_doubts_possibility_of_quick_peace_between/"
"198z2mp","submission","worldnews","1705505103","2024-01-17T15:25:03+00:00","[deleted]","1","0","ISW: Putin sets information conditions for escalation against Baltic states","[removed]","/r/worldnews/comments/198z2mp/isw_putin_sets_information_conditions_for/"
"198z3xu","submission","worldnews","1705505198","2024-01-17T15:26:38+00:00","giuliomagnifico","1","0","Estonia arrests Russian professor on suspicion of espionage","","/r/worldnews/comments/198z3xu/estonia_arrests_russian_professor_on_suspicion_of/"
"198z7qy","submission","worldnews","1705505461","2024-01-17T15:31:01+00:00","blllrrrrr","1","1","Ukraine says 2024 priority is to gain control of the skies","[removed]","/r/worldnews/comments/198z7qy/ukraine_says_2024_priority_is_to_gain_control_of/"
"198z8ap","submission","worldnews","1705505499","2024-01-17T15:31:39+00:00","blllrrrrr","1213","89","In 2024, Ukraine should deprive Russia of control over sky - Kuleba","","/r/worldnews/comments/198z8ap/in_2024_ukraine_should_deprive_russia_of_control/"
"19908u9","submission","worldnews","1705507986","2024-01-17T16:13:06+00:00","eaglemaxie","3261","170","From an Arctic prison, Navalny says Putin's Russia will one day crumble","","/r/worldnews/comments/19908u9/from_an_arctic_prison_navalny_says_putins_russia/"
"1990a6h","submission","worldnews","1705508076","2024-01-17T16:14:36+00:00","StuntCockofGilead","1","0","People of Russian background file minority complaint over border closure","","/r/worldnews/comments/1990a6h/people_of_russian_background_file_minority/"
"1990d40","submission","worldnews","1705508263","2024-01-17T16:17:43+00:00","StuntCockofGilead","14","19","People of Russian background file minority complaint over border closure in Finland","","/r/worldnews/comments/1990d40/people_of_russian_background_file_minority/"
"1990uuq","submission","geopolitics","1705509395","2024-01-17T16:36:35+00:00","chinson_53","1","1","AMX-30 For Ukraine?","[removed]","/r/geopolitics/comments/1990uuq/amx30_for_ukraine/"
"1990vsb","submission","worldnews","1705509453","2024-01-17T16:37:33+00:00","IWasWearingEyeliner","786","242","Putin claims Russians return to country because of gender neutral toilets abroad","","/r/worldnews/comments/1990vsb/putin_claims_russians_return_to_country_because/"
"1990w7s","submission","geopolitics","1705509482","2024-01-17T16:38:02+00:00","chinson_53","3","4","AMX-30 for Ukraine?","The AMX-30 is essentially the French version of the Leopard 1, which has been sent to Ukraine, and there are likely thousands of them sitting in storage. Why hasn’t there been any talk of them being donated to Ukraine?","/r/geopolitics/comments/1990w7s/amx30_for_ukraine/"
"1991hc2","submission","worldnews","1705510851","2024-01-17T17:00:51+00:00","EsperaDeus","1","0","Zelenskyy asks Trump: What will you do if Putin doesn't stop?","","/r/worldnews/comments/1991hc2/zelenskyy_asks_trump_what_will_you_do_if_putin/"
"1991x73","submission","worldnews","1705511812","2024-01-17T17:16:52+00:00","I-Might-Be-Something","1","1","EU rearms Ukraine as calls mount for higher defence spending | Russia-Ukraine war News","","/r/worldnews/comments/1991x73/eu_rearms_ukraine_as_calls_mount_for_higher/"
"1992kmu","submission","worldnews","1705513307","2024-01-17T17:41:47+00:00","duckanroll","39","1","Leading Russian writer charged with involvement with ‘undesirable’ organisation","","/r/worldnews/comments/1992kmu/leading_russian_writer_charged_with_involvement/"
"1992uai","submission","worldnews","1705513938","2024-01-17T17:52:18+00:00","giuliomagnifico","425","10","Turkish banks suspend transactions with Russian counterparts amid US sanctions threats","","/r/worldnews/comments/1992uai/turkish_banks_suspend_transactions_with_russian/"
"1993i1u","submission","worldnews","1705515475","2024-01-17T18:17:55+00:00","flashfractal","1263","53","UK urges west to use frozen Russian assets to rebuild Ukraine’s economy","","/r/worldnews/comments/1993i1u/uk_urges_west_to_use_frozen_russian_assets_to/"
"1993r00","submission","worldnews","1705516067","2024-01-17T18:27:47+00:00","Swimming_Mark7407","46","12","German Bundestag votes against transfer of Taurus to Ukraine - 178 in favor, 485 against, 3 abstained","","/r/worldnews/comments/1993r00/german_bundestag_votes_against_transfer_of_taurus/"
"19941pb","submission","worldnews","1705516778","2024-01-17T18:39:38+00:00","FanPractical9683","81","20","German lawmakers reject motion to send Taurus missiles to Ukraine","","/r/worldnews/comments/19941pb/german_lawmakers_reject_motion_to_send_taurus/"
"199462l","submission","worldnews","1705517063","2024-01-17T18:44:23+00:00","Ask4MD","18","1","War in Ukraine Latest: Russian Combat Units Suffer Brutal Losses in Dnipro Bridgehead","","/r/worldnews/comments/199462l/war_in_ukraine_latest_russian_combat_units_suffer/"
"1994oph","submission","worldnews","1705518291","2024-01-17T19:04:51+00:00","TheMisterClo","987","128","Grabbing $300 billion of Russian assets is no panacea, West cautions in Davos","","/r/worldnews/comments/1994oph/grabbing_300_billion_of_russian_assets_is_no/"
"1995e7o","submission","worldnews","1705519983","2024-01-17T19:33:03+00:00","DocMoochal","3067","430","Top NATO military officer urges allies and leaders to plan for the unexpected in Ukraine","","/r/worldnews/comments/1995e7o/top_nato_military_officer_urges_allies_and/"
"1995it9","submission","worldnews","1705520295","2024-01-17T19:38:15+00:00","TopFantastic45","6","4","[VIDEO] Corpse comes back to life in Russian morgue","","/r/worldnews/comments/1995it9/video_corpse_comes_back_to_life_in_russian_morgue/"
"1996akt","submission","worldnews","1705522096","2024-01-17T20:08:16+00:00","professorbrainiac","1","0","Former NATO chief to Democrats: Cut a border deal to help Ukraine and beat Trump","","/r/worldnews/comments/1996akt/former_nato_chief_to_democrats_cut_a_border_deal/"
"1999lke","submission","worldnews","1705530072","2024-01-17T22:21:12+00:00","flashfractal","7504","1556","Zelenskyy warns an end to US war aid will bring a 'big crisis' worse than just a weakened Ukraine","","/r/worldnews/comments/1999lke/zelenskyy_warns_an_end_to_us_war_aid_will_bring_a/"
"199aq58","submission","worldnews","1705532896","2024-01-17T23:08:16+00:00","I-Might-Be-Something","1","1","EU rearms Ukraine as calls mount for higher defense spending","","/r/worldnews/comments/199aq58/eu_rearms_ukraine_as_calls_mount_for_higher/"
"199cjvi","submission","worldnews","1705537622","2024-01-18T00:27:02+00:00","AlertTangerine","1","0","Thousands protest in Russia: What does this mean for Putin and Russian politics? | DW News","","/r/worldnews/comments/199cjvi/thousands_protest_in_russia_what_does_this_mean/"
"199cpub","submission","worldnews","1705538054","2024-01-18T00:34:14+00:00","AlertTangerine","147","8","Russian police crack down on rare protest in remote region – DW","","/r/worldnews/comments/199cpub/russian_police_crack_down_on_rare_protest_in/"
"199czfm","submission","worldnews","1705538797","2024-01-18T00:46:37+00:00","MarijuanaNews","626","34","Ukraine Medical Marijuana Bill Is ‘Unblocked’ From Advancing To President’s Desk After Opponents’ Repeal Attempt Fails","","/r/worldnews/comments/199czfm/ukraine_medical_marijuana_bill_is_unblocked_from/"
"199g9bl","submission","worldnews","1705548200","2024-01-18T03:23:20+00:00","DoremusJessup","87","20","Russia said Wednesday it had targeted a group of French mercenaries in a long-range strike on the eastern Ukrainian city of Kharkiv, an attack authorities said injured more than a dozen civilians","","/r/worldnews/comments/199g9bl/russia_said_wednesday_it_had_targeted_a_group_of/"
"199h1hr","submission","worldnews","1705550588","2024-01-18T04:03:08+00:00","WorldNewsMods","1118","575","/r/WorldNews Live Thread: Russian Invasion of Ukraine Day 694, Part 1 (Thread #840)","","/r/worldnews/comments/199h1hr/rworldnews_live_thread_russian_invasion_of/"
"199ih6b","submission","worldnews","1705555257","2024-01-18T05:20:57+00:00","donutloop","1","17","Global Firepower Rankings 2024: United States, Russia, China","","/r/worldnews/comments/199ih6b/global_firepower_rankings_2024_united_states/"
"199j3qf","submission","worldnews","1705557399","2024-01-18T05:56:39+00:00","tetrabill","1","0","Modi calls Putin to discuss the conflict in Ukraine and Russia's BRICS presidency.","","/r/worldnews/comments/199j3qf/modi_calls_putin_to_discuss_the_conflict_in/"
"199mmh3","submission","worldnews","1705571700","2024-01-18T09:55:00+00:00","DMainedFool","685","39","Hundreds of protesters clash with police in Russian republic of Bashkortostan | Russia","","/r/worldnews/comments/199mmh3/hundreds_of_protesters_clash_with_police_in/"
"199mwh6","submission","worldnews","1705572812","2024-01-18T10:13:32+00:00","yorkiecd","13808","771","Ukraine Confirms St Petersburg Attack, Claims Drone Flew Over Putin’s Valdai Residence","","/r/worldnews/comments/199mwh6/ukraine_confirms_st_petersburg_attack_claims/"
"199mxk8","submission","geopolitics","1705572939","2024-01-18T10:15:39+00:00","Mammoth_Business","1","2","Help with quote on Ukraine War","At the beginning of the war, I remember listening to an interview and a quote got engraved in my head, but I didn't save the source and I have been completely unable to find it since. 

As I remember, It was an interview with a high ranking Russian officer about the reasons for the war and he said something like:

""Every country has their own tools to achieve their ambitions. Britain has their navy, France has their diplomats. The only currency Russia has is the blood of their people.""

That got stuck on my head but I have been completely unable to find it ever since. Anyone knows where it comes from?","/r/geopolitics/comments/199mxk8/help_with_quote_on_ukraine_war/"
"199n6io","submission","worldnews","1705573946","2024-01-18T10:32:26+00:00","memberino","161","137","Lawrow: ""Ukraine will endure the same fate as Afghanistan""","","/r/worldnews/comments/199n6io/lawrow_ukraine_will_endure_the_same_fate_as/"
"199ncy3","submission","worldnews","1705574650","2024-01-18T10:44:10+00:00","Shock_The_Monkey_","1","1","Russia preparing to ban Britain from fishing for cod and haddock in Barents Sea","","/r/worldnews/comments/199ncy3/russia_preparing_to_ban_britain_from_fishing_for/"
"199njvc","submission","worldnews","1705575421","2024-01-18T10:57:01+00:00","Ambitionlessninja","61","5","Romanian farmers block border crossing with Ukraine, Kyiv says","","/r/worldnews/comments/199njvc/romanian_farmers_block_border_crossing_with/"
"199nrzj","submission","geopolitics","1705576287","2024-01-18T11:11:27+00:00","Still_Pen_2726","1","0","Border Deal Impasse Threatens Biden's Push for Ukraine Aid","","/r/geopolitics/comments/199nrzj/border_deal_impasse_threatens_bidens_push_for/"
"199obwb","submission","worldnews","1705578375","2024-01-18T11:46:15+00:00","new974517","2047","288","Families of US vets killed in Ukraine urge Congress to continue the fight","","/r/worldnews/comments/199obwb/families_of_us_vets_killed_in_ukraine_urge/"
"199oeeo","submission","worldnews","1705578634","2024-01-18T11:50:34+00:00","benh999","366","16","Ukraine starts to rebuild towns and cities even as the war rages on","","/r/worldnews/comments/199oeeo/ukraine_starts_to_rebuild_towns_and_cities_even/"
"199oh56","submission","worldnews","1705578904","2024-01-18T11:55:04+00:00","duckanroll","100","3","Human rights activist handed 3-year sentence for discrediting Russian army over Bucha","","/r/worldnews/comments/199oh56/human_rights_activist_handed_3year_sentence_for/"
"199orsh","submission","worldnews","1705579925","2024-01-18T12:12:05+00:00","new974517","1","0","Zelensky: ""Patriot"" is the most effective Air Defence system in the world today ... I must bow deeply to its creators ... Both Russians and our partners are in shock.""","","/r/worldnews/comments/199orsh/zelensky_patriot_is_the_most_effective_air/"
"199p403","submission","worldnews","1705581095","2024-01-18T12:31:35+00:00","new974517","1622","251","Slovakia supports Hungary’s veto of EUR 50 billion of aid for Ukraine","","/r/worldnews/comments/199p403/slovakia_supports_hungarys_veto_of_eur_50_billion/"
"199p7uu","submission","worldnews","1705581460","2024-01-18T12:37:40+00:00","2be_0r_not2be","5937","436","Zelensky calls for seized Russian billions to rebuild Ukraine","","/r/worldnews/comments/199p7uu/zelensky_calls_for_seized_russian_billions_to/"
"199p9t3","submission","worldnews","1705581643","2024-01-18T12:40:43+00:00","Illustrious_Diver_37","158","10","Nearly two years after invasion, West still seeking a way to steer frozen Russian assets to Ukraine","","/r/worldnews/comments/199p9t3/nearly_two_years_after_invasion_west_still/"
"199pcq9","submission","geopolitics","1705581913","2024-01-18T12:45:13+00:00","s4Nn1Ng0r0shi","59","85","What is in your opinion the reason why Germany isn’t sending Taurus missiles to Ukraine?","Schulz has been adamant and categorically abstained from saying that ”Russia should lose the war”. What is Germany’s goal in all this? Are they just sending enough money and other support and waiting for Ukraine to go to peace talks?","/r/geopolitics/comments/199pcq9/what_is_in_your_opinion_the_reason_why_germany/"
"199pgso","submission","worldnews","1705582291","2024-01-18T12:51:31+00:00","blllrrrrr","264","0","Minister: France to deliver more Caesar howitzers, guided bombs to Ukraine","","/r/worldnews/comments/199pgso/minister_france_to_deliver_more_caesar_howitzers/"
"199qkoq","submission","worldnews","1705585817","2024-01-18T13:50:17+00:00","semafornews","1428","14","Ukraine grain shipments bounce back to near pre-war levels","","/r/worldnews/comments/199qkoq/ukraine_grain_shipments_bounce_back_to_near/"
"199r5rf","submission","worldnews","1705587506","2024-01-18T14:18:26+00:00","OregonTripleBeam","449","16","Ukraine medical marijuana bill is 'unblocked' from advancing to president's desk after opponents' repeal attempt fails","","/r/worldnews/comments/199r5rf/ukraine_medical_marijuana_bill_is_unblocked_from/"
"199r7gb","submission","worldnews","1705587638","2024-01-18T14:20:38+00:00","new974517","168","5","France and US take head of coalition to strengthen Ukraine's artillery","","/r/worldnews/comments/199r7gb/france_and_us_take_head_of_coalition_to/"
"199r9md","submission","worldnews","1705587806","2024-01-18T14:23:26+00:00","Jumpy-General-3859","1","0","Kharkiv Administration Reports on Victims of Russian Attacking of the City on January 16","","/r/worldnews/comments/199r9md/kharkiv_administration_reports_on_victims_of/"
"199s02k","submission","geopolitics","1705589875","2024-01-18T14:57:55+00:00","bloombergopinion","278","135","Ukraine’s Desperate Hour: The World Needs a Russian Defeat","","/r/geopolitics/comments/199s02k/ukraines_desperate_hour_the_world_needs_a_russian/"
"199s7s0","submission","worldnews","1705590442","2024-01-18T15:07:22+00:00","blllrrrrr","6159","442","Duda says Putin will attack other countries if he prevails in Ukraine","","/r/worldnews/comments/199s7s0/duda_says_putin_will_attack_other_countries_if_he/"
"199sglz","submission","worldnews","1705591110","2024-01-18T15:18:30+00:00","unikaled","1080","91","Estonia to stop funding Russian-language education","","/r/worldnews/comments/199sglz/estonia_to_stop_funding_russianlanguage_education/"
"199sult","submission","geopolitics","1705592116","2024-01-18T15:35:16+00:00","99silveradoz71","181","277","What, in your opinion, could be the worst case scenario outcomes of the West seizing $300 billion in frozen Russian assets?","","/r/geopolitics/comments/199sult/what_in_your_opinion_could_be_the_worst_case/"
"199sx1m","submission","geopolitics","1705592300","2024-01-18T15:38:20+00:00","[deleted]","1","0","What, in your opinion, could be the worst case scenario outcomes of the west seizing the $300 billion in frozen Russian assets?","[deleted]","/r/geopolitics/comments/199sx1m/what_in_your_opinion_could_be_the_worst_case/"
"199t2ka","submission","worldnews","1705592712","2024-01-18T15:45:12+00:00","Pravda_UA","132","4","Polish Foreign Minister comments on pushing Ukraine to negotiate by comparing it to Chamberlain's policy","","/r/worldnews/comments/199t2ka/polish_foreign_minister_comments_on_pushing/"
"199tkxi","submission","worldnews","1705594057","2024-01-18T16:07:37+00:00","IWasWearingEyeliner","1284","40","Estonia sees first year without Russian airspace violations since 2014","","/r/worldnews/comments/199tkxi/estonia_sees_first_year_without_russian_airspace/"
"199u37p","submission","worldnews","1705595375","2024-01-18T16:29:35+00:00","duckanroll","41","11","Russia seeks 5-year sentence for former Donbas separatist militia leader","","/r/worldnews/comments/199u37p/russia_seeks_5year_sentence_for_former_donbas/"
"199us7r","submission","worldnews","1705597123","2024-01-18T16:58:43+00:00","timesofupdate","1","0","US sanctions UAE shipping firm for violating Russian crude price limits","","/r/worldnews/comments/199us7r/us_sanctions_uae_shipping_firm_for_violating/"
"199uvlj","submission","worldnews","1705597331","2024-01-18T17:02:11+00:00","donutloop","969","196","Ukraine: Germany will not supply Taurus cruise missiles","","/r/worldnews/comments/199uvlj/ukraine_germany_will_not_supply_taurus_cruise/"
"199uyzz","submission","worldnews","1705597543","2024-01-18T17:05:43+00:00","donutloop","1","1","Pakistan-Iran military strikes: What India, US, China and Russia said","","/r/worldnews/comments/199uyzz/pakistaniran_military_strikes_what_india_us_china/"
"199v2o4","submission","worldnews","1705597800","2024-01-18T17:10:00+00:00","donutloop","55","0","Cheap Russian oil cuts OPEC's share of India imports to record-low 50%","","/r/worldnews/comments/199v2o4/cheap_russian_oil_cuts_opecs_share_of_india/"
"199v65e","submission","worldnews","1705598042","2024-01-18T17:14:02+00:00","NOLA-Kola","133","0","Ukraine detains spy suspect over Russian toxic disaster plot","","/r/worldnews/comments/199v65e/ukraine_detains_spy_suspect_over_russian_toxic/"
"199vba7","submission","worldnews","1705598399","2024-01-18T17:19:59+00:00","duckanroll","43","4","Russia rejects UN request for release of lawmaker Alexey Gorinov","","/r/worldnews/comments/199vba7/russia_rejects_un_request_for_release_of_lawmaker/"
"199xsvx","submission","worldnews","1705604528","2024-01-18T19:02:08+00:00","_user_id_","132","12","France to provide 40 additional SCALP missiles to Ukraine in 2024","","/r/worldnews/comments/199xsvx/france_to_provide_40_additional_scalp_missiles_to/"
"199yxrj","submission","worldnews","1705607327","2024-01-18T19:48:47+00:00","gabigtr123","15","6","Hungarian official: Deal with EU on Ukraine aid still far off","","/r/worldnews/comments/199yxrj/hungarian_official_deal_with_eu_on_ukraine_aid/"
"199z5az","submission","worldnews","1705607840","2024-01-18T19:57:20+00:00","4920185","5342","185","Russian lawmaker flees country after decrying ‘monster’ Putin","","/r/worldnews/comments/199z5az/russian_lawmaker_flees_country_after_decrying/"
"19a22w8","submission","geopolitics","1705614983","2024-01-18T21:56:23+00:00","Ok-Ambassador2583","1","14","Risks associated with seizing russian usd assets for Ukraine reconstruction","The following was my view regarding a popular post and was removed within 10 minutes on r/worldnews. I wanted to get your thoughts regarding the topic and my comment:

Why don't people take a day and actually learn how the financial system works, since it comes up so much in their discussions? I'd give you the benefit of the doubt, and assume you are sincere.

Do you know how money is created? The federal govt (specifically Congress in us) appropriates funds which are always much greater than they get through taxes etc. The deficit is funded by printing new money by the federal reserve and it is in the form of debt (basically a loan) in USD which they have to pay back. The federal govt can not default as when the time comes to pay back, they can (and do) repeat this circle by printing more money to pay back.

One might think that this is a solid and fool proof method but one will be naive to think so. The whole system is built on an increasingly fragile foundation. It is getting more fragile with the rise of other economies like China and India. Why? And what is the major risks in your assertions?

The many printing debt thing is not exclusive to the us. Every country does so. The major difference is that the US dollar is the world trading currency and the world reserve, and the us financial system is built on the trust many people think here is something not important. The rouble is not, yuan is not, rupee is not. So there is a major demand advantage for the dollar and us banks. That's why a country as hostile as Russia kept 300 billion in usd in us banks. That's why Congress can print a large amount of money and they can spend on imports because other countries and institutions will just buy those extra dollars and not spend them to keep their reserves. Us inflation keeps under control even though the same amount of printing happening anywhere else will cause massive inflation.

Break that trust, and the one major think will happen is that this very advantageous but vulnerable demand supply balance gets broken. Countries let's say Russia and China say that they will now do trade with 50% in other assets like their own currencies, gold etc. Now the cou tries importing their goods and services have to spend their dollars in currency markets to get those assets. They will.also get those assets when they export to such countries.

US itself cannot print those assets at will, so they will also have to build reserves and sell those dollars, whose market has now shrunk and shrinking. Congresss tries to print money and inflation goes up considerably so they have to either raise taxes or curb spending. The death blow comes when they have to pay back the federal reserve and cannot print that amount, almost everyone holding us govt securities like treasury bond panics, and the us financial system is destroyed, and there will be far less ways to handle that, as stimulus printing is out of the question.

Another flaw is your argument is that Ukraine will not keep those Russian dollars tucked away in a bank, but will actually spend those to rebuild their country. So Increasing the dollar supply in the market while eroding trust is a very bad option for the US public.","/r/geopolitics/comments/19a22w8/risks_associated_with_seizing_russian_usd_assets/"
"19a257r","submission","worldnews","1705615145","2024-01-18T21:59:05+00:00","HeadCard140","67","11","Russian prosecutor seeks long jail term for nationalist Putin critic Girkin","","/r/worldnews/comments/19a257r/russian_prosecutor_seeks_long_jail_term_for/"
"19a4zeo","submission","geopolitics","1705622364","2024-01-18T23:59:24+00:00","MK121895","29","9","US producing first new type of nuclear warhead since 1980s in response to Russia","https://www.themirror.com/news/us-news/producing-first-new-type-nuclear-294439","/r/geopolitics/comments/19a4zeo/us_producing_first_new_type_of_nuclear_warhead/"
"19aa1o3","submission","worldnews","1705636970","2024-01-19T04:02:50+00:00","WorldNewsMods","1178","458","/r/WorldNews Live Thread: Russian Invasion of Ukraine Day 695, Part 1 (Thread #841)","","/r/worldnews/comments/19aa1o3/rworldnews_live_thread_russian_invasion_of/"
"19ab39s","submission","worldnews","1705640397","2024-01-19T04:59:57+00:00","Ask4MD","156","3","Kyiv Indicts Pro-Russian Ex-PM","","/r/worldnews/comments/19ab39s/kyiv_indicts_prorussian_expm/"
"19acveq","submission","worldnews","1705646606","2024-01-19T06:43:26+00:00","BezugssystemCH1903","133","9","Swiss president rejects Russia’s dismissal of Ukraine peace summit","","/r/worldnews/comments/19acveq/swiss_president_rejects_russias_dismissal_of/"
"19aczis","submission","worldnews","1705647063","2024-01-19T06:51:03+00:00","SendStoreMeloner","1","0","Ukrainian Drones with 1250 km Range Hit Russian St. Petersburg Port","","/r/worldnews/comments/19aczis/ukrainian_drones_with_1250_km_range_hit_russian/"
"19aebrv","submission","worldnews","1705652545","2024-01-19T08:22:25+00:00","dont_get_musked","58","0","Protesters Rally in Support of Jailed Activist in Russia's Bashkortostan","","/r/worldnews/comments/19aebrv/protesters_rally_in_support_of_jailed_activist_in/"
"19af3vr","submission","worldnews","1705655895","2024-01-19T09:18:15+00:00","TheTelegraph","16996","2767","Nato warns of all-out war with Russia in next 20 years","","/r/worldnews/comments/19af3vr/nato_warns_of_allout_war_with_russia_in_next_20/"
"19af43t","submission","worldnews","1705655924","2024-01-19T09:18:44+00:00","Resident_Advisor_773","5025","451","Houthi official promises safe passage for Russian and Chinese ships","","/r/worldnews/comments/19af43t/houthi_official_promises_safe_passage_for_russian/"
"19agiml","submission","worldnews","1705661858","2024-01-19T10:57:38+00:00","enkrstic","21","9","Putin could attack NATO in ‘5 to 8 years,’ German defense minister warns","","/r/worldnews/comments/19agiml/putin_could_attack_nato_in_5_to_8_years_german/"
"19agn35","submission","worldnews","1705662313","2024-01-19T11:05:13+00:00","HydrolicKrane","4325","605","Putin Orders Hunt for Property of Russian Empire, Soviet Union","","/r/worldnews/comments/19agn35/putin_orders_hunt_for_property_of_russian_empire/"
"19agvl7","submission","worldnews","1705663228","2024-01-19T11:20:28+00:00","yorkiecd","5487","203","Ukrainian Intel Confirms It Struck Russian Oil Depot and Gunpowder Factory","","/r/worldnews/comments/19agvl7/ukrainian_intel_confirms_it_struck_russian_oil/"
"19aib06","submission","worldnews","1705668399","2024-01-19T12:46:39+00:00","uanar","1","0","In first, Russian woman charged with displaying ‘extremist symbols’ for rainbow flag picture","","/r/worldnews/comments/19aib06/in_first_russian_woman_charged_with_displaying/"
"19air7e","submission","worldnews","1705669877","2024-01-19T13:11:17+00:00","[deleted]","1","0","Kadyrov's Chechen Army Enters the Battle Against Putin! Nobody Expected It!","[removed]","/r/worldnews/comments/19air7e/kadyrovs_chechen_army_enters_the_battle_against/"
"19aj6zn","submission","worldnews","1705671227","2024-01-19T13:33:47+00:00","Ask4MD","12","1","A Ukrainian drone attack on an oil depot inside Russia causes a massive blaze, officials say","","/r/worldnews/comments/19aj6zn/a_ukrainian_drone_attack_on_an_oil_depot_inside/"
"19al8l3","submission","worldnews","1705677023","2024-01-19T15:10:23+00:00","blllrrrrr","4460","140","US warns of Russian efforts to turn public opinion against Ukraine in upcoming European elections","","/r/worldnews/comments/19al8l3/us_warns_of_russian_efforts_to_turn_public/"
"19alelc","submission","worldnews","1705677486","2024-01-19T15:18:06+00:00","Imnotracistyouaree","1","114","Kyiv’s mayor worries Ukraine under Zelensky becoming increasingly autocratic","","/r/worldnews/comments/19alelc/kyivs_mayor_worries_ukraine_under_zelensky/"
"19alw1s","submission","worldnews","1705678804","2024-01-19T15:40:04+00:00","soldierofcinema","40","13","Putin Orders Hunt for Property of Russian Empire, Soviet Union","","/r/worldnews/comments/19alw1s/putin_orders_hunt_for_property_of_russian_empire/"
"19aly9s","submission","worldnews","1705678960","2024-01-19T15:42:40+00:00","MicroSofty88","10","13","Putin Orders Hunt for Property of Russian Empire, Soviet Union","","/r/worldnews/comments/19aly9s/putin_orders_hunt_for_property_of_russian_empire/"
"19amehm","submission","worldnews","1705680125","2024-01-19T16:02:05+00:00","Positive_Honey_8195","1","1","US piles pressure on China to tighten noose around Russia's economy","","/r/worldnews/comments/19amehm/us_piles_pressure_on_china_to_tighten_noose/"
"19anpp6","submission","worldnews","1705683394","2024-01-19T16:56:34+00:00","2be_0r_not2be","1","1","Russia's Putin immersed himself in sub-zero waters to mark Orthodox Epiphany - Kremlin","","/r/worldnews/comments/19anpp6/russias_putin_immersed_himself_in_subzero_waters/"
"19anqfh","submission","worldnews","1705683444","2024-01-19T16:57:24+00:00","blllrrrrr","4214","273","White House: Military cooperation between Russia, North Korea has potential to 'drastically' change security threat","","/r/worldnews/comments/19anqfh/white_house_military_cooperation_between_russia/"
"19anuyy","submission","worldnews","1705683734","2024-01-19T17:02:14+00:00","[deleted]","1","0","Navy officer sentenced to 20 years for spying for Russia - TopNews - Ansa.it","[deleted]","/r/worldnews/comments/19anuyy/navy_officer_sentenced_to_20_years_for_spying_for/"
"19anvcr","submission","worldnews","1705683759","2024-01-19T17:02:39+00:00","giuliomagnifico","3929","139","Italian navy officer sentenced to 20 years for spying for Russia","","/r/worldnews/comments/19anvcr/italian_navy_officer_sentenced_to_20_years_for/"
"19anxy9","submission","worldnews","1705683935","2024-01-19T17:05:35+00:00","HorsesMeow","822","17","‘It’s the work of that war criminal Putin’: Kharkiv reels under Russian missiles Kharkiv, only 25 miles from Russia, has been under constant attack since the start of the war in Ukraine. Now fragments of rockets from North Korea are being found among the debris","","/r/worldnews/comments/19anxy9/its_the_work_of_that_war_criminal_putin_kharkiv/"
"19ap2wl","submission","worldnews","1705686725","2024-01-19T17:52:05+00:00","AD2023August","13","5","NATO urges Western civilians to prepare for war with Russia","","/r/worldnews/comments/19ap2wl/nato_urges_western_civilians_to_prepare_for_war/"
"19apc7z","submission","worldnews","1705687349","2024-01-19T18:02:29+00:00","Whichwhenwhywhat","1","0","Houthis Won't Target Chinese, Russian Ships in Red Sea","","/r/worldnews/comments/19apc7z/houthis_wont_target_chinese_russian_ships_in_red/"
"19aq0ie","submission","worldnews","1705689012","2024-01-19T18:30:12+00:00","XBit_News","1","0","Russia and Iran: The threat to global security","","/r/worldnews/comments/19aq0ie/russia_and_iran_the_threat_to_global_security/"
"19aqldm","submission","worldnews","1705690461","2024-01-19T18:54:21+00:00","eleventy5thRejection","109","9","Russian prosecutors seek lengthy prison terms for suspects in cases linked to the war in Ukraine","","/r/worldnews/comments/19aqldm/russian_prosecutors_seek_lengthy_prison_terms_for/"
"19aqw53","submission","worldnews","1705691195","2024-01-19T19:06:35+00:00","Pravda_UA","821","406","Ukraine may start another counteroffensive in 2025 – CNN sources","","/r/worldnews/comments/19aqw53/ukraine_may_start_another_counteroffensive_in/"
"19aqyw8","submission","worldnews","1705691394","2024-01-19T19:09:54+00:00","2be_0r_not2be","1","0","‘Isn't it better to put an end to Putin’: Ukraine President Zelenskyy questions the world's elite","[removed]","/r/worldnews/comments/19aqyw8/isnt_it_better_to_put_an_end_to_putin_ukraine/"
"19atoyr","submission","worldnews","1705698178","2024-01-19T21:02:58+00:00","Pravda_UA","1","1104","Zelenskyy invites Trump to Ukraine again, calls his ''peace plan'' dangerous","","/r/worldnews/comments/19atoyr/zelenskyy_invites_trump_to_ukraine_again_calls/"
"19au3hz","submission","worldnews","1705699213","2024-01-19T21:20:13+00:00","maximus111456","1643","55","Baltic countries to build defenses on Russian, Belarusian borders","","/r/worldnews/comments/19au3hz/baltic_countries_to_build_defenses_on_russian/"
"19auc75","submission","geopolitics","1705699830","2024-01-19T21:30:30+00:00","Lordziron123","11","3","The houthis are allowing russian and Chinese vessel to go through the region","https://www.straitstimes.com/world/middle-east/houthi-official-promises-safe-passage-for-russian-chinese-ships","/r/geopolitics/comments/19auc75/the_houthis_are_allowing_russian_and_chinese/"
"19auvnd","submission","worldnews","1705701175","2024-01-19T21:52:55+00:00","Free_Swimming","587","170","NATO admiral warns of potential all-out war with Russia","","/r/worldnews/comments/19auvnd/nato_admiral_warns_of_potential_allout_war_with/"
"19aw9m7","submission","worldnews","1705704686","2024-01-19T22:51:26+00:00","williamjeffrey1","264","23","Cyber Siege: Russian Intelligence Breaches Microsoft Executive Emails","","/r/worldnews/comments/19aw9m7/cyber_siege_russian_intelligence_breaches/"
"19axr6b","submission","worldnews","1705708441","2024-01-19T23:54:01+00:00","Ask4MD","161","10","Bashkortostan Protests Peel Back The Layers Of Authoritarian Politics In Putin's Russia","","/r/worldnews/comments/19axr6b/bashkortostan_protests_peel_back_the_layers_of/"
"19axus8","submission","worldnews","1705708701","2024-01-19T23:58:21+00:00","timesofupdate","1","0","Microsoft says Russia-linked group hacked employee emails","","/r/worldnews/comments/19axus8/microsoft_says_russialinked_group_hacked_employee/"
"19ayc91","submission","worldnews","1705709964","2024-01-20T00:19:24+00:00","Americanhoney7","1","0","Ukraine reveals that a drone flew over Putin's woodland palace without detection by its heavy defenses - Global pulse News","","/r/worldnews/comments/19ayc91/ukraine_reveals_that_a_drone_flew_over_putins/"
"19aydz5","submission","worldnews","1705710090","2024-01-20T00:21:30+00:00","blissfulJerky037","1","0","Ex-Russian Lawmaker Calls For an Effort to 'Capture the Kremlin'","","/r/worldnews/comments/19aydz5/exrussian_lawmaker_calls_for_an_effort_to_capture/"
"19ayrdk","submission","worldnews","1705711104","2024-01-20T00:38:24+00:00","ConferenceOrganic490","6","0","Ukraine is piling pressure on China to help it end the war. But Beijing’s plans for peace are focused on Gaza","","/r/worldnews/comments/19ayrdk/ukraine_is_piling_pressure_on_china_to_help_it/"
"19azf3u","submission","worldnews","1705712964","2024-01-20T01:09:24+00:00","Additional_Screen218","31","3","The search for new soldiers to fight in Ukraine is forcing politicians and citizens into unwelcome positions","","/r/worldnews/comments/19azf3u/the_search_for_new_soldiers_to_fight_in_ukraine/"
"19b25tq","submission","worldnews","1705721143","2024-01-20T03:25:43+00:00","blissfulLard893","650","35","Microsoft Says Russian Hackers Spied on Its Executives","","/r/worldnews/comments/19b25tq/microsoft_says_russian_hackers_spied_on_its/"
"19b2uy7","submission","worldnews","1705723367","2024-01-20T04:02:47+00:00","WorldNewsMods","1111","306","/r/WorldNews Live Thread: Russian Invasion of Ukraine Day 696, Part 1 (Thread #842)","","/r/worldnews/comments/19b2uy7/rworldnews_live_thread_russian_invasion_of/"
"19b5czp","submission","worldnews","1705732079","2024-01-20T06:27:59+00:00","blissfulJerky037","1","3","China Skirts Sanctions to Make Russia Its Top Oil Supplier in 2023","","/r/worldnews/comments/19b5czp/china_skirts_sanctions_to_make_russia_its_top_oil/"
"19b5m8k","submission","worldnews","1705733038","2024-01-20T06:43:58+00:00","dieselgenset","4","7","Putin Orders Hunt for Property of Russian Empire, Soviet Union","","/r/worldnews/comments/19b5m8k/putin_orders_hunt_for_property_of_russian_empire/"
"19b6cfa","submission","worldnews","1705735857","2024-01-20T07:30:57+00:00","[deleted]","1","1","Zelensky says he is frightened by prospect of second Trump presidency","[removed]","/r/worldnews/comments/19b6cfa/zelensky_says_he_is_frightened_by_prospect_of/"
"19b7104","submission","worldnews","1705738660","2024-01-20T08:17:40+00:00","Natural_Duck_9576","1","0","Poland objects to Ukraine glorification of Nazis.","","/r/worldnews/comments/19b7104/poland_objects_to_ukraine_glorification_of_nazis/"
"19b82aj","submission","worldnews","1705742997","2024-01-20T09:29:57+00:00","dwillun","31","2","Revealed: how the City of London keeps Putin’s oil flowing","","/r/worldnews/comments/19b82aj/revealed_how_the_city_of_london_keeps_putins_oil/"
"19b91zy","submission","worldnews","1705747116","2024-01-20T10:38:36+00:00","RidetheSchlange","1","1","Map shows NATO territory losing GPS amid Russia electronic warfare drill","","/r/worldnews/comments/19b91zy/map_shows_nato_territory_losing_gps_amid_russia/"
"19b95ce","submission","worldnews","1705747501","2024-01-20T10:45:01+00:00","BulkAppeal","1","0","Putin sent their husbands to Ukraine, and now these women are risking everything to bring them home","","/r/worldnews/comments/19b95ce/putin_sent_their_husbands_to_ukraine_and_now/"
"19b960o","submission","worldnews","1705747575","2024-01-20T10:46:15+00:00","libtin","7","0","Russia soldiers' wives protest in a challenge to Putin and his war in Ukraine","","/r/worldnews/comments/19b960o/russia_soldiers_wives_protest_in_a_challenge_to/"
"19b9rbj","submission","worldnews","1705750002","2024-01-20T11:26:42+00:00","Vlkefan","1","0","Russia's elite paratroopers and marines are refusing orders to launch 'human wave attacks,' Ukraine official says","","/r/worldnews/comments/19b9rbj/russias_elite_paratroopers_and_marines_are/"
"19bb1ps","submission","worldnews","1705754901","2024-01-20T12:48:21+00:00","HeadCard140","504","240","Zelenskyy invites Trump to Kyiv","","/r/worldnews/comments/19bb1ps/zelenskyy_invites_trump_to_kyiv/"
"19bc9fx","submission","worldnews","1705758849","2024-01-20T13:54:09+00:00","4920185","1","0","Breaking protection pledge, Russian regions reinstate animal kill shelters","","/r/worldnews/comments/19bc9fx/breaking_protection_pledge_russian_regions/"
"19bcg7m","submission","worldnews","1705759418","2024-01-20T14:03:38+00:00","M795","1748","426","'Incredibly stark': Biden aides give lawmakers a grim assessment of Ukraine without more aid","","/r/worldnews/comments/19bcg7m/incredibly_stark_biden_aides_give_lawmakers_a/"
"19bcic4","submission","worldnews","1705759603","2024-01-20T14:06:43+00:00","[deleted]","1","0","Russia's elite paratroopers and marines are refusing orders to launch 'human wave attacks,' Ukraine official says","[removed]","/r/worldnews/comments/19bcic4/russias_elite_paratroopers_and_marines_are/"
"19bctkr","submission","worldnews","1705760588","2024-01-20T14:23:08+00:00","4920185","1","1","Russian soldiers' wives want their men back, posing a rare challenge to Putin","","/r/worldnews/comments/19bctkr/russian_soldiers_wives_want_their_men_back_posing/"
"19bcvca","submission","geopolitics","1705760742","2024-01-20T14:25:42+00:00","Other-Studio-8174","1","1","Peace scenario in Ukraine: Ukraine will cede Crimea and four eastern provinces to Russia, in return Ukraine is free to join NATO, the EU or other international organizations that Russia has no right to prevent. Is this scenario feasible? In the long run, who will benefit?","[removed]","/r/geopolitics/comments/19bcvca/peace_scenario_in_ukraine_ukraine_will_cede/"
"19bd2si","submission","worldnews","1705761355","2024-01-20T14:35:55+00:00","4920185","2","229","Russian soldiers' wives want their men back, posing a rare challenge to Putin and his war in Ukraine","","/r/worldnews/comments/19bd2si/russian_soldiers_wives_want_their_men_back_posing/"
"19bd9ax","submission","worldnews","1705761879","2024-01-20T14:44:39+00:00","ConferenceOrganic490","1","0","Breaking protection pledge, Russian regions reinstate animal kill shelters","","/r/worldnews/comments/19bd9ax/breaking_protection_pledge_russian_regions/"
"19bd9pz","submission","worldnews","1705761913","2024-01-20T14:45:13+00:00","ConferenceOrganic490","35","34","Russian regions reinstate animal kill shelters","","/r/worldnews/comments/19bd9pz/russian_regions_reinstate_animal_kill_shelters/"
"19bdb49","submission","worldnews","1705762025","2024-01-20T14:47:05+00:00","TheTelegraph","3272","702","Putin could attack Nato countries in five to eight years, Germany warns","","/r/worldnews/comments/19bdb49/putin_could_attack_nato_countries_in_five_to/"
"19bdg1f","submission","worldnews","1705762422","2024-01-20T14:53:42+00:00","TheTelegraph","1","1","Former Nato chief: ‘If Ukraine loses, our enemies will decide the world order’'","","/r/worldnews/comments/19bdg1f/former_nato_chief_if_ukraine_loses_our_enemies/"
"19bdvl3","submission","worldnews","1705763603","2024-01-20T15:13:23+00:00","AD2023August","655","36","Mines 'Back in Place' at Ukraine Nuclear Power Plant: IAEA","","/r/worldnews/comments/19bdvl3/mines_back_in_place_at_ukraine_nuclear_power/"
"19betjo","submission","worldnews","1705766226","2024-01-20T15:57:06+00:00","Hungry-Collar4580","3893","357","Zelenskyy calls Trump's rhetoric about Ukraine's war with Russia 'very dangerous'","","/r/worldnews/comments/19betjo/zelenskyy_calls_trumps_rhetoric_about_ukraines/"
"19bg25o","submission","geopolitics","1705769529","2024-01-20T16:52:09+00:00","hgk6393","1","103","Will Trump 2024 lead to a resolution of the Ukraine conflict?","I live in the Netherlands, and for the last two years, the media outlets here have been continuously running news that a victory for the Ukrainians is just around the corner. A little more military aid, a few more tanks, a few more fighter jets, and its checkmate. Also, people seem to believe that Russians are suffering terribly from the sanctions.

On the other hand, media from my native country, India, have a slightly different narrative. The war is being described as a stalemate, for now. Russia have captured a certain part of Ukraine, and they are waiting for the Ukrainians to run out of supplies, before making a strong push for further territorial gains. Mentions of Russians suffering due to sanctions are also rare. 

With that said, I wonder whether a Trump victory in the US would actually help resolve the crisis. I don't believe that Putin will back down, since he wants to maintain an appearance of strength in the public eye. The Americans seem increasingly frustrated with the failure of Ukrainians to take back lost lands. Eventually, this frustration will reach Europe (Geert Wilders in Holland has already expressed displeasure at sending weapons to Ukraine). Maybe the way forward, is to let Russia keep some part of the land that they have captured, and stop further advances. Biden wouldn't have that, because that would make him look weak (at the expense of American tax dollars). And that is why, a Trump victory would be the best possible outcome. 

This is just one of the consequences of being in the neighbourhood of a large bully. Unfortunately, Ukraine will have to face that.","/r/geopolitics/comments/19bg25o/will_trump_2024_lead_to_a_resolution_of_the/"
"19bg7eo","submission","worldnews","1705769923","2024-01-20T16:58:43+00:00","IWasWearingEyeliner","1","0","Baltic States to Build Defenses on Russian Border, Estonia Says","[deleted]","/r/worldnews/comments/19bg7eo/baltic_states_to_build_defenses_on_russian_border/"
"19bgjbs","submission","worldnews","1705770772","2024-01-20T17:12:52+00:00","Imgoga","5","60","More Than 42,000 Russian Troops Killed In Ukraine Since Launch Of Full-Scale Invasion","","/r/worldnews/comments/19bgjbs/more_than_42000_russian_troops_killed_in_ukraine/"
"19bgsh1","submission","worldnews","1705771446","2024-01-20T17:24:06+00:00","ConferenceOrganic490","21","1","Drones strike Bryansk Oblast again, Russia claims downing","","/r/worldnews/comments/19bgsh1/drones_strike_bryansk_oblast_again_russia_claims/"
"19bgszh","submission","worldnews","1705771486","2024-01-20T17:24:46+00:00","ConferenceOrganic490","66","1","HUR confirms successful cyber attack on Russian state-owned enterprise","","/r/worldnews/comments/19bgszh/hur_confirms_successful_cyber_attack_on_russian/"
"19bgu3s","submission","worldnews","1705771570","2024-01-20T17:26:10+00:00","ConferenceOrganic490","7227","146","Ukrainian hackers steal construction plans for 500 Russian military sites","","/r/worldnews/comments/19bgu3s/ukrainian_hackers_steal_construction_plans_for/"
"19bhniv","submission","geopolitics","1705773718","2024-01-20T18:01:58+00:00","AlertTangerine","1","0","Latvian President: Russian Atrocities In Ukraine Are Causing Divisions In Society","","/r/geopolitics/comments/19bhniv/latvian_president_russian_atrocities_in_ukraine/"
"19bhnt7","submission","worldnews","1705773736","2024-01-20T18:02:16+00:00","AlertTangerine","1","0","Latvian President: Russian Atrocities In Ukraine Are Causing Divisions In Society","","/r/worldnews/comments/19bhnt7/latvian_president_russian_atrocities_in_ukraine/"
"19bhufj","submission","worldnews","1705774215","2024-01-20T18:10:15+00:00","Andrzej1963","751","141","Russian Parliament To Consider Seizing Property Of Citizens Who Criticize War Against Ukraine","","/r/worldnews/comments/19bhufj/russian_parliament_to_consider_seizing_property/"
"19bj2gt","submission","worldnews","1705777347","2024-01-20T19:02:27+00:00","m4dseas0n","4564","277","Russian poet and Putin critic Lev Rubinstein dies after being hit by a car in Moscow","","/r/worldnews/comments/19bj2gt/russian_poet_and_putin_critic_lev_rubinstein_dies/"
"19bjz6n","submission","worldnews","1705779714","2024-01-20T19:41:54+00:00","smallbatter","515","91","'Europe bought Russian oil via India at record rates in 2023 despite Ukraine war' - Times of India","","/r/worldnews/comments/19bjz6n/europe_bought_russian_oil_via_india_at_record/"
"19bkdrd","submission","worldnews","1705780790","2024-01-20T19:59:50+00:00","buzzsawjoe","3468","109","BBC says Ukrainian drone caused major oil fire in southern Russia, 2nd in 2 days","","/r/worldnews/comments/19bkdrd/bbc_says_ukrainian_drone_caused_major_oil_fire_in/"
"19bkrif","submission","worldnews","1705781759","2024-01-20T20:15:59+00:00","solarmsytic3000","1","0","Psychic Predicts Chinese & Russian Invasion of the United States in 2007 on #Portland cable access","","/r/worldnews/comments/19bkrif/psychic_predicts_chinese_russian_invasion_of_the/"
"19bllys","submission","geopolitics","1705783996","2024-01-20T20:53:16+00:00","Class_of_22","9","1","'Incredibly stark': Biden aides give lawmakers a grim assessment of Ukraine without more aid","","/r/geopolitics/comments/19bllys/incredibly_stark_biden_aides_give_lawmakers_a/"
"19bmcq6","submission","worldnews","1705785945","2024-01-20T21:25:45+00:00","Much-Speaker-8393","105","41","Russian bombs failed to destroy Ukraine’s energy grid. Corruption could break its own","","/r/worldnews/comments/19bmcq6/russian_bombs_failed_to_destroy_ukraines_energy/"
"19bmgrm","submission","worldnews","1705786245","2024-01-20T21:30:45+00:00","duckanroll","1478","55","Activists descend on Putin campaign office to demand demobilisation","","/r/worldnews/comments/19bmgrm/activists_descend_on_putin_campaign_office_to/"
"19bmjrg","submission","worldnews","1705786463","2024-01-20T21:34:23+00:00","Much-Speaker-8393","1","0","Bashkortostan Protests Peel Back The Layers Of Authoritarian Politics In Putin's Russia","","/r/worldnews/comments/19bmjrg/bashkortostan_protests_peel_back_the_layers_of/"
"19bnefk","submission","worldnews","1705788712","2024-01-20T22:11:52+00:00","boomership","161","3","Russia Arrests Head of Uzbek Diaspora Over Wartime Meme","","/r/worldnews/comments/19bnefk/russia_arrests_head_of_uzbek_diaspora_over/"
"19bpn5k","submission","geopolitics","1705794761","2024-01-20T23:52:41+00:00","BallsOfMatzo","1","18","Song Performed At Palestinian Wedding: 'Harden Your Heart, Oh Putin; Increase Your Attacks... Banish [Ukrainians] To Palestine And We Will Marry Ukrainian Women... We Say To China: Invade Taiwan [To] Smash The Nose Of The Americans'","","/r/geopolitics/comments/19bpn5k/song_performed_at_palestinian_wedding_harden_your/"
"19bpo8i","submission","worldnews","1705794846","2024-01-20T23:54:06+00:00","HeadCard140","1","1","Putin affirms support for non-aligned countries","","/r/worldnews/comments/19bpo8i/putin_affirms_support_for_nonaligned_countries/"
"19bpsbu","submission","worldnews","1705795178","2024-01-20T23:59:38+00:00","brickyardjimmy","1","0","Lev Rubinstein, Russian Poet and a Critic of Putin, Is Dead at 76","","/r/worldnews/comments/19bpsbu/lev_rubinstein_russian_poet_and_a_critic_of_putin/"
"19bs3td","submission","worldnews","1705801887","2024-01-21T01:51:27+00:00","Saltedline","358","63","Putin willing to visit Pyongyang at early date: KCNA","","/r/worldnews/comments/19bs3td/putin_willing_to_visit_pyongyang_at_early_date/"
"19bula4","submission","geopolitics","1705809867","2024-01-21T04:04:27+00:00","Class_of_22","1","1","Putin ally says World War III will ""definitely"" begin soon in Middle East","","/r/geopolitics/comments/19bula4/putin_ally_says_world_war_iii_will_definitely/"
"19bvoob","submission","worldnews","1705813674","2024-01-21T05:07:54+00:00","WorldNewsMods","1193","478","/r/WorldNews Live Thread: Russian Invasion of Ukraine Day 697, Part 1 (Thread #843)","","/r/worldnews/comments/19bvoob/rworldnews_live_thread_russian_invasion_of/"
"19bvvcn","submission","worldnews","1705814333","2024-01-21T05:18:53+00:00","Ambitionlessninja","46","15","Putin willing to visit Pyongyang soon, North Korea says","","/r/worldnews/comments/19bvvcn/putin_willing_to_visit_pyongyang_soon_north_korea/"
"19bw2v8","submission","worldnews","1705815065","2024-01-21T05:31:05+00:00","monkfreedom","45","4","'Say you're sorry': Russia's trend for humiliating videos","","/r/worldnews/comments/19bw2v8/say_youre_sorry_russias_trend_for_humiliating/"
"19bwgf9","submission","worldnews","1705816393","2024-01-21T05:53:13+00:00","gym_fun","159","11","Defense firm denies German politician's claim on missile supplies to Ukraine","","/r/worldnews/comments/19bwgf9/defense_firm_denies_german_politicians_claim_on/"
"19bwxdm","submission","worldnews","1705818114","2024-01-21T06:21:54+00:00","Ok-Pomegranate-7056","1","0","Russians recruited soldiers into “private army” using former Ukrainian President Poroshenko’s name","","/r/worldnews/comments/19bwxdm/russians_recruited_soldiers_into_private_army/"
"19bxqz8","submission","worldnews","1705821315","2024-01-21T07:15:15+00:00","aapka_acha_bacha","1","1","Russian lawmakers to debate seizing property of those who ‘discredit’ army","[removed]","/r/worldnews/comments/19bxqz8/russian_lawmakers_to_debate_seizing_property_of/"
"19bxudn","submission","worldnews","1705821682","2024-01-21T07:21:22+00:00","donutloop","583","60","NATO's Steadfast Defender exercises mark return to Cold War schemes, Russia says","","/r/worldnews/comments/19bxudn/natos_steadfast_defender_exercises_mark_return_to/"
"19bxupe","submission","geopolitics","1705821716","2024-01-21T07:21:56+00:00","donutloop","1","16","NATO's Steadfast Defender exercises mark return to Cold War schemes, Russia says","","/r/geopolitics/comments/19bxupe/natos_steadfast_defender_exercises_mark_return_to/"
"19bxw6f","submission","worldnews","1705821881","2024-01-21T07:24:41+00:00","HydrolicKrane","59","2","Russian seaport terminal on fire","","/r/worldnews/comments/19bxw6f/russian_seaport_terminal_on_fire/"
"19byvno","submission","worldnews","1705825912","2024-01-21T08:31:52+00:00","Tjonke","3097","129","Russian seaport terminal on fire","","/r/worldnews/comments/19byvno/russian_seaport_terminal_on_fire/"
"19byylv","submission","worldnews","1705826236","2024-01-21T08:37:16+00:00","Auburn_Value_1986","94","38","North Korea stresses alignment with Russia against US and says Putin could visit at an ‘early date’","","/r/worldnews/comments/19byylv/north_korea_stresses_alignment_with_russia/"
"19bz1jx","submission","worldnews","1705826582","2024-01-21T08:43:02+00:00","Technical_Soil4193","972","49","Russian charter flight with 6 people disappears over Afghanistan; crash reported","","/r/worldnews/comments/19bz1jx/russian_charter_flight_with_6_people_disappears/"
"19bz2cl","submission","worldnews","1705826678","2024-01-21T08:44:38+00:00","BezugssystemCH1903","1987","114","Swiss chocolate maker Barry Callebaut added to Ukraine's ‘sponsors of war’ blacklist","","/r/worldnews/comments/19bz2cl/swiss_chocolate_maker_barry_callebaut_added_to/"
"19c0fnm","submission","worldnews","1705832372","2024-01-21T10:19:32+00:00","Immortan_Joe-mama","1","1","Nato warns of all-out war with Russia in next 20 years","","/r/worldnews/comments/19c0fnm/nato_warns_of_allout_war_with_russia_in_next_20/"
"19c0llu","submission","geopolitics","1705833040","2024-01-21T10:30:40+00:00","adlabco","38","105","What would happen if Russia became a democracy?","","/r/geopolitics/comments/19c0llu/what_would_happen_if_russia_became_a_democracy/"
"19c0lv4","submission","worldnews","1705833071","2024-01-21T10:31:11+00:00","PjeterPannos","70","4","Russia to consider law on property confiscation for 'fakes' about army","","/r/worldnews/comments/19c0lv4/russia_to_consider_law_on_property_confiscation/"
"19c0nrq","submission","worldnews","1705833299","2024-01-21T10:34:59+00:00","gururururug","360","129","Thirteen killed after Ukraine shells Russian-controlled city of Donetsk - officials","","/r/worldnews/comments/19c0nrq/thirteen_killed_after_ukraine_shells/"
"19c0ycu","submission","worldnews","1705834512","2024-01-21T10:55:12+00:00","yorkiecd","13","0","Kyiv Confirms Successful Drone Attack on Military Factory in Russia’s Tula Region","","/r/worldnews/comments/19c0ycu/kyiv_confirms_successful_drone_attack_on_military/"
"19c1azh","submission","worldnews","1705835898","2024-01-21T11:18:18+00:00","yorkiecd","45","0","Ukraine's SBU Claims Drone Attack on Russian Gas Terminal Near St. Petersburg","","/r/worldnews/comments/19c1azh/ukraines_sbu_claims_drone_attack_on_russian_gas/"
"19c21u0","submission","worldnews","1705838833","2024-01-21T12:07:13+00:00","Imnotracistyouaree","273","51","The search for new soldiers to fight in Ukraine is forcing politicians and citizens into unwelcome positions","","/r/worldnews/comments/19c21u0/the_search_for_new_soldiers_to_fight_in_ukraine/"
"19c2wyx","submission","worldnews","1705842028","2024-01-21T13:00:28+00:00","Much-Speaker-8393","5","0","Bashkortostan Protests Peel Back The Layers Of Authoritarian Politics In Putin's Russia","","/r/worldnews/comments/19c2wyx/bashkortostan_protests_peel_back_the_layers_of/"
"19c2yjf","submission","worldnews","1705842157","2024-01-21T13:02:37+00:00","dankneeod","198","22","Donetsk: Deadly blast at market in Russian-annexed city, local officials say","","/r/worldnews/comments/19c2yjf/donetsk_deadly_blast_at_market_in_russianannexed/"
"19c31k5","submission","worldnews","1705842444","2024-01-21T13:07:24+00:00","WhoIsJolyonWest","3954","369","Russia will consider property confiscations for those convicted of discrediting the army","","/r/worldnews/comments/19c31k5/russia_will_consider_property_confiscations_for/"
"19c3ggx","submission","geopolitics","1705843850","2024-01-21T13:30:50+00:00","BlueEmma25","315","87","Germany warns Putin could launch attack on Nato in less than a decade","","/r/geopolitics/comments/19c3ggx/germany_warns_putin_could_launch_attack_on_nato/"
"19c40l9","submission","worldnews","1705845640","2024-01-21T14:00:40+00:00","[deleted]","1","0","Russia's elite paratroopers and marines are refusing orders to launch 'human wave attacks,' Ukraine official says","[removed]","/r/worldnews/comments/19c40l9/russias_elite_paratroopers_and_marines_are/"
"19c41jp","submission","worldnews","1705845713","2024-01-21T14:01:53+00:00","blllrrrrr","432","14","Ukraine's 'Blackjack' hackers breached 500 Russian military sites and caused chaos, says military intelligence","","/r/worldnews/comments/19c41jp/ukraines_blackjack_hackers_breached_500_russian/"
"19c4cii","submission","worldnews","1705846665","2024-01-21T14:17:45+00:00","anna_avian","147","7","Ukraine drones hit St Petersburg gas terminal in Russia","","/r/worldnews/comments/19c4cii/ukraine_drones_hit_st_petersburg_gas_terminal_in/"
"19c4ell","submission","worldnews","1705846842","2024-01-21T14:20:42+00:00","MonetaryPlague","20","4","Donetsk: Deadly blast hits market in Russia-held Ukraine city, officials say","","/r/worldnews/comments/19c4ell/donetsk_deadly_blast_hits_market_in_russiaheld/"
"19c4j8x","submission","worldnews","1705847249","2024-01-21T14:27:29+00:00","SuperSaiyan_God_","2","0","Russia 'Overthrows' Saudi Arabia As China's Leading Oil Supplier; Beijing, Delhi Buy Moscow's Cheap Oil","","/r/worldnews/comments/19c4j8x/russia_overthrows_saudi_arabia_as_chinas_leading/"
"19c4si3","submission","worldnews","1705848027","2024-01-21T14:40:27+00:00","blllrrrrr","21","0","Budanov: North Korea currently Russia's largest arms supplier","","/r/worldnews/comments/19c4si3/budanov_north_korea_currently_russias_largest/"
"19c52k6","submission","worldnews","1705848886","2024-01-21T14:54:46+00:00","Acceptable_Fail2015","1","10","Potential Western Losses Estimated At $288 Billion If Russian Assets Seized, Warns RIA","","/r/worldnews/comments/19c52k6/potential_western_losses_estimated_at_288_billion/"
"19c5ut3","submission","worldnews","1705851081","2024-01-21T15:31:21+00:00","blllrrrrr","3957","547","Zelenskyy downplays need to conscript 500,000 reservists but says mobilization law still critical","","/r/worldnews/comments/19c5ut3/zelenskyy_downplays_need_to_conscript_500000/"
"19c5ycf","submission","worldnews","1705851342","2024-01-21T15:35:42+00:00","Hungry-Collar4580","451","52","North Korea said Sunday that Russian President Vladimir Putin expressed his willingness to visit the North at an unspecified ""early date"" as the countries continue to align in the face of their separate, intensifying confrontations with the United States.","","/r/worldnews/comments/19c5ycf/north_korea_said_sunday_that_russian_president/"
"19c6t7f","submission","geopolitics","1705853625","2024-01-21T16:13:45+00:00","WolfDoc","55","32","Would China consider supplying arms and ammunition to Russia for use in Ukraine by way of North Korea, essentially using North Korea as a cover for their support, or would that not make sense for them to do so?","Would China consider supplying arms and ammunition to Russia for use in Ukraine by way of North Korea, essentially using North Korea as a cover for their support, or would that not make sense for them to do so?","/r/geopolitics/comments/19c6t7f/would_china_consider_supplying_arms_and/"
"19c88pz","submission","geopolitics","1705857312","2024-01-21T17:15:12+00:00","chouettepologne","1","48","Trump wants peace, Putin wants Alaska. Will they agree?","","/r/geopolitics/comments/19c88pz/trump_wants_peace_putin_wants_alaska_will_they/"
"19c8i03","submission","worldnews","1705857970","2024-01-21T17:26:10+00:00","giuliomagnifico","2","0","A Russian private jet carrying 6 people crashed in a remote area of rural Afghanistan but the pilot and some of the others on board survived","","/r/worldnews/comments/19c8i03/a_russian_private_jet_carrying_6_people_crashed/"
"19c8o75","submission","worldnews","1705858407","2024-01-21T17:33:27+00:00","giuliomagnifico","982","19","Russia suspends operations at fuel export terminal after suspected Ukrainian drone attack","","/r/worldnews/comments/19c8o75/russia_suspends_operations_at_fuel_export/"
"19c95y3","submission","worldnews","1705859653","2024-01-21T17:54:13+00:00","syvious","1","0","Gabrielius Landsbergis, Minister of Foreign Affairs - Lithuania : ""We need to change our strategy from “as long as it takes” to “whatever victory takes”. So what would victory take? Let’s compare Poland’s recent procurements to the amount of equipment the world has given Ukraine""","[removed]","/r/worldnews/comments/19c95y3/gabrielius_landsbergis_minister_of_foreign/"
"19c95z1","submission","worldnews","1705859654","2024-01-21T17:54:14+00:00","syvious","1","0","Gabrielius Landsbergis, Minister of Foreign Affairs - Lithuania : ""We need to change our strategy from “as long as it takes” to “whatever victory takes”. So what would victory take? Let’s compare Poland’s recent procurements to the amount of equipment the world has given Ukraine""","","/r/worldnews/comments/19c95z1/gabrielius_landsbergis_minister_of_foreign/"
"19c97zh","submission","worldnews","1705859787","2024-01-21T17:56:27+00:00","Whichwhenwhywhat","905","45","Russia soldiers' wives protest in a challenge to Putin and his war in Ukraine","","/r/worldnews/comments/19c97zh/russia_soldiers_wives_protest_in_a_challenge_to/"
"19c98vo","submission","worldnews","1705859849","2024-01-21T17:57:29+00:00","HorsesMeow","1","0","Russia-Ukraine war: At least 25 killed in shelling at a market in Donetsk; fire at Russian liquefied natural gas producer – as it happened","[removed]","/r/worldnews/comments/19c98vo/russiaukraine_war_at_least_25_killed_in_shelling/"
"19c9q83","submission","worldnews","1705861043","2024-01-21T18:17:23+00:00","Tuck8877","625","48","China defies sanctions to make Russia its biggest oil supplier in 2023","","/r/worldnews/comments/19c9q83/china_defies_sanctions_to_make_russia_its_biggest/"
"19c9x4p","submission","worldnews","1705861522","2024-01-21T18:25:22+00:00","yoqueray","203","7","Russian police crack down on rare protest in remote region – DW","","/r/worldnews/comments/19c9x4p/russian_police_crack_down_on_rare_protest_in/"
"19calfb","submission","worldnews","1705863197","2024-01-21T18:53:17+00:00","BezugssystemCH1903","1","13","Cat dies after being thrown from train in Russia","","/r/worldnews/comments/19calfb/cat_dies_after_being_thrown_from_train_in_russia/"
"19cb4pc","submission","worldnews","1705864525","2024-01-21T19:15:25+00:00","giuliomagnifico","81","62","Europe Must Prepare for War With Russia: Military Expert Warns","","/r/worldnews/comments/19cb4pc/europe_must_prepare_for_war_with_russia_military/"
"19cbms4","submission","worldnews","1705865795","2024-01-21T19:36:35+00:00","EsperaDeus","4213","348","Zelenskyy: We need to think how to hold elections but currently, law forbids it","","/r/worldnews/comments/19cbms4/zelenskyy_we_need_to_think_how_to_hold_elections/"
"19cbr76","submission","worldnews","1705866107","2024-01-21T19:41:47+00:00","EsperaDeus","1","51","Slovak PM: Ukraine must give up territory to end Russian invasion","","/r/worldnews/comments/19cbr76/slovak_pm_ukraine_must_give_up_territory_to_end/"
"19ce64n","submission","worldnews","1705872126","2024-01-21T21:22:06+00:00","eaglemaxie","10101","433","Russia Deploys Silok Jammers To Ground Ukraine’s Drones. Ukraine Hunts Down The Siloks With, You Guessed It, Drones.","","/r/worldnews/comments/19ce64n/russia_deploys_silok_jammers_to_ground_ukraines/"
"19ceecw","submission","worldnews","1705872675","2024-01-21T21:31:15+00:00","m4dseas0n","1","0","Russia's elite paratroopers and marines are refusing orders to launch 'human wave attacks,' Ukraine official says","","/r/worldnews/comments/19ceecw/russias_elite_paratroopers_and_marines_are/"
"19cglrv","submission","geopolitics","1705878243","2024-01-21T23:04:03+00:00","Actual-Coffee-2318","291","272","As a Swede, is there reason to be worried about a Russian invasion within the next 10 years?","Our politicians have recently been telling us to be prepared that a war could come, but does Putin and Russia even have any interest in Sweden at all?
We were never a part of the Soviet Union and we’ve never been Russian territory, and we don’t border Russia either (it’s close though). The UK and other european countries would surely come to Sweden’s aid if Russia attacked I think, which Russia knows as well","/r/geopolitics/comments/19cglrv/as_a_swede_is_there_reason_to_be_worried_about_a/"
"19cgn41","submission","worldnews","1705878340","2024-01-21T23:05:40+00:00","Hfxgoyhz","1","37","Slovak PM Says Ukraine Is Under US Control","","/r/worldnews/comments/19cgn41/slovak_pm_says_ukraine_is_under_us_control/"
"19cgzr3","submission","worldnews","1705879254","2024-01-21T23:20:54+00:00","Geschichtsklitterung","467","37","EU countries start discussing 13th package of sanctions against Russia","","/r/worldnews/comments/19cgzr3/eu_countries_start_discussing_13th_package_of/"
"19ch8gh","submission","worldnews","1705879871","2024-01-21T23:31:11+00:00","Ask4MD","815","55","At least 27 people are reported killed in an attack on Donetsk in Russian-occupied Ukraine","","/r/worldnews/comments/19ch8gh/at_least_27_people_are_reported_killed_in_an/"
"19ciugv","submission","worldnews","1705884399","2024-01-22T00:46:39+00:00","DrRobertFromFrance","247","21","'Say you're sorry': Russia's trend for humiliating videos","","/r/worldnews/comments/19ciugv/say_youre_sorry_russias_trend_for_humiliating/"
"19cj254","submission","geopolitics","1705885027","2024-01-22T00:57:07+00:00","Lordziron123","3","3","I have a question why didn't putin install victor yanukovych as one of the leaders of the DPR and or LPR","Wouldn't make more sense to make victor yanukovych the leader of one of the separatist regions ?","/r/geopolitics/comments/19cj254/i_have_a_question_why_didnt_putin_install_victor/"
"19ckpu6","submission","worldnews","1705889918","2024-01-22T02:18:38+00:00","Zestyclose-Ride-4334","307","48","Words into action: Russia bolsters presence along Syrian border","","/r/worldnews/comments/19ckpu6/words_into_action_russia_bolsters_presence_along/"
"19cmq63","submission","worldnews","1705896143","2024-01-22T04:02:23+00:00","WorldNewsMods","1232","344","/r/WorldNews Live Thread: Russian Invasion of Ukraine Day 698, Part 1 (Thread #844)","","/r/worldnews/comments/19cmq63/rworldnews_live_thread_russian_invasion_of/"
"19cndbd","submission","worldnews","1705898230","2024-01-22T04:37:10+00:00","Carla_DFW","6115","1098","Putin attack on NATO ‘possible’ in 5-8 years: German defense chief","","/r/worldnews/comments/19cndbd/putin_attack_on_nato_possible_in_58_years_german/"
"19cng5j","submission","geopolitics","1705898487","2024-01-22T04:41:27+00:00","Prof_Shamrock","1","7","Putin’s recent” decree” about Alaska has me thinking…","Suppose a wacky future where the US agrees to give Alaska back to Russia, 1.) could the US government even do that, and 2.) what would the process even look like?","/r/geopolitics/comments/19cng5j/putins_recent_decree_about_alaska_has_me_thinking/"
"19coox8","submission","worldnews","1705902682","2024-01-22T05:51:22+00:00","hop208","1","0","Putin stokes tensions with US, declares 1867 sale of Alaska 'illegal'","","/r/worldnews/comments/19coox8/putin_stokes_tensions_with_us_declares_1867_sale/"
"19cpfd5","submission","worldnews","1705905409","2024-01-22T06:36:49+00:00","panzerfan","113","9","Prosecutor Seeks Almost Five Years In Prison For Russian Nationalist Putin Critic Girkin","","/r/worldnews/comments/19cpfd5/prosecutor_seeks_almost_five_years_in_prison_for/"
"19cpx6y","submission","worldnews","1705907380","2024-01-22T07:09:40+00:00","UziKnessett","4281","677","'Holocaust isn’t related to Jews': Russia slams Germany over support of Israel at The Hague","","/r/worldnews/comments/19cpx6y/holocaust_isnt_related_to_jews_russia_slams/"
"19cpyrd","submission","worldnews","1705907563","2024-01-22T07:12:43+00:00","Cheese-Owl","1","0","Putin stokes tensions with US, declares 1867 sale of Alaska 'illegal'","","/r/worldnews/comments/19cpyrd/putin_stokes_tensions_with_us_declares_1867_sale/"
"19cq1st","submission","worldnews","1705907915","2024-01-22T07:18:35+00:00","YesMoreNews","1","0","Putin's Claims 1867 Alaska Purchase 'Illegal' - Is a New Cold War Brewing Over the Arctic?","","/r/worldnews/comments/19cq1st/putins_claims_1867_alaska_purchase_illegal_is_a/"
"19cr3hw","submission","worldnews","1705912421","2024-01-22T08:33:41+00:00","3kOlen","676","32","UK sends UN experts photographs of North Korean shipments to Russia","","/r/worldnews/comments/19cr3hw/uk_sends_un_experts_photographs_of_north_korean/"
"19crqej","submission","worldnews","1705915249","2024-01-22T09:20:49+00:00","Straight_Ad2258","1566","56","France ramps up weapons production for Ukraine and says Russia is scrutinizing the West's mettle","","/r/worldnews/comments/19crqej/france_ramps_up_weapons_production_for_ukraine/"
"19cru0n","submission","worldnews","1705915704","2024-01-22T09:28:24+00:00","Competitive_Count550","1","12","Ukraine shelling of Russian-controlled city of Donetsk kills 27, officials say","","/r/worldnews/comments/19cru0n/ukraine_shelling_of_russiancontrolled_city_of/"
"19ctrn4","submission","worldnews","1705923787","2024-01-22T11:43:07+00:00","HeadCard140","1","0","Russia’s Kremlin says it had no contact with Trump on Ukraine conflict","","/r/worldnews/comments/19ctrn4/russias_kremlin_says_it_had_no_contact_with_trump/"
"19ctv2c","submission","worldnews","1705924138","2024-01-22T11:48:58+00:00","new974517","1971","131","Ukraine’s Dayana Yastremska defeats Belarusian Victoria Azarenka for first Grand Slam quarterfinal: “I'm sure you know how it is for us, for Ukrainians to play against Russians and Belarusian.”","","/r/worldnews/comments/19ctv2c/ukraines_dayana_yastremska_defeats_belarusian/"
"19ctv6y","submission","worldnews","1705924153","2024-01-22T11:49:13+00:00","duckanroll","361","37","Russia: Anyone ‘discrediting’ army or spreading ‘false information’ to face confiscation of assets","","/r/worldnews/comments/19ctv6y/russia_anyone_discrediting_army_or_spreading/"
"19cu0ae","submission","geopolitics","1705924659","2024-01-22T11:57:39+00:00","AlertTangerine","229","64","'Holocaust isn’t related to Jews': Russia slams Germany over support of Israel at The Hague","","/r/geopolitics/comments/19cu0ae/holocaust_isnt_related_to_jews_russia_slams/"
"19cvlq0","submission","worldnews","1705930039","2024-01-22T13:27:19+00:00","m4dseas0n","1","0","Russia's elite paratroopers and marines are refusing orders to launch 'human wave attacks,' Ukraine official says","","/r/worldnews/comments/19cvlq0/russias_elite_paratroopers_and_marines_are/"
"19cw0s9","submission","geopolitics","1705931310","2024-01-22T13:48:30+00:00","cagdas_ucar","1","7","Quantum Computing","I feel like the MAIN reason nations are chasing for Quantum computers is to break RSA and be able to steal rival nation's secrets. Am I wrong? It's a genuine question. I'm not posting this on quantum computing because it's not necessarily a technical question. It's more about the intent of nations. What do you think?","/r/geopolitics/comments/19cw0s9/quantum_computing/"
"19cxsho","submission","worldnews","1705936313","2024-01-22T15:11:53+00:00","HydrolicKrane","1","1","Zelensky turns tables on Putin with Russian territories decree","[removed]","/r/worldnews/comments/19cxsho/zelensky_turns_tables_on_putin_with_russian/"
"19cxwhx","submission","worldnews","1705936625","2024-01-22T15:17:05+00:00","Imgoga","1326","106","Baltics agree on common defence line on Russia, Belarus borders","","/r/worldnews/comments/19cxwhx/baltics_agree_on_common_defence_line_on_russia/"
"19cyay9","submission","worldnews","1705937685","2024-01-22T15:34:45+00:00","Pitiful-Chest9702","114","1","Ukraine Blackjack Hackers Steal 500 Russian MoD's Objects","","/r/worldnews/comments/19cyay9/ukraine_blackjack_hackers_steal_500_russian_mods/"
"19cylt5","submission","worldnews","1705938468","2024-01-22T15:47:48+00:00","whosagoodbi","1","1","Projecting much? Moscow strikes back at Ukraine for 'monstrous act of terrorism' after market, oil terminals attacked","","/r/worldnews/comments/19cylt5/projecting_much_moscow_strikes_back_at_ukraine/"
"19cymuv","submission","worldnews","1705938546","2024-01-22T15:49:06+00:00","bloomberg","875","72","Russia Moves to Seize Assets From Critics of Its War in Ukraine","","/r/worldnews/comments/19cymuv/russia_moves_to_seize_assets_from_critics_of_its/"
"19cyn1w","submission","worldnews","1705938560","2024-01-22T15:49:20+00:00","FanPractical9683","5","0","UK okays essential travel to western Ukraine","","/r/worldnews/comments/19cyn1w/uk_okays_essential_travel_to_western_ukraine/"
"19cz4kf","submission","worldnews","1705939807","2024-01-22T16:10:07+00:00","rustyyryan","1","1","Europe buying Russian oil via India at record rates in 2023 despite Ukraine war","","/r/worldnews/comments/19cz4kf/europe_buying_russian_oil_via_india_at_record/"
"19cz5mb","submission","worldnews","1705939881","2024-01-22T16:11:21+00:00","rustyyryan","1","0","Europe buying Russian oil via India at record rates in 2023 despite Ukraine war","","/r/worldnews/comments/19cz5mb/europe_buying_russian_oil_via_india_at_record/"
"19czx2i","submission","worldnews","1705941796","2024-01-22T16:43:16+00:00","confetas","2165","276","Apple pays $13.7 mln fine to Russia's federal budget","","/r/worldnews/comments/19czx2i/apple_pays_137_mln_fine_to_russias_federal_budget/"
"19d0y26","submission","worldnews","1705944308","2024-01-22T17:25:08+00:00","EuropeanPravdaUA","550","22","UK Ambassador to Ukraine: We are ready for our weapons to help defeat Russia","","/r/worldnews/comments/19d0y26/uk_ambassador_to_ukraine_we_are_ready_for_our/"
"19d18lg","submission","worldnews","1705944997","2024-01-22T17:36:37+00:00","eaglemaxie","631","25","UN panel to grill Russia on fate of thousands of ‘evacuated’ Ukrainian children","","/r/worldnews/comments/19d18lg/un_panel_to_grill_russia_on_fate_of_thousands_of/"
"19d1l3q","submission","worldnews","1705945823","2024-01-22T17:50:23+00:00","yorkiecd","5215","319","Zelensky Publishes Decree on 'Historically' Ukrainian Regions, Russia Furious","","/r/worldnews/comments/19d1l3q/zelensky_publishes_decree_on_historically/"
"19d1mt1","submission","worldnews","1705945931","2024-01-22T17:52:11+00:00","blllrrrrr","66","2","Belgium pledges $665 million in military aid to Ukraine in 2024","","/r/worldnews/comments/19d1mt1/belgium_pledges_665_million_in_military_aid_to/"
"19d1tl5","submission","worldnews","1705946405","2024-01-22T18:00:05+00:00","pride_of_artaxias","26","1","Azerbaijan, Russia sign roadmap on development of key areas of cooperation for the years 2024-2026","","/r/worldnews/comments/19d1tl5/azerbaijan_russia_sign_roadmap_on_development_of/"
"19d2zs8","submission","worldnews","1705949232","2024-01-22T18:47:12+00:00","blllrrrrr","15","1","Russians close 70% of hospitals in TOT of Zaporizhzhia region","","/r/worldnews/comments/19d2zs8/russians_close_70_of_hospitals_in_tot_of/"
"19d317i","submission","worldnews","1705949334","2024-01-22T18:48:54+00:00","2be_0r_not2be","215","17","Zelensky Proposes Changing Ukraine Constitution To Allow Dual Citizenship","","/r/worldnews/comments/19d317i/zelensky_proposes_changing_ukraine_constitution/"
"19d35c9","submission","worldnews","1705949621","2024-01-22T18:53:41+00:00","Pale-Assistance-2905","115","7","Russia hands down criminal charges following rare large protest | Russia-Ukraine war News","","/r/worldnews/comments/19d35c9/russia_hands_down_criminal_charges_following_rare/"
"19d36if","submission","worldnews","1705949705","2024-01-22T18:55:05+00:00","Pale-Assistance-2905","17","16","Russia And Iran Finalize 20-Year Deal That Will Change The Middle East Forever | OilPrice.com","","/r/worldnews/comments/19d36if/russia_and_iran_finalize_20year_deal_that_will/"
"19d390y","submission","worldnews","1705949878","2024-01-22T18:57:58+00:00","scientificamerican","254","18","Missing Russian data is harming Arctic research at a critical time","","/r/worldnews/comments/19d390y/missing_russian_data_is_harming_arctic_research/"
"19d3eqt","submission","worldnews","1705950255","2024-01-22T19:04:15+00:00","2be_0r_not2be","17","4","A century after death of Lenin, he's an afterthought in modern Russia","","/r/worldnews/comments/19d3eqt/a_century_after_death_of_lenin_hes_an/"
"19d3qdu","submission","worldnews","1705951080","2024-01-22T19:18:00+00:00","Majano57","1","0","Russia lays claim to Alaska and huge swathes of Asia as Putin issues new decree","[removed]","/r/worldnews/comments/19d3qdu/russia_lays_claim_to_alaska_and_huge_swathes_of/"
"19d3xdj","submission","worldnews","1705951566","2024-01-22T19:26:06+00:00","CrispyMiner","1","0","Russia lays claim to Alaska and huge swathes of Asia as Vladimir Putin issues new decree","","/r/worldnews/comments/19d3xdj/russia_lays_claim_to_alaska_and_huge_swathes_of/"
"19d4ffe","submission","geopolitics","1705952816","2024-01-22T19:46:56+00:00","kys_ka","1","235","[Ukraine War Context] What are the chances of Russia attacking NATO countries like Poland, Romania or Lithuania in the next 5 - 10 years?","In the last weeks, i saw talks about this in the local (romanian) press, how realistic is this?","/r/geopolitics/comments/19d4ffe/ukraine_war_context_what_are_the_chances_of/"
"19d5fp5","submission","geopolitics","1705955333","2024-01-22T20:28:53+00:00","WeirdInvestigator884","1","59","What do you think the USA would do if Mexico was to join a military alliance with Russia?","","/r/geopolitics/comments/19d5fp5/what_do_you_think_the_usa_would_do_if_mexico_was/"
"19d6h49","submission","geopolitics","1705957854","2024-01-22T21:10:54+00:00","TomStockholm","114","23","Russia And Iran Finalize 20-Year Deal That Will Change The Middle East Forever","","/r/geopolitics/comments/19d6h49/russia_and_iran_finalize_20year_deal_that_will/"
"19d89k3","submission","worldnews","1705962169","2024-01-22T22:22:49+00:00","TheTelegraph","1284","202","Germany considers recruiting foreigners to army in face of Russian menace","","/r/worldnews/comments/19d89k3/germany_considers_recruiting_foreigners_to_army/"
"19d9nkc","submission","worldnews","1705965662","2024-01-22T23:21:02+00:00","Pitiful-Chest9702","58","16","In Ukraine's river war, drones mean nowhere is safe","","/r/worldnews/comments/19d9nkc/in_ukraines_river_war_drones_mean_nowhere_is_safe/"
"19da8u2","submission","geopolitics","1705967200","2024-01-22T23:46:40+00:00","EasternBeyond","1","77","What will be the American response be if say, Russia kills Biden while he is visiting Kyiv (or a president visiting any war zone is killed)","Will it mean an automatic declaration of war? or something else","/r/geopolitics/comments/19da8u2/what_will_be_the_american_response_be_if_say/"
"19darwo","submission","geopolitics","1705968577","2024-01-23T00:09:37+00:00","spyexp","1","1","Are we sending old cold war stock to Ukraine?","I was having an argument as to why we need to support Ukraine and I remember having read we send old cold war stock to Ukraine. I know it's true. But I don't have the source, does anyone know?  


Thank you.","/r/geopolitics/comments/19darwo/are_we_sending_old_cold_war_stock_to_ukraine/"
"19dcnho","submission","worldnews","1705973859","2024-01-23T01:37:39+00:00","Breab1","4800","192","New CIA video appeals to Russians disillusioned with Moscow elite","","/r/worldnews/comments/19dcnho/new_cia_video_appeals_to_russians_disillusioned/"
"19dcpp3","submission","worldnews","1705974036","2024-01-23T01:40:36+00:00","BulkAppeal","1","1","As NATO warns of Russian attack in 20 years, a terrifying prediction of how it will unfold.","","/r/worldnews/comments/19dcpp3/as_nato_warns_of_russian_attack_in_20_years_a/"
"19dcz2k","submission","worldnews","1705974810","2024-01-23T01:53:30+00:00","Professional-Prize41","1882","112","Russians Queue To Register Candidate Opposed To Ukraine Offensive","","/r/worldnews/comments/19dcz2k/russians_queue_to_register_candidate_opposed_to/"
"19dd2kc","submission","geopolitics","1705975100","2024-01-23T01:58:20+00:00","WeirdInvestigator884","1","0","Why not appease Putin the same way we did with Stalin after WW2?","[removed]","/r/geopolitics/comments/19dd2kc/why_not_appease_putin_the_same_way_we_did_with/"
"19dfiwn","submission","worldnews","1705982559","2024-01-23T04:02:39+00:00","WorldNewsMods","1185","477","/r/WorldNews Live Thread: Russian Invasion of Ukraine Day 699, Part 1 (Thread #845)","","/r/worldnews/comments/19dfiwn/rworldnews_live_thread_russian_invasion_of/"
"19dgdsl","submission","worldnews","1705985434","2024-01-23T04:50:34+00:00","handlelamper","3048","307","Zelensky Proposes Ukrainian Citizenship For Foreign Fighters","","/r/worldnews/comments/19dgdsl/zelensky_proposes_ukrainian_citizenship_for/"
"19di19f","submission","worldnews","1705991313","2024-01-23T06:28:33+00:00","yorkiecd","3220","266","Kyiv Missile Attack: Multiple Explosions in Capital as Russia Launches Massive Strike","","/r/worldnews/comments/19di19f/kyiv_missile_attack_multiple_explosions_in/"
"19djsxi","submission","worldnews","1705998647","2024-01-23T08:30:47+00:00","passengerpigeon20","1","0","Russian strike on Kyiv: damage reported in 3 districts, building and vehicles ablaze, unexploded missile in one of the apartments","","/r/worldnews/comments/19djsxi/russian_strike_on_kyiv_damage_reported_in_3/"
"19djyh5","submission","worldnews","1705999336","2024-01-23T08:42:16+00:00","KC_8580","7","1","Gay Chechen man escapes Russia following kidnapping, beatings by strongman's relative","","/r/worldnews/comments/19djyh5/gay_chechen_man_escapes_russia_following/"
"19dk3ds","submission","worldnews","1705999926","2024-01-23T08:52:06+00:00","Prabog","1169","44","Ukraine war: Civilians killed in missile strikes on Kyiv and Kharkiv","","/r/worldnews/comments/19dk3ds/ukraine_war_civilians_killed_in_missile_strikes/"
"19dk3va","submission","worldnews","1705999993","2024-01-23T08:53:13+00:00","BastianMobile","855","55","Russia's Navalny says he is forced to listen to pro-Putin singer every morning","","/r/worldnews/comments/19dk3va/russias_navalny_says_he_is_forced_to_listen_to/"
"19dkfkn","submission","worldnews","1706001391","2024-01-23T09:16:31+00:00","Pravda_UA","7","0","Polish aircraft takes off during Russia's large-scale attack on Ukraine","","/r/worldnews/comments/19dkfkn/polish_aircraft_takes_off_during_russias/"
"19dkim4","submission","worldnews","1706001769","2024-01-23T09:22:49+00:00","CounterNew1196","774","55","Russian Regulator Says Apple Paid $13.6 Million Fine","","/r/worldnews/comments/19dkim4/russian_regulator_says_apple_paid_136_million_fine/"
"19dltsw","submission","worldnews","1706007316","2024-01-23T10:55:16+00:00","duckanroll","601","54","Russia: Nadezhdin’s campaign team surpasses the 100,000 signatures required for candidacy","","/r/worldnews/comments/19dltsw/russia_nadezhdins_campaign_team_surpasses_the/"
"19dlzwx","submission","geopolitics","1706007953","2024-01-23T11:05:53+00:00","Suspicious_Loads","1","91","Why isn't there North Korean voluntolds fighting in Russia?","1. North Korea have a large costly army that don't do much right now. 

2.With nukes NK have deterrence even with less troops to hold off SK invasion. 

3. Russia can pay for it with food, energy or tech.

4. NK can't be sanctioned more by US. 

5. Some experience for NK troops.

6. Russia seems able to handle deserters as they have prison soldiers. Also NK have their families. 

7. Russia already have African mercenaries.","/r/geopolitics/comments/19dlzwx/why_isnt_there_north_korean_voluntolds_fighting/"
"19dm1mk","submission","worldnews","1706008146","2024-01-23T11:09:06+00:00","Stev-svart-88","1647","338","The Pentagon is unable to provide aid to Ukraine, hosts a meeting of 50 allies to support Kyiv","","/r/worldnews/comments/19dm1mk/the_pentagon_is_unable_to_provide_aid_to_ukraine/"
"19dm67j","submission","geopolitics","1706008645","2024-01-23T11:17:25+00:00","AlertTangerine","1","0","State Dept. Spokesperson Reacts To Putin Declaring 'Sale Of Alaska' To The US As ‘Illegitimate’","","/r/geopolitics/comments/19dm67j/state_dept_spokesperson_reacts_to_putin_declaring/"
"19dnijw","submission","geopolitics","1706013580","2024-01-23T12:39:40+00:00","1pizz9","114","96","Russia vs NATO","Taking Nukes out of the equation, if there was a conventional war between Russia and NATO, where is the logic in this from Russia’s perspective? I don’t see how a depleted (more capability than numbers) Russian army could stand a chance against NATO. They haven’t really lived up to the formidable force they were once touted to be, their navy has been underwhelming and believe they don’t offer the same global power as the US, France and UK.","/r/geopolitics/comments/19dnijw/russia_vs_nato/"
"19do0as","submission","worldnews","1706015194","2024-01-23T13:06:34+00:00","BubsyFanboy","781","13","“Nothing more important than supporting Ukraine,” says Polish Prime Minister Tusk on Kyiv visit","","/r/worldnews/comments/19do0as/nothing_more_important_than_supporting_ukraine/"
"19dp8eu","submission","worldnews","1706018935","2024-01-23T14:08:55+00:00","ktchoups","17167","2466","Ukraine is running out of ammo for its US-supplied Howitzers as it tries to fend off massive Russian attacks","","/r/worldnews/comments/19dp8eu/ukraine_is_running_out_of_ammo_for_its_ussupplied/"
"19dpcy6","submission","worldnews","1706019307","2024-01-23T14:15:07+00:00","YaleE360","7","1","Russia's War Has Left a Huge Gap in Climate Research","","/r/worldnews/comments/19dpcy6/russias_war_has_left_a_huge_gap_in_climate/"
"19dqmc8","submission","worldnews","1706022857","2024-01-23T15:14:17+00:00","duckanroll","85","15","Murderer freed from jail to fight in Ukraine returns home after just three months","","/r/worldnews/comments/19dqmc8/murderer_freed_from_jail_to_fight_in_ukraine/"
"19dqqv7","submission","geopolitics","1706023208","2024-01-23T15:20:08+00:00","Live-Engine8561","1","67","Why is it widely accepted that Ukraine is a puppet of USA","Ive red it countless times in comments. And i used to hear it from people back when this war was a hot topic for discussions. 
How exactly is ukraine a puppet?
1) because the US is providing ammunition and weapons thus they rely on them?
2) every action of ukraine is controlled by the US?
3) ukraine is autonomous but their president is controlled by the US ?
4) nothing of that
5) combination","/r/geopolitics/comments/19dqqv7/why_is_it_widely_accepted_that_ukraine_is_a/"
"19dr8mr","submission","worldnews","1706024508","2024-01-23T15:41:48+00:00","blllrrrrr","167","1","Russian marine oil exports hit 2 month low after storms, suspected Ukrainian attack on refinery","","/r/worldnews/comments/19dr8mr/russian_marine_oil_exports_hit_2_month_low_after/"
"19ds7gt","submission","worldnews","1706026990","2024-01-23T16:23:10+00:00","[deleted]","1","0","Nato VS Russia","[deleted]","/r/worldnews/comments/19ds7gt/nato_vs_russia/"
"19ds7vu","submission","worldnews","1706027019","2024-01-23T16:23:39+00:00","Little_One8735","1","8","Can NATO survive another Russian invasion? | Unfiltered Notes","","/r/worldnews/comments/19ds7vu/can_nato_survive_another_russian_invasion/"
"19ds8eq","submission","geopolitics","1706027057","2024-01-23T16:24:17+00:00","thechitosgurila","1","43","Putin revoking sale of Alaska","So I have a few questions about this, first I know he didn't exactly ""revoke"" the sale but he did call it illegitimate which is pretty much the same right?  
1. can he really do that?  
2. isn't this a very dumb move? heating tensions directly with the US while Russia is already barely advancing in Ukraine? 

3. Why? why now? why Alaska? 

4. Is this even real? I have seen it on multiple outlets but I don't even know if this is real news, sounds made up.","/r/geopolitics/comments/19ds8eq/putin_revoking_sale_of_alaska/"
"19dsczg","submission","worldnews","1706027385","2024-01-23T16:29:45+00:00","blllrrrrr","265","12","Russia issued $566,000 in fines in 2023 to TV providers for showing LGBT content","","/r/worldnews/comments/19dsczg/russia_issued_566000_in_fines_in_2023_to_tv/"
"19dse8t","submission","worldnews","1706027467","2024-01-23T16:31:07+00:00","donutloop","676","9","Japan, US agree to maintain sanctions on Russia, support Ukraine","","/r/worldnews/comments/19dse8t/japan_us_agree_to_maintain_sanctions_on_russia/"
"19dsh3m","submission","worldnews","1706027661","2024-01-23T16:34:21+00:00","VictorEmmanuelIV","1418","50","NATO signs twin artillery deals worth $1.2B to replenish allies' stocks, help Ukraine","","/r/worldnews/comments/19dsh3m/nato_signs_twin_artillery_deals_worth_12b_to/"
"19dt1jx","submission","worldnews","1706029084","2024-01-23T16:58:04+00:00","MC_Transparent","237","1","Netherlands arrests 3 in international smuggling in violation of Russia sanctions","","/r/worldnews/comments/19dt1jx/netherlands_arrests_3_in_international_smuggling/"
"19dueep","submission","worldnews","1706032661","2024-01-23T17:57:41+00:00","[deleted]","1","0","Critics of Ukraine war could have property seized under new Russian law | Russia","[deleted]","/r/worldnews/comments/19dueep/critics_of_ukraine_war_could_have_property_seized/"
"19duit6","submission","worldnews","1706032930","2024-01-23T18:02:10+00:00","[deleted]","1","0","State Department responds to Putin on Alaska: ‘Certainly he’s not getting it back’","[removed]","/r/worldnews/comments/19duit6/state_department_responds_to_putin_on_alaska/"
"19dukxl","submission","worldnews","1706033065","2024-01-23T18:04:25+00:00","Melodic2000","168","4","U.S. Ambassador To Russia Visits Whelan In Notorious Penal Colony, Demands His Release","","/r/worldnews/comments/19dukxl/us_ambassador_to_russia_visits_whelan_in/"
"19duzh4","submission","worldnews","1706034029","2024-01-23T18:20:29+00:00","TheDarthSnarf","180","2","3 people arrested in the Netherlands on suspicion of violating EU sanctions with exports to Russia","","/r/worldnews/comments/19duzh4/3_people_arrested_in_the_netherlands_on_suspicion/"
"19dv3yi","submission","worldnews","1706034335","2024-01-23T18:25:35+00:00","Melodic2000","1","1","Gas pipeline is BLOWN UP and disabled children’s care home blitzed by Putin in latest Russian onslaught on Ukraine","","/r/worldnews/comments/19dv3yi/gas_pipeline_is_blown_up_and_disabled_childrens/"
"19dvbp3","submission","worldnews","1706034854","2024-01-23T18:34:14+00:00","M795","2","0","State Department responds to Putin on Alaska: ‘Certainly he’s not getting it back’","","/r/worldnews/comments/19dvbp3/state_department_responds_to_putin_on_alaska/"
"19dve0a","submission","worldnews","1706035010","2024-01-23T18:36:50+00:00","Ask4MD","5815","1189","Russian Army Gains Ground on Multiple Axes, Kyiv Claims Punishing Losses Inflicted","","/r/worldnews/comments/19dve0a/russian_army_gains_ground_on_multiple_axes_kyiv/"
"19dwesk","submission","worldnews","1706037541","2024-01-23T19:19:01+00:00","TheTelegraph","13089","1406","We are running out of time to build defences against Russia, warns Norway's commander in chief","","/r/worldnews/comments/19dwesk/we_are_running_out_of_time_to_build_defences/"
"19dxd5u","submission","worldnews","1706039893","2024-01-23T19:58:13+00:00","coindoing","1","0","Russian missiles strike Ukrainian cities, killing at least 5, Ukraine says","","/r/worldnews/comments/19dxd5u/russian_missiles_strike_ukrainian_cities_killing/"
"19dxr54","submission","worldnews","1706040862","2024-01-23T20:14:22+00:00","M795","3754","229","Kyiv rejects calls to cede land to Russia by Slovakia’s populist leader ahead of high-level meeting","","/r/worldnews/comments/19dxr54/kyiv_rejects_calls_to_cede_land_to_russia_by/"
"19dxrly","submission","worldnews","1706040897","2024-01-23T20:14:57+00:00","M795","1","5","Russia’s relentless ‘meat assaults’ are wearing down outmanned and outgunned Ukrainian forces","","/r/worldnews/comments/19dxrly/russias_relentless_meat_assaults_are_wearing_down/"
"19dy5qz","submission","worldnews","1706041882","2024-01-23T20:31:22+00:00","DanishHawk","1","0","Houthis Protect Chinese and Russian Shipping, Target Global Shipping","","/r/worldnews/comments/19dy5qz/houthis_protect_chinese_and_russian_shipping/"
"19dyshv","submission","worldnews","1706043466","2024-01-23T20:57:46+00:00","Ok-Impress-4978","1","0","Hello! How do you think is it fair that Netflix blocked itself in Russia?","","/r/worldnews/comments/19dyshv/hello_how_do_you_think_is_it_fair_that_netflix/"
"19dzsz2","submission","worldnews","1706045954","2024-01-23T21:39:14+00:00","TeaLoverUA","2312","110","Germany to provide Ukraine with military helicopters for the first time","","/r/worldnews/comments/19dzsz2/germany_to_provide_ukraine_with_military/"
"19e12e5","submission","worldnews","1706049065","2024-01-23T22:31:05+00:00","DoremusJessup","1636","138","Russia uses new tactic to bomb Ukraine and overcome its air defenses","","/r/worldnews/comments/19e12e5/russia_uses_new_tactic_to_bomb_ukraine_and/"
"19e1ena","submission","worldnews","1706049918","2024-01-23T22:45:18+00:00","thach_khmer","1","20","Klitschko says Ukraine is turning authoritarian as conflict with Zelensky persists","","/r/worldnews/comments/19e1ena/klitschko_says_ukraine_is_turning_authoritarian/"
"19e2dsq","submission","worldnews","1706052464","2024-01-23T23:27:44+00:00","OfF3nSiV3","1","1","'Secretive' Russian EW System Could Be Behind NATO GPS Jamming","","/r/worldnews/comments/19e2dsq/secretive_russian_ew_system_could_be_behind_nato/"
"19e3o16","submission","worldnews","1706055932","2024-01-24T00:25:32+00:00","gym_fun","1","0","State Department responds to Putin on Alaska: ‘Certainly he’s not getting it back’","[removed]","/r/worldnews/comments/19e3o16/state_department_responds_to_putin_on_alaska/"
"19e3pcw","submission","worldnews","1706056037","2024-01-24T00:27:17+00:00","gym_fun","340","30","Russia probing for Ukraine weaknesses as US funding stalls","","/r/worldnews/comments/19e3pcw/russia_probing_for_ukraine_weaknesses_as_us/"
"19e4pqb","submission","worldnews","1706058913","2024-01-24T01:15:13+00:00","eaglemaxie","1991","81","CIA continues online campaign to recruit Russian spies, citing successes","","/r/worldnews/comments/19e4pqb/cia_continues_online_campaign_to_recruit_russian/"
"19e5tti","submission","worldnews","1706062124","2024-01-24T02:08:44+00:00","olaWealth89","13","9","Top NATO military officer urges allies and leaders to plan for the unexpected in Ukraine","","/r/worldnews/comments/19e5tti/top_nato_military_officer_urges_allies_and/"
"19e7hpq","submission","geopolitics","1706066974","2024-01-24T03:29:34+00:00","edditbot","1","32","What would happen if Ukraine took Kalingrad and the EU turned a blind eye?","Let’s say Ukraine decided to invade Kalingrad through Poland, what could Russia do about it? Would it not be the same as Russia invading Ukraine through Belarus?","/r/geopolitics/comments/19e7hpq/what_would_happen_if_ukraine_took_kalingrad_and/"
"19e7pix","submission","worldnews","1706067639","2024-01-24T03:40:39+00:00","ubcstaffer123","953","40","Russia Denies Deporting Ukrainian Children But Admits Hundreds Of Thousands Are On Its Territory","","/r/worldnews/comments/19e7pix/russia_denies_deporting_ukrainian_children_but/"
"19e849q","submission","worldnews","1706068949","2024-01-24T04:02:29+00:00","WorldNewsMods","1202","617","/r/WorldNews Live Thread: Russian Invasion of Ukraine Day 700, Part 1 (Thread #846)","","/r/worldnews/comments/19e849q/rworldnews_live_thread_russian_invasion_of/"
"19e9zel","submission","geopolitics","1706075224","2024-01-24T05:47:04+00:00","Rethious","1","2","Ukraine and the Lessons of Blitzkrieg","","/r/geopolitics/comments/19e9zel/ukraine_and_the_lessons_of_blitzkrieg/"
"19ea1jf","submission","geopolitics","1706075432","2024-01-24T05:50:32+00:00","Rethious","2","14","Ukraine and the Lessons of Blitzkrieg","","/r/geopolitics/comments/19ea1jf/ukraine_and_the_lessons_of_blitzkrieg/"
"19eaeaq","submission","worldnews","1706076706","2024-01-24T06:11:46+00:00","donutloop","272","30","Germany to send Ukraine six 'Sea King' helicopters for air defence","","/r/worldnews/comments/19eaeaq/germany_to_send_ukraine_six_sea_king_helicopters/"
"19ec09l","submission","worldnews","1706083117","2024-01-24T07:58:37+00:00","Even_Jellyfish_214","1","0","France 'Overshadows' Russia As India's Most Trusted Defense Partner; Overtakes UK As 'Most Invited' Nation To Republic Day","","/r/worldnews/comments/19ec09l/france_overshadows_russia_as_indias_most_trusted/"
"19ed9na","submission","worldnews","1706088648","2024-01-24T09:30:48+00:00","ConsciousStop","5369","422","Russia military jet crashes in region near Ukraine","","/r/worldnews/comments/19ed9na/russia_military_jet_crashes_in_region_near_ukraine/"
"19ed9tt","submission","worldnews","1706088669","2024-01-24T09:31:09+00:00","Hesh707","6","0","Russia military jet crashes in region near Ukraine","","/r/worldnews/comments/19ed9tt/russia_military_jet_crashes_in_region_near_ukraine/"
"19edcy2","submission","worldnews","1706089043","2024-01-24T09:37:23+00:00","bloomberg","2649","214","Russian Military Plane With 74 on Board Crashes Near Ukraine","","/r/worldnews/comments/19edcy2/russian_military_plane_with_74_on_board_crashes/"
"19edhzz","submission","worldnews","1706089678","2024-01-24T09:47:58+00:00","ExactlySorta","2","4","Russian transport plane crashes near Ukraine with 65 Ukrainian POWs on board","","/r/worldnews/comments/19edhzz/russian_transport_plane_crashes_near_ukraine_with/"
"19edjs5","submission","worldnews","1706089901","2024-01-24T09:51:41+00:00","Thin-Commission8877","26","9","Russian military plane carrying 74 people crashes in Belgorod region - state media | CNN","","/r/worldnews/comments/19edjs5/russian_military_plane_carrying_74_people_crashes/"
"19edmvm","submission","worldnews","1706090292","2024-01-24T09:58:12+00:00","yorkiecd","15","4","Russian Military Il-76 Aircraft Crashes in Belgorod Region","","/r/worldnews/comments/19edmvm/russian_military_il76_aircraft_crashes_in/"
"19edrxe","submission","worldnews","1706090901","2024-01-24T10:08:21+00:00","duckanroll","1","3","Russian plane allegedly carrying Ukrainian POWs for exchange crashes in Belgorod region","","/r/worldnews/comments/19edrxe/russian_plane_allegedly_carrying_ukrainian_pows/"
"19eds1g","submission","geopolitics","1706090917","2024-01-24T10:08:37+00:00","Seakrane","1","0","Ukraine has just shot down a Russian Il-76","[removed]","/r/geopolitics/comments/19eds1g/ukraine_has_just_shot_down_a_russian_il76/"
"19ee8xo","submission","worldnews","1706092896","2024-01-24T10:41:36+00:00","PurpleTrench1","1","1","Russia-Ukraine War: List of Key Events, Day 700 r/Flummare","","/r/worldnews/comments/19ee8xo/russiaukraine_war_list_of_key_events_day_700/"
"19ee8yw","submission","worldnews","1706092899","2024-01-24T10:41:39+00:00","isuther","1","46","Russian plane carrying 65 Ukrainian PoWs has crashed, Moscow says","","/r/worldnews/comments/19ee8yw/russian_plane_carrying_65_ukrainian_pows_has/"
"19eevew","submission","worldnews","1706095317","2024-01-24T11:21:57+00:00","WhoIsJolyonWest","57","3","Russian is sanctioned over the hacking release of Australian health insurer client data","","/r/worldnews/comments/19eevew/russian_is_sanctioned_over_the_hacking_release_of/"
"19efdbw","submission","worldnews","1706097201","2024-01-24T11:53:21+00:00","ClayThun","2","0","High altitude Bombing devastates again northern Kharkiv as Russia revenges for Ukraines attacks","","/r/worldnews/comments/19efdbw/high_altitude_bombing_devastates_again_northern/"
"19efguk","submission","worldnews","1706097555","2024-01-24T11:59:15+00:00","D3-Doom","7","0","Russian military transport plane crashes near Ukraine","","/r/worldnews/comments/19efguk/russian_military_transport_plane_crashes_near/"
"19efqho","submission","worldnews","1706098483","2024-01-24T12:14:43+00:00","Lysychka-","4","3","A plane that Russia says was carrying 65 Ukrainian POWs crashed. An official says all aboard died","","/r/worldnews/comments/19efqho/a_plane_that_russia_says_was_carrying_65/"
"19eg7f8","submission","worldnews","1706100110","2024-01-24T12:41:50+00:00","Ixz72","1","0","A plane that Russia says was carrying 65 Ukrainian POWs crashed. An official says all aboard died","","/r/worldnews/comments/19eg7f8/a_plane_that_russia_says_was_carrying_65/"
"19egyjr","submission","worldnews","1706102502","2024-01-24T13:21:42+00:00","Qwr631","1","39","Russia accuses Ukraine of killing 65 of its own POWs by shooting down plane","","/r/worldnews/comments/19egyjr/russia_accuses_ukraine_of_killing_65_of_its_own/"
"19eh1uk","submission","worldnews","1706102784","2024-01-24T13:26:24+00:00","Adpadierk","1","0","Australia formally rejects request from Ukraine for troubled MRH-90 Taipan helicopter fleet","","/r/worldnews/comments/19eh1uk/australia_formally_rejects_request_from_ukraine/"
"19eh3ra","submission","worldnews","1706102955","2024-01-24T13:29:15+00:00","EsperaDeus","120","7","Ukraine's and Slovakia's PMs sign joint statement emphasising trust and respect","","/r/worldnews/comments/19eh3ra/ukraines_and_slovakias_pms_sign_joint_statement/"
"19ehcik","submission","geopolitics","1706103689","2024-01-24T13:41:29+00:00","Royal-Inflation7234","1","0","What If trump gets re-elected , cuts off Ammo and support to Ukraine and sells Alaska to Putin declaring america is making up for bidens economy.","[removed]","/r/geopolitics/comments/19ehcik/what_if_trump_gets_reelected_cuts_off_ammo_and/"
"19eicj7","submission","worldnews","1706106523","2024-01-24T14:28:43+00:00","new974517","2517","43","“Supplying weapons to Ukraine is now not just our policy, but our duty.” Interview with UK Ambassador Martin Harris","","/r/worldnews/comments/19eicj7/supplying_weapons_to_ukraine_is_now_not_just_our/"
"19eimcd","submission","geopolitics","1706107290","2024-01-24T14:41:30+00:00","cashthegoa","5","8","Is a war with the UK and Russia realistic or is it just scaremongering","The past few weeks there has been a lot of stuff being said about Russia attacking nato and now the UK army general said citizens will be called up if anytbing happened. Is there a genuine realistic chance that happens or is it all scaremongering?","/r/geopolitics/comments/19eimcd/is_a_war_with_the_uk_and_russia_realistic_or_is/"
"19einbb","submission","worldnews","1706107364","2024-01-24T14:42:44+00:00","blllrrrrr","636","9","Israel’s UN envoy swats back at Russia, pointing to Iranian drones in Ukraine","","/r/worldnews/comments/19einbb/israels_un_envoy_swats_back_at_russia_pointing_to/"
"19ej2xw","submission","geopolitics","1706108545","2024-01-24T15:02:25+00:00","anacondaforthewin","1","0","Recently there have been many news regarding a possible war between Russia and NATO. I think that people should keep in mind that the function of the media is not to tell the truth but to shape public opinion and political decision making","[removed]","/r/geopolitics/comments/19ej2xw/recently_there_have_been_many_news_regarding_a/"
"19ej6bf","submission","geopolitics","1706108783","2024-01-24T15:06:23+00:00","anacondaforthewin","1","0","Manufacturing consent in the context of Russia-Europe","[removed]","/r/geopolitics/comments/19ej6bf/manufacturing_consent_in_the_context_of/"
"19ejog6","submission","worldnews","1706110126","2024-01-24T15:28:46+00:00","ConsciousStop","1","8","Russian jet crashes carrying Ukrainian PoWs - Moscow","","/r/worldnews/comments/19ejog6/russian_jet_crashes_carrying_ukrainian_pows_moscow/"
"19ejwd1","submission","worldnews","1706110690","2024-01-24T15:38:10+00:00","Jumpy-General-3859","209","16","""A Person Was Torn Apart."" At Least 8 Killed, 57 Injured in Russian Missile Strike on Kharkiv","","/r/worldnews/comments/19ejwd1/a_person_was_torn_apart_at_least_8_killed_57/"
"19ekkmd","submission","worldnews","1706112425","2024-01-24T16:07:05+00:00","karoelchi","1","20","Russian jet crashes carrying Ukrainian PoWs - Moscow - BBC News","","/r/worldnews/comments/19ekkmd/russian_jet_crashes_carrying_ukrainian_pows/"
"19el45o","submission","worldnews","1706113819","2024-01-24T16:30:19+00:00","twotwo_twentytwo","35","1","US Senate panel steps toward seizing Russian assets to help Ukraine","","/r/worldnews/comments/19el45o/us_senate_panel_steps_toward_seizing_russian/"
"19el6vn","submission","worldnews","1706114011","2024-01-24T16:33:31+00:00","K-88","1","0","Russia accuses Kyiv of downing a military transport plane, killing all 74 aboard, including POWs","","/r/worldnews/comments/19el6vn/russia_accuses_kyiv_of_downing_a_military/"
"19elaiq","submission","worldnews","1706114265","2024-01-24T16:37:45+00:00","4920185","1","0","US laughs off reports of Putin eyeing Alaska as Russia's 'former real estate': 'Not getting it back'","","/r/worldnews/comments/19elaiq/us_laughs_off_reports_of_putin_eyeing_alaska_as/"
"19elrxg","submission","worldnews","1706115480","2024-01-24T16:58:00+00:00","Jumpy-General-3859","9","0","Ministry of Education: Every Seventh School in Ukraine is Destroyed Because of Russian Aggression","","/r/worldnews/comments/19elrxg/ministry_of_education_every_seventh_school_in/"
"19elvkw","submission","worldnews","1706115726","2024-01-24T17:02:06+00:00","TestFlyJets","45","3","Russian transport jet crashes near Ukrainian border, killing all aboard","","/r/worldnews/comments/19elvkw/russian_transport_jet_crashes_near_ukrainian/"
"19em14y","submission","worldnews","1706116112","2024-01-24T17:08:32+00:00","Jumpy-General-3859","30","0","Ministry of Education: Every Seventh School in Ukraine is Damaged or Destroyed Because of Russian Aggression","","/r/worldnews/comments/19em14y/ministry_of_education_every_seventh_school_in/"
"19em318","submission","worldnews","1706116240","2024-01-24T17:10:40+00:00","4920185","1","0","US laughs off reports of Putin eyeing Alaska as Russia's 'former real estate': 'Not getting it back'","","/r/worldnews/comments/19em318/us_laughs_off_reports_of_putin_eyeing_alaska_as/"
"19emanq","submission","worldnews","1706116765","2024-01-24T17:19:25+00:00","[deleted]","1","0","US laughs off reports of Putin eyeing Alaska as Russia's 'former real estate': 'Not getting it back'","[removed]","/r/worldnews/comments/19emanq/us_laughs_off_reports_of_putin_eyeing_alaska_as/"
"19emdjo","submission","worldnews","1706116959","2024-01-24T17:22:39+00:00","Poopywoopypants","1","0","Cats of war: Ukraine enlists feline friends in fight against Russia","","/r/worldnews/comments/19emdjo/cats_of_war_ukraine_enlists_feline_friends_in/"
"19emnxe","submission","worldnews","1706117757","2024-01-24T17:35:57+00:00","newnemo","118","17","Putin meets Chad junta leader as Russia competes with France in Africa","","/r/worldnews/comments/19emnxe/putin_meets_chad_junta_leader_as_russia_competes/"
"19emynx","submission","worldnews","1706119960","2024-01-24T18:12:40+00:00","Ask4MD","1264","39","The UN refugee chief says that he's worried that the war in Ukraine is being forgotten","","/r/worldnews/comments/19emynx/the_un_refugee_chief_says_that_hes_worried_that/"
"19emzg0","submission","worldnews","1706120014","2024-01-24T18:13:34+00:00","blllrrrrr","7089","479","Ukraine says it was not informed about need to ensure safety of airspace before plane crash in Belgorod Oblast","","/r/worldnews/comments/19emzg0/ukraine_says_it_was_not_informed_about_need_to/"
"19enbn9","submission","worldnews","1706120794","2024-01-24T18:26:34+00:00","EsperaDeus","60","4","Ukraine's General Staff issues statement regarding Il-76 crash","","/r/worldnews/comments/19enbn9/ukraines_general_staff_issues_statement_regarding/"
"19enfzu","submission","worldnews","1706121067","2024-01-24T18:31:07+00:00","4920185","1","0","U.S. State Department Responds to Putin Declaring Sale of Alaska to U.S. as ""Illegitimate""","[removed]","/r/worldnews/comments/19enfzu/us_state_department_responds_to_putin_declaring/"
"19enim8","submission","worldnews","1706121237","2024-01-24T18:33:57+00:00","4920185","1","31","Russian says crashed military jet with 65 Ukrainian POWs was shot down: What we know","","/r/worldnews/comments/19enim8/russian_says_crashed_military_jet_with_65/"
"19enpe1","submission","worldnews","1706121680","2024-01-24T18:41:20+00:00","daveuk338","1","1","Britons face call-up to fight in the armed forces if UK goes to war with Russia, top army chief warns","","/r/worldnews/comments/19enpe1/britons_face_callup_to_fight_in_the_armed_forces/"
"19enqbm","submission","worldnews","1706121740","2024-01-24T18:42:20+00:00","daveuk338","1","1","Britons 'face call-up if we go to war with Russia': Head of the Army will tell ministers troops numbers are so low he would need 'to find more people' if Putin's war in Ukraine escalated and public's 'mindset' must change so they are ready","","/r/worldnews/comments/19enqbm/britons_face_callup_if_we_go_to_war_with_russia/"
"19enr6j","submission","worldnews","1706121798","2024-01-24T18:43:18+00:00","Thalesian","26","1","US Senate panel backs 'big hammer' plan to seize Russian assets to help Ukraine","","/r/worldnews/comments/19enr6j/us_senate_panel_backs_big_hammer_plan_to_seize/"
"19enspo","submission","worldnews","1706121898","2024-01-24T18:44:58+00:00","4920185","4160","326","Canada sending more equipment to Ukraine as full-scale war with Russia nears 2-year mark | CBC News","","/r/worldnews/comments/19enspo/canada_sending_more_equipment_to_ukraine_as/"
"19enxag","submission","worldnews","1706122198","2024-01-24T18:49:58+00:00","4920185","1","1","Russian lawmakers approve bill to seize property from army critics","[removed]","/r/worldnews/comments/19enxag/russian_lawmakers_approve_bill_to_seize_property/"
"19enyhg","submission","worldnews","1706122273","2024-01-24T18:51:13+00:00","4920185","1","1","Russian lawmakers approve bill to seize property from army critics","","/r/worldnews/comments/19enyhg/russian_lawmakers_approve_bill_to_seize_property/"
"19eo78p","submission","worldnews","1706122839","2024-01-24T19:00:39+00:00","4920185","153","8","'Rare Moment of Unity': Russian Diaspora Collects Signatures for Pro-Peace Presidential Hopeful - The Moscow Times","","/r/worldnews/comments/19eo78p/rare_moment_of_unity_russian_diaspora_collects/"
"19eobzq","submission","geopolitics","1706123142","2024-01-24T19:05:42+00:00","Yelesa","179","78","Russian says crashed military jet with 65 Ukrainian POWs was shot down: What we know","","/r/geopolitics/comments/19eobzq/russian_says_crashed_military_jet_with_65/"
"19ep1lh","submission","worldnews","1706124871","2024-01-24T19:34:31+00:00","m4dseas0n","1481","21","Belgian Defence to provide 611 million euros in military aid for Ukraine this year. The money comes from interest on frozen Russian assets.","","/r/worldnews/comments/19ep1lh/belgian_defence_to_provide_611_million_euros_in/"
"19epvf2","submission","worldnews","1706126872","2024-01-24T20:07:52+00:00","UNITED24Media","10","4","British public should be ready to fight Putin, UK army chief says","","/r/worldnews/comments/19epvf2/british_public_should_be_ready_to_fight_putin_uk/"
"19eq237","submission","worldnews","1706127320","2024-01-24T20:15:20+00:00","ubcstaffer123","1333","176","Russia’s Putin to visit North Korea soon, state media says","","/r/worldnews/comments/19eq237/russias_putin_to_visit_north_korea_soon_state/"
"19eqr3i","submission","worldnews","1706129037","2024-01-24T20:43:57+00:00","Scherbler","2","24","Russia seeks emergency UN Security Council session on plane crash","","/r/worldnews/comments/19eqr3i/russia_seeks_emergency_un_security_council/"
"19erity","submission","worldnews","1706130913","2024-01-24T21:15:13+00:00","EsperaDeus","1","1","Russia-Ukraine war live: Zelensky cancels trip after Russian plane crash kills Ukrainian prisoners","","/r/worldnews/comments/19erity/russiaukraine_war_live_zelensky_cancels_trip/"
"19erjp3","submission","worldnews","1706130972","2024-01-24T21:16:12+00:00","EsperaDeus","6","28","Zelensky cancels trip after Russian plane crash kills Ukrainian prisoners","","/r/worldnews/comments/19erjp3/zelensky_cancels_trip_after_russian_plane_crash/"
"19ersvl","submission","worldnews","1706131612","2024-01-24T21:26:52+00:00","Pitiful-Chest9702","1","0","Ukraine’s Monobank DDoS Attack Hits ‘Non Stop’ and Cripples Bank’s Operations","","/r/worldnews/comments/19ersvl/ukraines_monobank_ddos_attack_hits_non_stop_and/"
"19esz3e","submission","geopolitics","1706134485","2024-01-24T22:14:45+00:00","Rethious","1","1","The Cold-Blooded Case for American Support for Ukraine","[removed]","/r/geopolitics/comments/19esz3e/the_coldblooded_case_for_american_support_for/"
"19eu727","submission","worldnews","1706137532","2024-01-24T23:05:32+00:00","Bernie_Ecclestoned","82","13","Russia risked lives in downed plane, Volodymyr Zelensky says - BBC News","","/r/worldnews/comments/19eu727/russia_risked_lives_in_downed_plane_volodymyr/"
"19ev6an","submission","worldnews","1706140054","2024-01-24T23:47:34+00:00","4920185","1","0","Russia accuses Kyiv of downing military jet, killing 65 Ukrainian POWs","","/r/worldnews/comments/19ev6an/russia_accuses_kyiv_of_downing_military_jet/"
"19evaeh","submission","worldnews","1706140352","2024-01-24T23:52:32+00:00","4920185","1","0","Russia’s Huge Losses in Ukraine Prompt Rethink On Nuclear Weapons, Report Warns","","/r/worldnews/comments/19evaeh/russias_huge_losses_in_ukraine_prompt_rethink_on/"
"19evf9k","submission","worldnews","1706140710","2024-01-24T23:58:30+00:00","4920185","1","0","Was downed Russian military plane carrying missiles or soon-to-be released Ukrainian PoWs?","","/r/worldnews/comments/19evf9k/was_downed_russian_military_plane_carrying/"
"19evlk7","submission","worldnews","1706141157","2024-01-25T00:05:57+00:00","4920185","4922","872","Russia Eyes Nuclear Deterrent After Military Losses in Ukraine, Report Warns","","/r/worldnews/comments/19evlk7/russia_eyes_nuclear_deterrent_after_military/"
"19ewr7u","submission","worldnews","1706144384","2024-01-25T00:59:44+00:00","4920185","2295","155","After Putin vowed ‘problems,’ Russia ends cross-border deal with Finland","","/r/worldnews/comments/19ewr7u/after_putin_vowed_problems_russia_ends/"
"19eyefw","submission","worldnews","1706149141","2024-01-25T02:19:01+00:00","Duchess430","1368","363","Russia's top diplomat accuses US, South Korea and Japan of preparing for war with North Korea","","/r/worldnews/comments/19eyefw/russias_top_diplomat_accuses_us_south_korea_and/"
"19f0ffq","submission","worldnews","1706155357","2024-01-25T04:02:37+00:00","WorldNewsMods","1163","514","/r/WorldNews Live Thread: Russian Invasion of Ukraine Day 701, Part 1 (Thread #847)","","/r/worldnews/comments/19f0ffq/rworldnews_live_thread_russian_invasion_of/"
"19f0v11","submission","worldnews","1706156771","2024-01-25T04:26:11+00:00","NG06","371","26","The CIA is posting videos to persuade Russians to betray their leaders — and says it's working","","/r/worldnews/comments/19f0v11/the_cia_is_posting_videos_to_persuade_russians_to/"
"19f1kgg","submission","worldnews","1706159124","2024-01-25T05:05:24+00:00","EsperaDeus","2741","242","Zelenskyy on the downing of Il-76: Ukraine will insist on an international investigation","","/r/worldnews/comments/19f1kgg/zelenskyy_on_the_downing_of_il76_ukraine_will/"
"19f2ns5","submission","worldnews","1706162961","2024-01-25T06:09:21+00:00","Silly-avocatoe","24","20","Russia urgently convenes UN Security Council after IL-76 crash","","/r/worldnews/comments/19f2ns5/russia_urgently_convenes_un_security_council/"
"19f2rrr","submission","worldnews","1706163372","2024-01-25T06:16:12+00:00","handlelamper","184","16","Ukraine struggles to ramp up mobilization as Russia's war enters 3rd year","","/r/worldnews/comments/19f2rrr/ukraine_struggles_to_ramp_up_mobilization_as/"
"19f2une","submission","worldnews","1706163661","2024-01-25T06:21:01+00:00","donutloop","121","8","UK offers cruise-missile swap to Germany to aid Ukraine -Handelsblatt","","/r/worldnews/comments/19f2une/uk_offers_cruisemissile_swap_to_germany_to_aid/"
"19f2uva","submission","worldnews","1706163682","2024-01-25T06:21:22+00:00","CrispyMiner","1","0","US Laughs Off Putin Alaska Reports: 'He's Not Getting It Back'","[removed]","/r/worldnews/comments/19f2uva/us_laughs_off_putin_alaska_reports_hes_not/"
"19f5l7l","submission","worldnews","1706175211","2024-01-25T09:33:31+00:00","duckanroll","38","0","At least 10 injured in Russian drone strikes on southern and eastern Ukraine overnight","","/r/worldnews/comments/19f5l7l/at_least_10_injured_in_russian_drone_strikes_on/"
"19f620j","submission","worldnews","1706177306","2024-01-25T10:08:26+00:00","Silly-avocatoe","5403","281","Bellingcat’s investigator uncovers special Russian kill team sabotage plots across Europe","","/r/worldnews/comments/19f620j/bellingcats_investigator_uncovers_special_russian/"
"19f67d5","submission","worldnews","1706177946","2024-01-25T10:19:06+00:00","IWasWearingEyeliner","6595","1621","NATO Has Been Underestimating Russia’s War Machine, Estonia Says","","/r/worldnews/comments/19f67d5/nato_has_been_underestimating_russias_war_machine/"
"19f6999","submission","worldnews","1706178166","2024-01-25T10:22:46+00:00","yorkiecd","62","1","Ukraine’s Largest Gas and Oil Company Under Cyberattack","","/r/worldnews/comments/19f6999/ukraines_largest_gas_and_oil_company_under/"
"19f6ebo","submission","worldnews","1706178762","2024-01-25T10:32:42+00:00","Pristine-Lake-2673","100","13","Ukraine's Nuclear Future: 4 New Reactors Announced for Construction","","/r/worldnews/comments/19f6ebo/ukraines_nuclear_future_4_new_reactors_announced/"
"19f71qd","submission","worldnews","1706181381","2024-01-25T11:16:21+00:00","Standard-Jackfruit17","1","0","Situation in frontlines of Ukraine based on latest satellite images and some background information","","/r/worldnews/comments/19f71qd/situation_in_frontlines_of_ukraine_based_on/"
"19f77j0","submission","worldnews","1706182020","2024-01-25T11:27:00+00:00","GeneReddit123","181","12","Russian military blogger Igor Girkin sentenced to four years in prison on extremism charges","","/r/worldnews/comments/19f77j0/russian_military_blogger_igor_girkin_sentenced_to/"
"19f77ob","submission","worldnews","1706182036","2024-01-25T11:27:16+00:00","HelloSlowly","623","36","EU says they received “signal” that Hungary’s Orbán won’t veto aid for Ukraine","","/r/worldnews/comments/19f77ob/eu_says_they_received_signal_that_hungarys_orbán/"
"19f7flk","submission","worldnews","1706182890","2024-01-25T11:41:30+00:00","vamosrafaaaaa","1064","59","Ukrainian drones hit Rosneft refinery in Russia - source","","/r/worldnews/comments/19f7flk/ukrainian_drones_hit_rosneft_refinery_in_russia/"
"19f7jof","submission","worldnews","1706183320","2024-01-25T11:48:40+00:00","passengerpigeon20","3227","286","Russian forces employing new poison gas grenades, says armament research centre","","/r/worldnews/comments/19f7jof/russian_forces_employing_new_poison_gas_grenades/"
"19f82na","submission","worldnews","1706185223","2024-01-25T12:20:23+00:00","new974517","20","2","​russia Strikes Ukraine With Defective Kh-47 Kinzhal Missiles, They Do Not Explode","","/r/worldnews/comments/19f82na/russia_strikes_ukraine_with_defective_kh47/"
"19f85sp","submission","worldnews","1706185523","2024-01-25T12:25:23+00:00","Jumpy-General-3859","66","2","Russians Injured 11 Children and Killed One in Kharkiv Region Over the Week","","/r/worldnews/comments/19f85sp/russians_injured_11_children_and_killed_one_in/"
"19f8ilm","submission","worldnews","1706186733","2024-01-25T12:45:33+00:00","ExactlySorta","2","0","Russian courts jail a Putin critic and a woman convicted of a blast that killed a pro-war blogger","","/r/worldnews/comments/19f8ilm/russian_courts_jail_a_putin_critic_and_a_woman/"
"19f8uqq","submission","worldnews","1706187820","2024-01-25T13:03:40+00:00","EsperaDeus","466","17","FSB forbade VIPs to board Il-76 yesterday; only 5 bodies delivered to Belgorod's morgue – Ukraine's intelligence","","/r/worldnews/comments/19f8uqq/fsb_forbade_vips_to_board_il76_yesterday_only_5/"
"19f98x1","submission","worldnews","1706189052","2024-01-25T13:24:12+00:00","Thin-Commission8877","2223","122","Russian woman sentenced to 27 years over explosion that killed ultranationalist military blogger | CNN","","/r/worldnews/comments/19f98x1/russian_woman_sentenced_to_27_years_over/"
"19f9b1j","submission","worldnews","1706189231","2024-01-25T13:27:11+00:00","miolmok","102","4","Prominent Russian nationalist Igor Girkin, involved in MH17 shooting, jailed for four years over 'extremism'","","/r/worldnews/comments/19f9b1j/prominent_russian_nationalist_igor_girkin/"
"19fa2t3","submission","geopolitics","1706191484","2024-01-25T14:04:44+00:00","MelodicSandwich7264","120","38","What are your thoughts about the recent Ukrainian Attacks on the Russian Oil Infrastrucure?","Does anyone here possess additional information regarding Russian export facilities and capacities? My understanding is that Russia primarily relies on warm water ports in the Black Sea and Vladivostok for their current exports. I have limited knowledge about their pipeline system, but there are reports suggesting the need for new pipelines to China, implying that their network may not be particularly robust. Is it conceivable that Ukraine could potentially disrupt Russian export capacities, thereby affecting their war supporting income?","/r/geopolitics/comments/19fa2t3/what_are_your_thoughts_about_the_recent_ukrainian/"
"19fagxw","submission","worldnews","1706192609","2024-01-25T14:23:29+00:00","Thin-Commission8877","6","2","Russian military blogger Igor Girkin sentenced to four years in prison on extremism charges | CNN","","/r/worldnews/comments/19fagxw/russian_military_blogger_igor_girkin_sentenced_to/"
"19faj9h","submission","worldnews","1706192791","2024-01-25T14:26:31+00:00","Silly-avocatoe","620","26","Nepal asks Russia to send back Nepalis recruited to fight in Ukraine and the bodies of those killed","","/r/worldnews/comments/19faj9h/nepal_asks_russia_to_send_back_nepalis_recruited/"
"19faknj","submission","worldnews","1706192901","2024-01-25T14:28:21+00:00","Jumpy-General-3859","14","0","Four Children Returned to Ukraine From Temporarily Occupied Territories and Russia","","/r/worldnews/comments/19faknj/four_children_returned_to_ukraine_from/"
"19farhy","submission","worldnews","1706193420","2024-01-25T14:37:00+00:00","PhotographIcy7466","6835","570","Russia says Ukraine had 15-minute warning on PoW flight; Kyiv demands international probe","","/r/worldnews/comments/19farhy/russia_says_ukraine_had_15minute_warning_on_pow/"
"19fay6x","submission","worldnews","1706193920","2024-01-25T14:45:20+00:00","blllrrrrr","4930","365","Senior Russian officials were supposed to be on Il-76 flight that crashed but did not board","","/r/worldnews/comments/19fay6x/senior_russian_officials_were_supposed_to_be_on/"
"19fbkt5","submission","geopolitics","1706195635","2024-01-25T15:13:55+00:00","OldPyjama","1","0","I genuinely don't understand Putin's logic for the Ukraine invasion","[removed]","/r/geopolitics/comments/19fbkt5/i_genuinely_dont_understand_putins_logic_for_the/"
"19fcc1i","submission","worldnews","1706197688","2024-01-25T15:48:08+00:00","eaglemaxie","648","14","Ukraine claims strike on another oil refinery in Russia","","/r/worldnews/comments/19fcc1i/ukraine_claims_strike_on_another_oil_refinery_in/"
"19fdbac","submission","geopolitics","1706200262","2024-01-25T16:31:02+00:00","ForeignAffairsMag","18","4","The Myths That Warp How America Sees Russia—and Vice Versa: How Mutual Misunderstanding Breeds Tension and Conflict","","/r/geopolitics/comments/19fdbac/the_myths_that_warp_how_america_sees_russiaand/"
"19fdphp","submission","geopolitics","1706201298","2024-01-25T16:48:18+00:00","scruffygem","8","89","Question: how is Ukraine supposed to win at this point?","Last summer Russia had the capacity to fire around 5,000 shells per day, and Ukraine could fire around 3,500. 6 months later, Russia is able to fire at a rate of 10,000 per day, sometimes up to 20,0000, while Ukraine has fallen to 2,000.

Russia has completely switched to a war footing. They’ve nationalized a bunch of factories to pump out artillery shells, 3 shifts a day, 24 hours a day, ramping up production to 1.7 million—2 million shells a year. Ukraine needs another 1 million shell installment like the one they got at the outset of the war, but since the US mainly uses this type of shell for training purposes, US manufacturers only have the industrial capacity to produce 100,000 per year. The weapons companies have said, “alright, you want another million shells, we’re gonna need to build new factories, and we need a 10-year contract.” Washington says, “but this war is only gonna be going on for another year, so we don’t wanna do that.” On top of that crucial factor in a war that is essentially an artillery duel, Western support is petering out generally, thanks in part to this administration switching its attention to Israel, and partly because of Republican hold ups in the legislative branch.

One might posit that economic sanctions will force Russia to break off. But they’ve managed to adapt to the sanctions very competently and are now the fastest growing economy in Europe. While the Ruble’s value has suffered, it’s domestic purchasing power goes twice as far as the Dollar does in the US. Further, they’ve been able to move quickly toward selling their gas to Asian markets, replacing the lost European market. The idea that inflicting economic pain on the working or ruling class in Russia would build pressure on Putin has not borne out. Putin is fully committed to the war, while the West’s interest and support is waning.

How in the world is Ukraine supposed to win under these circumstances?","/r/geopolitics/comments/19fdphp/question_how_is_ukraine_supposed_to_win_at_this/"
"19ff30p","submission","worldnews","1706204673","2024-01-25T17:44:33+00:00","aaaronbrown","900","139","Russia fires genetics institute head who claimed humans once lived for 900 years","","/r/worldnews/comments/19ff30p/russia_fires_genetics_institute_head_who_claimed/"
"19ffmv1","submission","worldnews","1706206030","2024-01-25T18:07:10+00:00","TheTelegraph","6608","1479","Putin sparks fears of war with Nato as he visits Kaliningrad","","/r/worldnews/comments/19ffmv1/putin_sparks_fears_of_war_with_nato_as_he_visits/"
"19ffziw","submission","geopolitics","1706206929","2024-01-25T18:22:09+00:00","nonameslefteightnine","1","4","Is there a timeline for potential renewal of US aid to Ukraine?","I don't know too much about the political system in the US, so if the US will support Ukraine again how long could it take to make the final decision? Are there any political games getting played out or are Republicans just blocking the aid as long as they feel to? 

&#x200B;

It is pretty strange that the only Superpower gets crippled by internal scheming games in such an important time.","/r/geopolitics/comments/19ffziw/is_there_a_timeline_for_potential_renewal_of_us/"
"19fgirh","submission","worldnews","1706208314","2024-01-25T18:45:14+00:00","DatDudeOverThere","43","13","Yemen's Houthis, Russia discuss importance of efforts to stop Gaza war","","/r/worldnews/comments/19fgirh/yemens_houthis_russia_discuss_importance_of/"
"19fgk2d","submission","worldnews","1706208407","2024-01-25T18:46:47+00:00","vamosrafaaaaa","875","30","Russians queue to support Putin opponent in bid to enter presidential election race","","/r/worldnews/comments/19fgk2d/russians_queue_to_support_putin_opponent_in_bid/"
"19fh19h","submission","worldnews","1706209620","2024-01-25T19:07:00+00:00","Ask4MD","428","40","Another Russian Oil Refinery Set Afire as Ukraine’s Long-Range Drone Bombardment Intensifies","","/r/worldnews/comments/19fh19h/another_russian_oil_refinery_set_afire_as/"
"19fh9er","submission","worldnews","1706210180","2024-01-25T19:16:20+00:00","Ralphieman","8845","294","Only five bodies delivered to Belgorod morgue after mysterious Russian plane crash, Ukrainian intelligence suggests | CNN","","/r/worldnews/comments/19fh9er/only_five_bodies_delivered_to_belgorod_morgue/"
"19fhvui","submission","geopolitics","1706211769","2024-01-25T19:42:49+00:00","Careless-Balance8534","1","14","Did everyone forget about Russia and Ukraine?","Following the recent coverage of Isreal and Palestine. I noticed that Russia and Ukraine are barely even talked about anymore, or out of the mainstream at least.

Was it always like this? Just like a trend that flew by. 
(I'm not that invested in Geopolitics, I just wanna hear your thoughts).","/r/geopolitics/comments/19fhvui/did_everyone_forget_about_russia_and_ukraine/"
"19fj7e4","submission","worldnews","1706215091","2024-01-25T20:38:11+00:00","TheTelegraph","21","15","One in four chance Russia will attack UK ally by 2025","","/r/worldnews/comments/19fj7e4/one_in_four_chance_russia_will_attack_uk_ally_by/"
"19fjfsg","submission","geopolitics","1706215676","2024-01-25T20:47:56+00:00","boroffski","1","2","Some of the people I know in Kyiv have started to believe that there was a secret agreement between UA and Russia for Russia to leave Kyiv in the first months of the war. Is there actually any evidence for this, or is it just ticktock nonsense?","","/r/geopolitics/comments/19fjfsg/some_of_the_people_i_know_in_kyiv_have_started_to/"
"19fkh9z","submission","worldnews","1706218394","2024-01-25T21:33:14+00:00","Youngstown_Mafia","6","2","Powerful weapons the US sent to Ukraine are breaking down — Pentagon says it can't help fix them due to blocked aid from US congress.","","/r/worldnews/comments/19fkh9z/powerful_weapons_the_us_sent_to_ukraine_are/"
"19fldgd","submission","worldnews","1706220870","2024-01-25T22:14:30+00:00","Imgoga","58","34","Putin attacking NATO? No chance, says Lithuanian general","","/r/worldnews/comments/19fldgd/putin_attacking_nato_no_chance_says_lithuanian/"
"19fm4o7","submission","worldnews","1706222817","2024-01-25T22:46:57+00:00","DissentingJay","1","0","RFE/RL Journalist Kurmasheva No Closer To 'Wrongfully Detained' Designation After 100 Days In Russian Jail","","/r/worldnews/comments/19fm4o7/rferl_journalist_kurmasheva_no_closer_to/"
"19fn3y7","submission","worldnews","1706225429","2024-01-25T23:30:29+00:00","swift_snowflake","1","1","US closes weapons stockpile to Ukraine","","/r/worldnews/comments/19fn3y7/us_closes_weapons_stockpile_to_ukraine/"
"19fnfrf","submission","geopolitics","1706226324","2024-01-25T23:45:24+00:00","AlertTangerine","110","145","Putin sparks fears of war with Nato as he visits Kaliningrad","","/r/geopolitics/comments/19fnfrf/putin_sparks_fears_of_war_with_nato_as_he_visits/"
"1ab6u82","submission","worldnews","1706234344","2024-01-26T01:59:04+00:00","ubcstaffer123","814","70","State of emergency declared in Russia’s Novosibirsk after third major heating system accident in recent days","","/r/worldnews/comments/1ab6u82/state_of_emergency_declared_in_russias/"
"1ab760f","submission","worldnews","1706235281","2024-01-26T02:14:41+00:00","chemistrynerd1994","2856","635","West Must Be Prepared For War With Russia, NATO Official Warns Ahead Of Major Military Drills","","/r/worldnews/comments/1ab760f/west_must_be_prepared_for_war_with_russia_nato/"
"1ab86ys","submission","worldnews","1706238266","2024-01-26T03:04:26+00:00","Dartboard96","755","391","Putin attacking NATO? No chance, says Lithuanian general","","/r/worldnews/comments/1ab86ys/putin_attacking_nato_no_chance_says_lithuanian/"
"1ab97e9","submission","worldnews","1706241337","2024-01-26T03:55:37+00:00","new974517","756","25","Bloomberg: Hungary no longer opposes EU military fund for Ukraine at €5 billion","","/r/worldnews/comments/1ab97e9/bloomberg_hungary_no_longer_opposes_eu_military/"
"1ab9c5m","submission","worldnews","1706241745","2024-01-26T04:02:25+00:00","WorldNewsMods","1126","421","/r/WorldNews Live Thread: Russian Invasion of Ukraine Day 702, Part 1 (Thread #848)","","/r/worldnews/comments/1ab9c5m/rworldnews_live_thread_russian_invasion_of/"
"1ab9qe3","submission","worldnews","1706242993","2024-01-26T04:23:13+00:00","ubcstaffer123","220","60","Russia invests in a homemade Wikipedia, in the hope of blocking the original","","/r/worldnews/comments/1ab9qe3/russia_invests_in_a_homemade_wikipedia_in_the/"
"1abadu2","submission","worldnews","1706245168","2024-01-26T04:59:28+00:00","new974517","4251","224","Ukraine's new military strategy hits Russia where it hurts: Ukrainian drones have been more successful and effective against Russian resources than Western sanctions.","","/r/worldnews/comments/1abadu2/ukraines_new_military_strategy_hits_russia_where/"
"1abd6uw","submission","worldnews","1706255679","2024-01-26T07:54:39+00:00","mrb1","10","4","Putin opponent in coming election surprised by depth of support. People are looking up in the bitter cold to seem his inclusion on ballot.","","/r/worldnews/comments/1abd6uw/putin_opponent_in_coming_election_surprised_by/"
"1abd991","submission","worldnews","1706255975","2024-01-26T07:59:35+00:00","memberino","905","65","Media: Russian convict recruits no longer receive pardons for fighting in Ukraine","","/r/worldnews/comments/1abd991/media_russian_convict_recruits_no_longer_receive/"
"1abezjy","submission","worldnews","1706263482","2024-01-26T10:04:42+00:00","Pravda_UA","185","7","US in OSCE: Putin's goals have not changed, he wants Ukraine destroyed","","/r/worldnews/comments/1abezjy/us_in_osce_putins_goals_have_not_changed_he_wants/"
"1abf4hd","submission","worldnews","1706264078","2024-01-26T10:14:38+00:00","NSashe","17","3","Teenage refugees who fled Ukraine for Israel immersed in second war | CNN","","/r/worldnews/comments/1abf4hd/teenage_refugees_who_fled_ukraine_for_israel/"
"1abffea","submission","worldnews","1706265364","2024-01-26T10:36:04+00:00","[deleted]","1","1","Putin praises India's independent foreign policy, warns West not to 'play games'","[removed]","/r/worldnews/comments/1abffea/putin_praises_indias_independent_foreign_policy/"
"1abffwq","submission","worldnews","1706265427","2024-01-26T10:37:07+00:00","donutloop","1","1","""Russia Can Rely On India Because..."": Putin's Huge Praise For PM Modi","","/r/worldnews/comments/1abffwq/russia_can_rely_on_india_because_putins_huge/"
"1abgalc","submission","worldnews","1706268780","2024-01-26T11:33:00+00:00","4920185","4377","437","Boris Nadezhdin: Putin's would-be opponent vows to end Ukraine war","","/r/worldnews/comments/1abgalc/boris_nadezhdin_putins_wouldbe_opponent_vows_to/"
"1abigsu","submission","worldnews","1706276071","2024-01-26T13:34:31+00:00","BitterFuture","5528","285","Germany unearths pro-Russia disinformation campaign on X","","/r/worldnews/comments/1abigsu/germany_unearths_prorussia_disinformation/"
"1abiu1k","submission","worldnews","1706277155","2024-01-26T13:52:35+00:00","yorkiecd","40","0","Russian Infantry Scores Gains in Battleground Avdiivka, Both Sides Predict More Big Attacks","","/r/worldnews/comments/1abiu1k/russian_infantry_scores_gains_in_battleground/"
"1abjedx","submission","worldnews","1706278773","2024-01-26T14:19:33+00:00","4920185","1","0","Russia-Ukraine war live: Ukrainians are ‘fighting for us’ and ‘we need to do more’, says former Nato chief","","/r/worldnews/comments/1abjedx/russiaukraine_war_live_ukrainians_are_fighting/"
"1abk3ci","submission","worldnews","1706280715","2024-01-26T14:51:55+00:00","new974517","3157","196","Military intelligence: Russia currently refuses international commission to investigate Il-76 crash","","/r/worldnews/comments/1abk3ci/military_intelligence_russia_currently_refuses/"
"1abk5ba","submission","worldnews","1706280873","2024-01-26T14:54:33+00:00","OddAioli6993","1","1","US attacks Hungary’s Orbán for ‘fantasy foreign policy’ that helps Putin","","/r/worldnews/comments/1abk5ba/us_attacks_hungarys_orbán_for_fantasy_foreign/"
"1abkow2","submission","worldnews","1706282297","2024-01-26T15:18:17+00:00","37Dracula37","2232","333","Ukrainian Politician Asks Zelensky to Disclose War Casualties, Claims Fewer Than 100,000","","/r/worldnews/comments/1abkow2/ukrainian_politician_asks_zelensky_to_disclose/"
"1ablv57","submission","geopolitics","1706285348","2024-01-26T16:09:08+00:00","shedang","1","21","Chances that China is orchestrating the confrontation behind Ukraine, Gaza, and now North Korea?","I wonder what the chances are of a situation where China decided it was time to erode the western world so they saw an opportunity for Russia to go into Ukraine, then plan for another event where Iran would start a proxy war in the middle east, then North Korea would get into a scuffle with Japan and South Korea. Then China would go into Taiwan. All the while replacing institutions and international norms like we see happening. Maybe this is a dumb question, but sometimes I remember how serious the Chinese are about hitting their 5-10-15 year marks of where they want to be as a country.

It's just starting to seem more than a little coincidental how aligned and coordinated the PR and dogma coming out of authoritarian countries is starting to become. Maybe there's a bigger scheme at play?","/r/geopolitics/comments/1ablv57/chances_that_china_is_orchestrating_the/"
"1abnjdq","submission","worldnews","1706289440","2024-01-26T17:17:20+00:00","cxmmxc","13","5","Trump Kills Ukraine Aid Bill That Senate Leaders Call 'Urgent Priority' – War in Ukraine Update for Jan 26","","/r/worldnews/comments/1abnjdq/trump_kills_ukraine_aid_bill_that_senate_leaders/"
"1abomri","submission","worldnews","1706292199","2024-01-26T18:03:19+00:00","donutloop","96","6","Ukraine invites China's Xi to 'peace summit' - Zelenskiy's top adviser","","/r/worldnews/comments/1abomri/ukraine_invites_chinas_xi_to_peace_summit/"
"1abotda","submission","worldnews","1706292647","2024-01-26T18:10:47+00:00","giuliomagnifico","698","16","Ukraine willing to move part of drone production to Lithuania","","/r/worldnews/comments/1abotda/ukraine_willing_to_move_part_of_drone_production/"
"1abp1xu","submission","worldnews","1706293243","2024-01-26T18:20:43+00:00","Youngstown_Mafia","1","0","Ukrainians worry after plane crash that POW exchanges with Russia will end","","/r/worldnews/comments/1abp1xu/ukrainians_worry_after_plane_crash_that_pow/"
"1abptjw","submission","worldnews","1706295242","2024-01-26T18:54:02+00:00","HorsesMeow","26","5","Forced conscription in occupied Ukraine pushes essential services to brink","","/r/worldnews/comments/1abptjw/forced_conscription_in_occupied_ukraine_pushes/"
"1abqktt","submission","worldnews","1706297163","2024-01-26T19:26:03+00:00","Youngstown_Mafia","1","0","Ukrainians worry after plane crash that POW exchanges with Russia will end","","/r/worldnews/comments/1abqktt/ukrainians_worry_after_plane_crash_that_pow/"
"1absln2","submission","worldnews","1706302319","2024-01-26T20:51:59+00:00","Ask4MD","1196","60","Germany Uncovers Russian Disinformation Campaign on X – Report","","/r/worldnews/comments/1absln2/germany_uncovers_russian_disinformation_campaign/"
"1absz5e","submission","worldnews","1706303261","2024-01-26T21:07:41+00:00","[deleted]","1","1","US to station nuclear weapons in UK to counter threat from Russia","[removed]","/r/worldnews/comments/1absz5e/us_to_station_nuclear_weapons_in_uk_to_counter/"
"1abt8bp","submission","worldnews","1706303911","2024-01-26T21:18:31+00:00","Pravda_UA","32","20","US House of Representatives speaker says Senate’s bill on aid to Ukraine ''dead on arrival''","","/r/worldnews/comments/1abt8bp/us_house_of_representatives_speaker_says_senates/"
"1abu7yc","submission","worldnews","1706306438","2024-01-26T22:00:38+00:00","aciddiablo","1","23","Putin accuses Kyiv of downing Russia military plane carrying Ukraine POWs","","/r/worldnews/comments/1abu7yc/putin_accuses_kyiv_of_downing_russia_military/"
"1abuct9","submission","worldnews","1706306753","2024-01-26T22:05:53+00:00","[deleted]","1","0","Exclusive: Russia struggles to sell Pacific oil, 14 tankers stuck - sources, data","[removed]","/r/worldnews/comments/1abuct9/exclusive_russia_struggles_to_sell_pacific_oil_14/"
"1abuihj","submission","worldnews","1706307147","2024-01-26T22:12:27+00:00","geltance","1","0","List of 65 Ukrainian pow that was shared by russian media previously has been confirmed to be correct by Ukraine pow coordination centre. ""65 украинских защитников из списка пропагандистов планировали вернуть в Украину в рамках обмена 24 января, - Координационный штаб""","","/r/worldnews/comments/1abuihj/list_of_65_ukrainian_pow_that_was_shared_by/"
"1ac0psc","submission","worldnews","1706324476","2024-01-27T03:01:16+00:00","Helicase21","1984","973","U.S. war plans for Ukraine don’t foresee retaking lost territory","","/r/worldnews/comments/1ac0psc/us_war_plans_for_ukraine_dont_foresee_retaking/"
"1ac1w55","submission","worldnews","1706328144","2024-01-27T04:02:24+00:00","WorldNewsMods","1078","393","/r/WorldNews Live Thread: Russian Invasion of Ukraine Day 703, Part 1 (Thread #849)","","/r/worldnews/comments/1ac1w55/rworldnews_live_thread_russian_invasion_of/"
"1ac5ljl","submission","worldnews","1706341450","2024-01-27T07:44:10+00:00","yorkiecd","4402","613","Putin Says Russia Shouldn’t Be Ruled By ‘Weirdos Who Show Their Backsides’","","/r/worldnews/comments/1ac5ljl/putin_says_russia_shouldnt_be_ruled_by_weirdos/"
"1ac6ssc","submission","worldnews","1706346314","2024-01-27T09:05:14+00:00","MrXiluescu","144","13","Spiegel: Russia behind massive disinformation campaign to undermine support for Ukraine in Germany","","/r/worldnews/comments/1ac6ssc/spiegel_russia_behind_massive_disinformation/"
"1ac9885","submission","worldnews","1706356384","2024-01-27T11:53:04+00:00","professorbrainiac","1","1","US to station nuclear weapons in UK to counter threat from Russia","","/r/worldnews/comments/1ac9885/us_to_station_nuclear_weapons_in_uk_to_counter/"
"1ac9icr","submission","worldnews","1706357432","2024-01-27T12:10:32+00:00","donutloop","901","34","Three arrested for exporting military goods to Russia","","/r/worldnews/comments/1ac9icr/three_arrested_for_exporting_military_goods_to/"
"1ac9n8s","submission","worldnews","1706357945","2024-01-27T12:19:05+00:00","[deleted]","1","0","India-Russia Push New Maritime Corridor For Trade Amid Red Sea Tensions","[removed]","/r/worldnews/comments/1ac9n8s/indiarussia_push_new_maritime_corridor_for_trade/"
"1ac9oac","submission","worldnews","1706358049","2024-01-27T12:20:49+00:00","ficerck","26","1","Russia-India set to revitalise alternative shipping line","","/r/worldnews/comments/1ac9oac/russiaindia_set_to_revitalise_alternative/"
"1aca4pi","submission","worldnews","1706359710","2024-01-27T12:48:30+00:00","EfficiencyLong7587","1","0","Russia buys machine tools from Taiwan’s for its military production, bypassing sanctions","","/r/worldnews/comments/1aca4pi/russia_buys_machine_tools_from_taiwans_for_its/"
"1acblw6","submission","worldnews","1706364526","2024-01-27T14:08:46+00:00","HydrolicKrane","1408","40","Russian commanders face prosecution for starving Mariupol in first-of-its-kind case","","/r/worldnews/comments/1acblw6/russian_commanders_face_prosecution_for_starving/"
"1accjf4","submission","geopolitics","1706367318","2024-01-27T14:55:18+00:00","theatlantic","442","324","Is Congress Really Going to Abandon Ukraine Now?","","/r/geopolitics/comments/1accjf4/is_congress_really_going_to_abandon_ukraine_now/"
"1acd7da","submission","worldnews","1706369144","2024-01-27T15:25:44+00:00","4920185","7208","318","Russians queue to support Putin opponent in presidential election race","","/r/worldnews/comments/1acd7da/russians_queue_to_support_putin_opponent_in/"
"1acd7st","submission","worldnews","1706369180","2024-01-27T15:26:20+00:00","TheTelegraph","228","9","Russian commanders face prosecution for starving Mariupol in first-of-its-kind case","","/r/worldnews/comments/1acd7st/russian_commanders_face_prosecution_for_starving/"
"1acdd1b","submission","worldnews","1706369579","2024-01-27T15:32:59+00:00","Adpadierk","85","12","Australian government was informed of Ukraine’s interest in Taipan during October","","/r/worldnews/comments/1acdd1b/australian_government_was_informed_of_ukraines/"
"1acdez1","submission","worldnews","1706369725","2024-01-27T15:35:25+00:00","Adpadierk","1","0","Ukraine pushes for Taipan helicopters despite safety concerns","[removed]","/r/worldnews/comments/1acdez1/ukraine_pushes_for_taipan_helicopters_despite/"
"1acep6w","submission","worldnews","1706373101","2024-01-27T16:31:41+00:00","OrneryAd6553","1713","56","Paris accuses Russia of waging disinformation campaign against France","","/r/worldnews/comments/1acep6w/paris_accuses_russia_of_waging_disinformation/"
"1acf75j","submission","worldnews","1706374398","2024-01-27T16:53:18+00:00","[deleted]","1","0","Exclusive: Russia struggles to sell Pacific oil, 14 tankers stuck - sources, data","[removed]","/r/worldnews/comments/1acf75j/exclusive_russia_struggles_to_sell_pacific_oil_14/"
"1acf7jx","submission","worldnews","1706374428","2024-01-27T16:53:48+00:00","gucciavenger","3312","172","Russia struggles to sell Pacific oil, 14 tankers stuck","","/r/worldnews/comments/1acf7jx/russia_struggles_to_sell_pacific_oil_14_tankers/"
"1acgdg2","submission","worldnews","1706377471","2024-01-27T17:44:31+00:00","Brave_Pair_3720","1","0","Russian Man Convicted of Stowaway Flight to Los Angeles","","/r/worldnews/comments/1acgdg2/russian_man_convicted_of_stowaway_flight_to_los/"
"1achj8h","submission","worldnews","1706380475","2024-01-27T18:34:35+00:00","upset1943","1","0","Putin ally ominously suggests Texas could launch ""civil war"" in US","","/r/worldnews/comments/1achj8h/putin_ally_ominously_suggests_texas_could_launch/"
"1acjb3k","submission","worldnews","1706385121","2024-01-27T19:52:01+00:00","M795","4151","105","No evidence for Russia’s claim that dozens of POWs died in plane crash, Ukraine says","","/r/worldnews/comments/1acjb3k/no_evidence_for_russias_claim_that_dozens_of_pows/"
"1ack9co","submission","geopolitics","1706387598","2024-01-27T20:33:18+00:00","Infernallightning505","64","59","Desert Storm Vs Ukraine: What Changed in Large Scale Combat Operations?","Large Scale Combat Operations in Ukraine have turned into a meat grinder, with casualties not seen sense World War II. The United States expected to loose 10k in casualties in one week against Sadam. Sadam had the 5th largest army in the world. I would not consider 1990 Iraq a neer pear to 1990 USA, but the difference between the power of those two is comparable to that of Russia and Ukraine?","/r/geopolitics/comments/1ack9co/desert_storm_vs_ukraine_what_changed_in_large/"
"1acl92q","submission","worldnews","1706390197","2024-01-27T21:16:37+00:00","Muted-Meaning1312","1","0","Insider: GRU officer in Brussels funnels military exports to Russia","","/r/worldnews/comments/1acl92q/insider_gru_officer_in_brussels_funnels_military/"
"1aclc5r","submission","worldnews","1706390429","2024-01-27T21:20:29+00:00","CharacterPolicy4689","15010","1301","Ukraine: Hack wiped 2 petabytes of data from Russian research center","","/r/worldnews/comments/1aclc5r/ukraine_hack_wiped_2_petabytes_of_data_from/"
"1aclryc","submission","geopolitics","1706391717","2024-01-27T21:41:57+00:00","Jgee414","67","60","East vs west Ukraine","
I’m curious how Ukrainian people feel now about this. Some years ago the media said the country was divided pro-Russia in the east and the nationalists in the west (stronghold, right sector, DPR etc) is this still happening you don’t see reports in the western media about it. I know the fighting has never stopped since 2014 in Luhansk and Donetsk is that just the Russia occupiers trying to advance or continuation of the civil war conflict","/r/geopolitics/comments/1aclryc/east_vs_west_ukraine/"
"1acnrer","submission","worldnews","1706396944","2024-01-27T23:09:04+00:00","SweetChilliJesus","5151","456","Ukraine says it uncovers mass fraud in weapons procurement","","/r/worldnews/comments/1acnrer/ukraine_says_it_uncovers_mass_fraud_in_weapons/"
"1acqodd","submission","geopolitics","1706405113","2024-01-28T01:25:13+00:00","XavierBekish","9","38","If Ukraine had nuclear weapons, would they use them against Russia in the current invasion?","","/r/geopolitics/comments/1acqodd/if_ukraine_had_nuclear_weapons_would_they_use/"
"1acr7b0","submission","worldnews","1706406697","2024-01-28T01:51:37+00:00","Roadside-Strelok","1020","181","Ukraine to start building 4 new nuclear reactors this year","","/r/worldnews/comments/1acr7b0/ukraine_to_start_building_4_new_nuclear_reactors/"
"1acrq2r","submission","geopolitics","1706408307","2024-01-28T02:18:27+00:00","Throwawaygeopolitics","201","41","US nuclear weapons could be stationed in UK for first time in 15 years amid Russia threat","","/r/geopolitics/comments/1acrq2r/us_nuclear_weapons_could_be_stationed_in_uk_for/"
"1acteen","submission","geopolitics","1706413521","2024-01-28T03:45:21+00:00","mary999999999","1","37","Genocide in Palestine but not in Ukraine?","I am actually curious about what people think of this. The genocide claims against Palestine seem valid especially considering the historical context of the past 80 years. But how is this different from what Ukrainians are going through?","/r/geopolitics/comments/1acteen/genocide_in_palestine_but_not_in_ukraine/"
"1actkjd","submission","worldnews","1706414083","2024-01-28T03:54:43+00:00","Saltedline","295","63","India pivots away from Russian arms, but will retain strong ties","","/r/worldnews/comments/1actkjd/india_pivots_away_from_russian_arms_but_will/"
"1actpx6","submission","worldnews","1706414554","2024-01-28T04:02:34+00:00","WorldNewsMods","1203","324","/r/WorldNews Live Thread: Russian Invasion of Ukraine Day 704, Part 1 (Thread #850)","","/r/worldnews/comments/1actpx6/rworldnews_live_thread_russian_invasion_of/"
"1acwgud","submission","worldnews","1706424189","2024-01-28T06:43:09+00:00","yuri_2022","68","4","Ukraine's Security Service (SBU) uncovers mass fraud in weapons procurement","","/r/worldnews/comments/1acwgud/ukraines_security_service_sbu_uncovers_mass_fraud/"
"1acx52l","submission","worldnews","1706426784","2024-01-28T07:26:24+00:00","morshedpp","1","0","Ukraine Uncovers $40 Million Defence Embezzlement Scheme","","/r/worldnews/comments/1acx52l/ukraine_uncovers_40_million_defence_embezzlement/"
"1acx6fj","submission","worldnews","1706426945","2024-01-28T07:29:05+00:00","Life_Historian8742","1","0","Ukraine:Hack cleared 2 petabytes of information off of Russian examination place.","","/r/worldnews/comments/1acx6fj/ukrainehack_cleared_2_petabytes_of_information/"
"1acx8cf","submission","worldnews","1706427162","2024-01-28T07:32:42+00:00","Life_Historian8742","1","0","Hack cleared 2 petabytes of information off of Russian examination place.","[removed]","/r/worldnews/comments/1acx8cf/hack_cleared_2_petabytes_of_information_off_of/"
"1acx9j1","submission","worldnews","1706427297","2024-01-28T07:34:57+00:00","Life_Historian8742","1","0","Russia/Ukraine Hack wiped 2 petabytes of data from Russian research center","","/r/worldnews/comments/1acx9j1/russiaukraine_hack_wiped_2_petabytes_of_data_from/"
"1acxiwm","submission","worldnews","1706428356","2024-01-28T07:52:36+00:00","new974517","650","91","Ukraine takes out one of Russia's most feared drone aces, say reports","","/r/worldnews/comments/1acxiwm/ukraine_takes_out_one_of_russias_most_feared/"
"1acy9d4","submission","geopolitics","1706431324","2024-01-28T08:42:04+00:00","donutloop","87","17","India pivots away from Russian arms, but will retain strong ties","","/r/geopolitics/comments/1acy9d4/india_pivots_away_from_russian_arms_but_will/"
"1acz932","submission","geopolitics","1706435509","2024-01-28T09:51:49+00:00","Bojan307","1","0","Understand the situation in Ukraine and the world.","[removed]","/r/geopolitics/comments/1acz932/understand_the_situation_in_ukraine_and_the_world/"
"1acz9mp","submission","geopolitics","1706435574","2024-01-28T09:52:54+00:00","Bojan307","1","1","Situation in Ukraine and the world","[removed]","/r/geopolitics/comments/1acz9mp/situation_in_ukraine_and_the_world/"
"1aczaxn","submission","geopolitics","1706435725","2024-01-28T09:55:25+00:00","Bojan307","1","0","Ukraine situation","[removed]","/r/geopolitics/comments/1aczaxn/ukraine_situation/"
"1aczcds","submission","worldnews","1706435910","2024-01-28T09:58:30+00:00","Bojan307","1","0","Understand the situation in Ukraine","","/r/worldnews/comments/1aczcds/understand_the_situation_in_ukraine/"
"1acze8j","submission","geopolitics","1706436103","2024-01-28T10:01:43+00:00","Bojan307","1","1","Understand the situation in Ukraine","[removed]","/r/geopolitics/comments/1acze8j/understand_the_situation_in_ukraine/"
"1aczlul","submission","worldnews","1706436951","2024-01-28T10:15:51+00:00","new974517","29","2","Ukraine says it has uncovered major arms corruption","","/r/worldnews/comments/1aczlul/ukraine_says_it_has_uncovered_major_arms/"
"1aczxlp","submission","worldnews","1706438275","2024-01-28T10:37:55+00:00","Stev-svart-88","371","29","Biden and Germany's Scholz to meet as US and EU aid for Ukraine hangs in the balance","","/r/worldnews/comments/1aczxlp/biden_and_germanys_scholz_to_meet_as_us_and_eu/"
"1ad0wcx","submission","worldnews","1706442200","2024-01-28T11:43:20+00:00","donutloop","3530","117","Bloomberg: Russia imported over $1 billion worth of advanced US and European chips in 2023","","/r/worldnews/comments/1ad0wcx/bloomberg_russia_imported_over_1_billion_worth_of/"
"1ad1r1p","submission","worldnews","1706445419","2024-01-28T12:36:59+00:00","DanVasilache","2","0","Conspiracies and Conflicts in the Russian - Ukrainian War - UFO Detected in Rostov on Don","","/r/worldnews/comments/1ad1r1p/conspiracies_and_conflicts_in_the_russian/"
"1ad232h","submission","worldnews","1706446587","2024-01-28T12:56:27+00:00","coolmysticgirl","366","20","Ukraine’s security service arrests five people accused of $40m arms fraud","","/r/worldnews/comments/1ad232h/ukraines_security_service_arrests_five_people/"
"1ad3jeo","submission","worldnews","1706451215","2024-01-28T14:13:35+00:00","woshinoemi","3395","569","Hungary far-right would lay claim to western Ukraine should it lose war","","/r/worldnews/comments/1ad3jeo/hungary_farright_would_lay_claim_to_western/"
"1ad4byo","submission","worldnews","1706453584","2024-01-28T14:53:04+00:00","BitterFuture","1310","88","Finland goes to the polls as border tensions with Russia rise","","/r/worldnews/comments/1ad4byo/finland_goes_to_the_polls_as_border_tensions_with/"
"1ad4p3a","submission","worldnews","1706454609","2024-01-28T15:10:09+00:00","8088777","1","0","Analysis: How Orban’s ties to Putin are putting European aid to Ukraine at risk | CNN","","/r/worldnews/comments/1ad4p3a/analysis_how_orbans_ties_to_putin_are_putting/"
"1ad4un2","submission","worldnews","1706455038","2024-01-28T15:17:18+00:00","washingtonpost","3449","472","Ukraine says defense officials stole $40 million meant for ammunition","","/r/worldnews/comments/1ad4un2/ukraine_says_defense_officials_stole_40_million/"
"1ad56lf","submission","worldnews","1706455946","2024-01-28T15:32:26+00:00","BurstYourBubbles","124","2","Ukraine, Mongolia’s top diplomats talk Peace Formula, bilateral cooperation","","/r/worldnews/comments/1ad56lf/ukraine_mongolias_top_diplomats_talk_peace/"
"1ad6cir","submission","geopolitics","1706459010","2024-01-28T16:23:30+00:00","helloandwelcomee","3","3","how much of a threat is Russia to the UK?","earlier i read that a UK general was saying conscription is a good idea due to Russia's growing threat.  i don't know much on geopolitics though is Russia really a huge threat to the UK's security","/r/geopolitics/comments/1ad6cir/how_much_of_a_threat_is_russia_to_the_uk/"
"1ad6lvx","submission","worldnews","1706459692","2024-01-28T16:34:52+00:00","blllrrrrr","598","128","Ukrainian Navy Commander signals Kyiv would win faster if there's permission to fire Western weapons deep inside Russia","","/r/worldnews/comments/1ad6lvx/ukrainian_navy_commander_signals_kyiv_would_win/"
"1ad6ml0","submission","worldnews","1706459743","2024-01-28T16:35:43+00:00","DoremusJessup","2","0","Hungarian far-right leader calls for seizure of Ukraine's Zakarpattia Oblast if Russia wins war","","/r/worldnews/comments/1ad6ml0/hungarian_farright_leader_calls_for_seizure_of/"
"1ad7lei","submission","worldnews","1706462227","2024-01-28T17:17:07+00:00","giuliomagnifico","297","23","Russian engineer commits suicide after missile he helped create kills his grandmother in Kharkiv","","/r/worldnews/comments/1ad7lei/russian_engineer_commits_suicide_after_missile_he/"
"1ad8fwb","submission","worldnews","1706464353","2024-01-28T17:52:33+00:00","Conscious_Jeweler_80","1","0","Pelosi suggests Russia is behind some pro-Palestinian activists","","/r/worldnews/comments/1ad8fwb/pelosi_suggests_russia_is_behind_some/"
"1ad92pg","submission","worldnews","1706465913","2024-01-28T18:18:33+00:00","EsperaDeus","23","8","Zelenskyy's declarations show his and his family's income decreased threefold in 2022","","/r/worldnews/comments/1ad92pg/zelenskyys_declarations_show_his_and_his_familys/"
"1ada6fa","submission","worldnews","1706468653","2024-01-28T19:04:13+00:00","libtin","662","35","Beauty giant Avon under fire over Russia links - BBC News","","/r/worldnews/comments/1ada6fa/beauty_giant_avon_under_fire_over_russia_links/"
"1adaa5d","submission","geopolitics","1706468907","2024-01-28T19:08:27+00:00","Due_Search_8040","1","0","Ukraine Can Win a War of Attrition","[removed]","/r/geopolitics/comments/1adaa5d/ukraine_can_win_a_war_of_attrition/"
"1adagd1","submission","worldnews","1706469321","2024-01-28T19:15:21+00:00","FrankFriedChicken","1","1","Ukraine uncovers $40m arms corruption scheme","","/r/worldnews/comments/1adagd1/ukraine_uncovers_40m_arms_corruption_scheme/"
"1adc0ev","submission","worldnews","1706473235","2024-01-28T20:20:35+00:00","WhoIsJolyonWest","68","33","Former spy chief: Russia could target Holyrood and exploit Indy to damage Britian","","/r/worldnews/comments/1adc0ev/former_spy_chief_russia_could_target_holyrood_and/"
"1adeu6g","submission","worldnews","1706480280","2024-01-28T22:18:00+00:00","Professional_Memist","5081","417","Ukraine says corrupt officials stole $40 million meant to buy arms for the war with Russia","","/r/worldnews/comments/1adeu6g/ukraine_says_corrupt_officials_stole_40_million/"
"1adg7qo","submission","worldnews","1706483813","2024-01-28T23:16:53+00:00","HeadCard140","230","34","India pivots away from Russian arms, but will retain strong ties","","/r/worldnews/comments/1adg7qo/india_pivots_away_from_russian_arms_but_will/"
"1adgk5g","submission","geopolitics","1706484700","2024-01-28T23:31:40+00:00","Infernallightning505","4","14","If Putin, Xi, and Ali Khamenei got to cast the deciding vote in the US 2024 Election, Would it be for Biden or Trump? Why?","","/r/geopolitics/comments/1adgk5g/if_putin_xi_and_ali_khamenei_got_to_cast_the/"
"1adgsd0","submission","geopolitics","1706485284","2024-01-28T23:41:24+00:00","oli_alatar","4","0","Ukraine War Question: Key Ukrainian Officials Or Units Worth Watching","Hi all, as a student of international relations I have found the Ukraine conflict interesting to learn more about. However, most of my learning so far has focused on Russian officials, like Prigozhin, Gerasimov, Shoigu, Medvedev, etc. i was wondering if on the Ukrainian side there are any notable commanders, generals, officials, politicians, etc. who have influence in the handling of the war. I don't understand Ukrainian politics or military well, but Zelensky is defenitely not the only guy managing the war, and Inwould want to know the people 2 or three steps down. Thank you, have a great day.

Note: spelling is shit, my device is almost dead","/r/geopolitics/comments/1adgsd0/ukraine_war_question_key_ukrainian_officials_or/"
"1adgsv5","submission","geopolitics","1706485318","2024-01-28T23:41:58+00:00","Infernallightning505","1","11","How Significant will the Results of the 2024 US Election Be For Ukraine, Israel, Taiwan, and others?","How significant will the outcome of the 2024 Presidential Election be for Ukraine, Israel, Taiwan, and other entities that find themselves in comparable situations?
 
Imagine Two Scenarios:

1) Where Congress is controlled by the opposite party as the President 

2) Where Congress is controlled by the same party as the President","/r/geopolitics/comments/1adgsv5/how_significant_will_the_results_of_the_2024_us/"
"1adi0n4","submission","geopolitics","1706488725","2024-01-29T00:38:45+00:00","zogel_mogeI","1","4","Do you think Putin will go full scale on Ukraine after he gets reelected?","","/r/geopolitics/comments/1adi0n4/do_you_think_putin_will_go_full_scale_on_ukraine/"
"1adjc7k","submission","geopolitics","1706492630","2024-01-29T01:43:50+00:00","JidongLiu","111","25","China's ""true view"" of Russia and North Korea's increased diplomatic cooperation","On January 26, 2024, I attended the last internal seminar on international policy before Chinese lunar new year. The seminar was a large one, attended by virtually all of China's leading international scholars, with representatives from China's intelligence agencies, so its content can be considered representative of China's ""real view"". It focused on two themes: an assessment of the continuing deepening of diplomatic relations between Russia and North Korea, and an assessment of the rapid resumption of relations between Iran and Pakistan after their mutual air strikes. I'm still organizing my notes on the latter, but here's what was said on the first topic:   
   
North Korea was one of the very few countries to support Russia ""decisively"" ""swiftly"" and ""comprehensively"" after the outbreak of the Russo-Ukrainian War. As Kim Jong-un stated in his message on Russia's National Day in 2022, ""Justice will prevail, the Russian people add further luster to their history of victory"". North Korea makes no secret of its support for Russia (both moral and material), which is mainly based on:   
   
**1. A national narrative whose logic corresponds to that of Russia**   
Unlike other countries, whicht support Russia in the hope of obtaining ""tangible benefits"", North Korea and Russia are highly aligned on an ideological level. North Korea firmly believes that it is ""regional divisions and conflicts"" created by U.S. geopolitical machinations that have led to its current predicament.   
Vladimir Putin's televised speech of February 24, 2022, included the claim that U.S.-led NATO had ""pressed hard"", causing Russia to ""fight back"". In the eyes of North Korea, such a statement reinforces the ""correctness and foresight"" of its own national narrative logic, that is, the West, led by the United States, is the ""black hand"" behind all evils. Thus, North Korea's support for Russia is ""sincere"", and Russian victory considered a victory in the ""proxy war of imperialism"".   
   
**2. Both Russia and North Korea strongly need to escape their isolation**   
Subjected to strong sanctions by the West, both countries desire increased economic and military proximity in order to ease this imposed isolation. And since both are subject to Western sanctions, their ""cooperation"" will not be subject to ""any international law"" (one of the negative effects of the U.S. comprehensive sanctions).   
   
**3. Rebalancing Russian diplomacy on the peninsula**   
Russia has long practiced ""equidistant diplomacy"" with North and South Korea, not supporting North Korea too much to avoid irritating South Korea, in the hope to gain economic benefit from South Korea. But South Korean President Yoon Seok-yul's unconditional “defection” to the U.S. has destroyed this ""political equilibrium"". In 2022, Russia redefined South Korea as an ""unfriendly country"", eliminating any obstacle to Russia arming and reinforcing the North Korean People's Army (NKPA).   
   
**4. Reverse geopolitical balance**   
Attendees considered the Russo-Ukrainian war “a masterpiece” of the US proxy war, successful in destabilizing Russia's geopolitical security balance and weakening Russian power. But Russia too has options for geopolitical rebalancing in other regions, where the US is ""unwilling"" to, or ""incapable"" of, responding. The Korean Peninsula is one clear example, and Iran (via the Houthis) in the Middle East is another. Russia can counter U.S. influence in Asia, the Middle East, and Africa through deeper alliances with North Korea and Iran. This has turned out to represent the largest set of by-products of the Russia-Ukraine war.   
   
The nature of Russia's behavior needs to be understood in the context of this logic: ""Declining powers sow disorder."" When a power such as Russia, whose strong military and political influence greatly exceed its ""geopolitical and economic clout,"" is faced with a geopolitical dilemma, military adventure, using ""hard power"" in defense of core interests, almost always represent the best policy option. The Soviet Union during the Cold War was essentially the same, in which ""ideological confrontation"" was superimposed on ""geo-military confrontation"" above all other factors. North Korea has learned this game through the Russo-Ukrainian War, gaining real political benefits through its active participation.   
   
“A sense of impunity” now describes North Korea's behavior very appropriately. The larger the scale of the Russia-Ukraine war, the more difficult it becomes for the U.S. and its allies to punish North Korea for small infractions (launching missiles, military satellites, and advancing deployment of nuclear weapons). Indeed, to a certain extent, they will be incapable of this.   
   
What will it really mean for the United States to confront a North Korea equipped with modern military equipment and nuclear weapons, and no longer facing energy and material shortages? And will this make the ""regional cage"" strategy that the U.S. wishes to pursue safer or more dangerous? In the long run, the United States will likely have to swallow the bitter fruit of recognizing North Korea's nuclear capability. Especially with U.S. presidential election uncertainties increasing, despite its claim to be the ""best trader and negotiator"", the U.S. can only sit on the sidelines, quietly watching as North Korea continues to stack up ""chips"".   
   
As ""as guarantor of Pyongyang's security"", without paying too much in terms of real money, by simply providing of limited amounts of military technology and knowhow, Russia can significantly increase the pressure on the security costs of Japan and South Korea, U.S. allies in East Asia, forcing the U.S. to increase the security spending on their behalf. This is greatly disturbing to the ability of the U.S. to focus and concentrate resources on dealing with ""U.S.-China competition"", which is far more critical.   
In conclusion, Russia has diplomatic strategies and methods for undermining U.S. global strategy in genuinely unwanted and unexpected ways.","/r/geopolitics/comments/1adjc7k/chinas_true_view_of_russia_and_north_koreas/"
"1adkpdp","submission","geopolitics","1706496733","2024-01-29T02:52:13+00:00","EnemeyofEvil","1","77","Who would win in a confrontation between Russia and a NATO without the US","It seems increasingly likely that Donald Trump will become the next President of the United States. With Biden hemorrhaging voters, and a renewed vigor from the former president, it seems like we will have a Garfield situation. Donald Trump has stated numerous times that he wants to leave NATO, and the new isolationist wing of the Republican party wants this. So when this happens and not if but when Russia wins in Ukraine (because of Republicans withholding aid) how will a war play out between NATO minus the United States and the Russian Federation?","/r/geopolitics/comments/1adkpdp/who_would_win_in_a_confrontation_between_russia/"
"1adm8in","submission","worldnews","1706501389","2024-01-29T04:09:49+00:00","Gnl_Klutzky","1","0","US may redeploy nuclear warheads in UK to counter Russia threat: Report - World News","","/r/worldnews/comments/1adm8in/us_may_redeploy_nuclear_warheads_in_uk_to_counter/"
"1adm9g9","submission","worldnews","1706501466","2024-01-29T04:11:06+00:00","Gnl_Klutzky","1","1","US to station nuclear weapons in UK to counter war threat from Russia","","/r/worldnews/comments/1adm9g9/us_to_station_nuclear_weapons_in_uk_to_counter/"
"1adn25b","submission","geopolitics","1706504076","2024-01-29T04:54:36+00:00","BlueEmma25","141","30","Brussels threatens to hit Hungary’s economy if Viktor Orbán vetoes Ukraine aid","","/r/geopolitics/comments/1adn25b/brussels_threatens_to_hit_hungarys_economy_if/"
"1ado3au","submission","worldnews","1706507527","2024-01-29T05:52:07+00:00","yuri_2022","3463","173","Financial Times: Leaked document reveals EU considering cutting off funding to Hungary over Ukraine aid veto","","/r/worldnews/comments/1ado3au/financial_times_leaked_document_reveals_eu/"
"1adp2ki","submission","geopolitics","1706511062","2024-01-29T06:51:02+00:00","-emil-sinclair","42","36","Is a war between Russia and NATO that doesn't involve nuclear weapons, or automatically becomes a MAD situation, possible?","","/r/geopolitics/comments/1adp2ki/is_a_war_between_russia_and_nato_that_doesnt/"
"1adpsx0","submission","worldnews","1706514004","2024-01-29T07:40:04+00:00","sn0r","1","0","Exclusive: Latvian Member of European Parliament is an agent of Russian intelligence, leaked emails confirm","","/r/worldnews/comments/1adpsx0/exclusive_latvian_member_of_european_parliament/"
"1adpt4y","submission","worldnews","1706514025","2024-01-29T07:40:25+00:00","sn0r","1","0","Latvian Member of European Parliament is an agent of Russian intelligence, leaked emails confirm","","/r/worldnews/comments/1adpt4y/latvian_member_of_european_parliament_is_an_agent/"
"1adq5b4","submission","worldnews","1706515357","2024-01-29T08:02:37+00:00","WorldNewsMods","1119","363","/r/WorldNews Live Thread: Russian Invasion of Ukraine Day 705, Part 1 (Thread #851)","","/r/worldnews/comments/1adq5b4/rworldnews_live_thread_russian_invasion_of/"
"1adq658","submission","geopolitics","1706515452","2024-01-29T08:04:12+00:00","Suspicious_Loads","380","256","Did Russia blunder by invading under Biden instead of Trump?","With Trumps isolationist policy and anti NATO he probably woul have supplied Ukraine less. Also there are allegations of that Trump likes Putin/Russia authoritarianism and anti woke. Why didn't Russia invade under Trump instead of 2022? Did covid wreck their plans?","/r/geopolitics/comments/1adq658/did_russia_blunder_by_invading_under_biden/"
"1adrghr","submission","worldnews","1706520954","2024-01-29T09:35:54+00:00","Ambitious_Hurry_9330","1","1","Brussels threatens to hit Hungary’s economy if Viktor Orbán vetoes Ukraine aid","[removed]","/r/worldnews/comments/1adrghr/brussels_threatens_to_hit_hungarys_economy_if/"
"1adriln","submission","worldnews","1706521199","2024-01-29T09:39:59+00:00","[deleted]","1","1","Brussels threatens to hit Hungary’s economy if Viktor Orbán vetoes Ukraine aid","[removed]","/r/worldnews/comments/1adriln/brussels_threatens_to_hit_hungarys_economy_if/"
"1adrnis","submission","worldnews","1706521773","2024-01-29T09:49:33+00:00","OddAioli6993","2460","302","The European Union will sabotage Hungary's economy if Budapest blocks fresh aid to Ukraine at a summit this week, under a confidential plan drawn up by Brussels","","/r/worldnews/comments/1adrnis/the_european_union_will_sabotage_hungarys_economy/"
"1adryc2","submission","worldnews","1706522972","2024-01-29T10:09:32+00:00","Divyanshuf","1","1","Governor Says: Russia Stops Drone Attack on Yaroslavl Oil Plant","","/r/worldnews/comments/1adryc2/governor_says_russia_stops_drone_attack_on/"
"1adsfow","submission","worldnews","1706524941","2024-01-29T10:42:21+00:00","professorbrainiac","1","1","Nato should ‘prepare for Russian missile strikes in Europe’","","/r/worldnews/comments/1adsfow/nato_should_prepare_for_russian_missile_strikes/"
"1adsg6a","submission","worldnews","1706524998","2024-01-29T10:43:18+00:00","professorbrainiac","1852","377","NATO general: Alliance must be prepared for potential 'Russian missile strikes in Europe'","","/r/worldnews/comments/1adsg6a/nato_general_alliance_must_be_prepared_for/"
"1adsmwk","submission","worldnews","1706525750","2024-01-29T10:55:50+00:00","IWasWearingEyeliner","7","1","NATO general: Alliance must be prepared for potential 'Russian missile strikes in Europe'","","/r/worldnews/comments/1adsmwk/nato_general_alliance_must_be_prepared_for/"
"1adu3r3","submission","worldnews","1706531077","2024-01-29T12:24:37+00:00","new974517","594","63","Putins top general, Gerasimov, has not been seen in 31 days. Now speculations are that he was killed in an attack on occupied Crimea.","","/r/worldnews/comments/1adu3r3/putins_top_general_gerasimov_has_not_been_seen_in/"
"1aducpf","submission","worldnews","1706531903","2024-01-29T12:38:23+00:00","new974517","5","0","Ukraine awards medal to killed British aid worker Chris Parry, 28yr old.He had brought more than 400 people to safety from the frontline before he was shot by Russian mercenaries in January 2023.The Cross of Honour and Glory was given to his parents during an aid convoy trip to Ukraine.","","/r/worldnews/comments/1aducpf/ukraine_awards_medal_to_killed_british_aid_worker/"
"1adud01","submission","worldnews","1706531928","2024-01-29T12:38:48+00:00","dronesclubmember","11975","569","Latvian Member of European Parliament is an agent of Russian intelligence, leaked emails confirm","","/r/worldnews/comments/1adud01/latvian_member_of_european_parliament_is_an_agent/"
"1adujch","submission","worldnews","1706532514","2024-01-29T12:48:34+00:00","new974517","1","0","U.S. Urges Greece to Consider Transferring Military Equipment to Ukraine","","/r/worldnews/comments/1adujch/us_urges_greece_to_consider_transferring_military/"
"1aduv5k","submission","worldnews","1706533548","2024-01-29T13:05:48+00:00","Tjonke","1","0","Exclusive: Latvian Member of European Parliament is an agent of Russian intelligence, leaked emails confirm","","/r/worldnews/comments/1aduv5k/exclusive_latvian_member_of_european_parliament/"
"1adux6g","submission","geopolitics","1706533721","2024-01-29T13:08:41+00:00","Excellent-Issue3214","2","0","EU Escalates Financial Tactics Against Hungary in Standoff Over Ukraine Aid","","/r/geopolitics/comments/1adux6g/eu_escalates_financial_tactics_against_hungary_in/"
"1aduyxb","submission","worldnews","1706533864","2024-01-29T13:11:04+00:00","duckanroll","20","31","Vladimir Putin successfully registers as an independent in March’s presidential election","","/r/worldnews/comments/1aduyxb/vladimir_putin_successfully_registers_as_an/"
"1adwk5y","submission","worldnews","1706538444","2024-01-29T14:27:24+00:00","yorkiecd","17","2","Russian Engineer ‘Kills Himself After Rocket He Designed Kills His Grandmother in Kharkiv’","","/r/worldnews/comments/1adwk5y/russian_engineer_kills_himself_after_rocket_he/"
"1adwrse","submission","worldnews","1706539013","2024-01-29T14:36:53+00:00","JeffCook78","88","7","Russia warship conducts anti-submarine drill in South China Sea - agencies","","/r/worldnews/comments/1adwrse/russia_warship_conducts_antisubmarine_drill_in/"
"1adxr76","submission","geopolitics","1706541635","2024-01-29T15:20:35+00:00","ForeignAffairsMag","101","44","How Russia Stopped Ukraine’s Momentum: A Deep Defense Is Hard to Beat","","/r/geopolitics/comments/1adxr76/how_russia_stopped_ukraines_momentum_a_deep/"
"1adxs4h","submission","worldnews","1706541700","2024-01-29T15:21:40+00:00","D-R-AZ","4","3","The One Threat Putin Never Saw Coming","","/r/worldnews/comments/1adxs4h/the_one_threat_putin_never_saw_coming/"
"1adzbe8","submission","worldnews","1706545638","2024-01-29T16:27:18+00:00","Ask4MD","1","0","War in Ukraine Latest: 'Significant Russian Losses' As Kyiv Aims to Expand Dnipro Foothold","","/r/worldnews/comments/1adzbe8/war_in_ukraine_latest_significant_russian_losses/"
"1adzi4j","submission","worldnews","1706546108","2024-01-29T16:35:08+00:00","EuropeanPravdaUA","73","1","Ukraine’s Foreign Minister announces steps to resolve dispute with Hungary over minorities","","/r/worldnews/comments/1adzi4j/ukraines_foreign_minister_announces_steps_to/"
"1ae007p","submission","worldnews","1706547351","2024-01-29T16:55:51+00:00","Velochipractor","726","68","Spain Extends Probe into Russian Involvement in Catalonian Independence Plans","","/r/worldnews/comments/1ae007p/spain_extends_probe_into_russian_involvement_in/"
"1ae2wxk","submission","worldnews","1706554276","2024-01-29T18:51:16+00:00","FreedomsPower","103","24","Figure skater Valieva disqualified in 2022 Olympic doping case. Russians set to lose team gold to US","","/r/worldnews/comments/1ae2wxk/figure_skater_valieva_disqualified_in_2022/"
"1ae3enl","submission","worldnews","1706555483","2024-01-29T19:11:23+00:00","Youngstown_Mafia","22","2","Zelenskyy's office denies Commander-in-Chief Zaluzhnyi has been dismissed","","/r/worldnews/comments/1ae3enl/zelenskyys_office_denies_commanderinchief/"
"1ae4119","submission","worldnews","1706557002","2024-01-29T19:36:42+00:00","Derpy_Snout","906","97","Russian figure skater Kamila Valieva banned for four years by Court of Arbitration for Sport","","/r/worldnews/comments/1ae4119/russian_figure_skater_kamila_valieva_banned_for/"
"1ae4j21","submission","worldnews","1706558233","2024-01-29T19:57:13+00:00","Ask4MD","53","0","Ukraine’s Defense Ministry Denies Firing of Commander-in-Chief","","/r/worldnews/comments/1ae4j21/ukraines_defense_ministry_denies_firing_of/"
"1ae53db","submission","worldnews","1706559594","2024-01-29T20:19:54+00:00","UNITED24Media","193","8","The EU agreed on a proposal to use frozen Russian assets for the benefit of Ukraine","","/r/worldnews/comments/1ae53db/the_eu_agreed_on_a_proposal_to_use_frozen_russian/"
"1ae5pmr","submission","worldnews","1706561131","2024-01-29T20:45:31+00:00","HeadCard140","132","68","Putin’s visit to Türkiye planned for February: Russian official","","/r/worldnews/comments/1ae5pmr/putins_visit_to_türkiye_planned_for_february/"
"1ae7mf1","submission","worldnews","1706565837","2024-01-29T22:03:57+00:00","D-R-AZ","11","9","Putin Has Finally United Russians Around the World—Against Himself","","/r/worldnews/comments/1ae7mf1/putin_has_finally_united_russians_around_the/"
"1ae84rx","submission","worldnews","1706567096","2024-01-29T22:24:56+00:00","slightlystupid_10","1","0","Russian Rocket Scientist Kills Himself After Missile He Helped Produce Obliterates Grandmother’s Ukraine House: Report","","/r/worldnews/comments/1ae84rx/russian_rocket_scientist_kills_himself_after/"
"1ae8bo7","submission","worldnews","1706567562","2024-01-29T22:32:42+00:00","blais_it","56","0","Hungarian, Ukrainian foreign ministers meet in western Ukraine","","/r/worldnews/comments/1ae8bo7/hungarian_ukrainian_foreign_ministers_meet_in/"
"1ae9fd3","submission","geopolitics","1706570416","2024-01-29T23:20:16+00:00","ReferenceSufficient","1","0","Decoding Putin and Xi's blueprint for a new world order | DW Analysis","","/r/geopolitics/comments/1ae9fd3/decoding_putin_and_xis_blueprint_for_a_new_world/"
"1ae9z6z","submission","worldnews","1706571881","2024-01-29T23:44:41+00:00","lukcast_com","1","1","Britons face call-up to fight in the armed forces if England goes to war with Russia, top army chief warns | The Independent","","/r/worldnews/comments/1ae9z6z/britons_face_callup_to_fight_in_the_armed_forces/"
"1aechl1","submission","worldnews","1706578876","2024-01-30T01:41:16+00:00","EntropicPenguin","636","146","US weapons sales abroad hit record high in 2023, boosted by Ukraine war","","/r/worldnews/comments/1aechl1/us_weapons_sales_abroad_hit_record_high_in_2023/"
"1aecuyq","submission","geopolitics","1706579941","2024-01-30T01:59:01+00:00","Due_Search_8040","1","0","Ukraine Can Win a War of Attrition","","/r/geopolitics/comments/1aecuyq/ukraine_can_win_a_war_of_attrition/"
"1aee10l","submission","worldnews","1706583299","2024-01-30T02:54:59+00:00","Infidel8","1","1","Brussels threatens to hit Hungary’s economy if Viktor Orbán vetoes Ukraine aid","","/r/worldnews/comments/1aee10l/brussels_threatens_to_hit_hungarys_economy_if/"
"1aeed8r","submission","worldnews","1706584275","2024-01-30T03:11:15+00:00","4920185","219","15","Secret Putin Residence Discovered Near Finland – Dossier Center","","/r/worldnews/comments/1aeed8r/secret_putin_residence_discovered_near_finland/"
"1aef5ft","submission","worldnews","1706586638","2024-01-30T03:50:38+00:00","4920185","48","0","EU Sanctions Russia’s Chief Denunciator Mizulina Over Free Speech Abuses","","/r/worldnews/comments/1aef5ft/eu_sanctions_russias_chief_denunciator_mizulina/"
"1aef6vx","submission","worldnews","1706586763","2024-01-30T03:52:43+00:00","4920185","76","6","Russia Jails Pensioner for Post About Army Casualties","","/r/worldnews/comments/1aef6vx/russia_jails_pensioner_for_post_about_army/"
"1aefdhg","submission","worldnews","1706587344","2024-01-30T04:02:24+00:00","WorldNewsMods","1198","388","/r/WorldNews Live Thread: Russian Invasion of Ukraine Day 706, Part 1 (Thread #852)","","/r/worldnews/comments/1aefdhg/rworldnews_live_thread_russian_invasion_of/"
"1aeh9jy","submission","worldnews","1706593747","2024-01-30T05:49:07+00:00","yuri_2022","1028","89","NATO chief: Support for Ukraine 'not charity'","","/r/worldnews/comments/1aeh9jy/nato_chief_support_for_ukraine_not_charity/"
"1aehqh4","submission","worldnews","1706595454","2024-01-30T06:17:34+00:00","TMB_TTLG_TMW777","1","1","Putin's advances in the Arctic | DW Documentary","","/r/worldnews/comments/1aehqh4/putins_advances_in_the_arctic_dw_documentary/"
"1aei6zg","submission","worldnews","1706597208","2024-01-30T06:46:48+00:00","donutloop","159","6","‘Like Putin in Russia’: Kharge says coming election will be the last if Modi returns to power","","/r/worldnews/comments/1aei6zg/like_putin_in_russia_kharge_says_coming_election/"
"1aeit1j","submission","worldnews","1706599694","2024-01-30T07:28:14+00:00","madbutcher","305","34","Russia anti-war band arrested in Thailand faces deportation","","/r/worldnews/comments/1aeit1j/russia_antiwar_band_arrested_in_thailand_faces/"
"1aeix0s","submission","worldnews","1706600119","2024-01-30T07:35:19+00:00","bloomberg","963","103","Russia Hires Its Own Africa Army to Succeed Wagner’s Mercenaries","","/r/worldnews/comments/1aeix0s/russia_hires_its_own_africa_army_to_succeed/"
"1aekipj","submission","worldnews","1706606932","2024-01-30T09:28:52+00:00","UNITED24Media","75","0","EU leaders to pledge continued military support to Ukraine at summit - draft text","","/r/worldnews/comments/1aekipj/eu_leaders_to_pledge_continued_military_support/"
"1aekzm1","submission","worldnews","1706608968","2024-01-30T10:02:48+00:00","yorkiecd","5578","312","Ukraine Downs Russian Su-34 Fighter Jet Over Luhansk Region","","/r/worldnews/comments/1aekzm1/ukraine_downs_russian_su34_fighter_jet_over/"
"1ael1uk","submission","geopolitics","1706609223","2024-01-30T10:07:03+00:00","Ok-Rock-2566","1","10","Could Russia defeat a coalition of Easten and Nothern European countries in a war","I think that if Russia invades the Baltics the most likely war situation would be a coalition of Eastern and Northen European countries going to war with Russia. It would most likely consist of the Baltics, Poland, Finland, Sweden, Norway, Denmark, Romania, The UK, Meaby Germany and Ukraine if it exist as they would probably intervive. Who would win. 

&#x200B;","/r/geopolitics/comments/1ael1uk/could_russia_defeat_a_coalition_of_easten_and/"
"1aeldxj","submission","geopolitics","1706610627","2024-01-30T10:30:27+00:00","sdezigns","41","75","Question: Assuming an escalation of war in Europe (or possibly the world), which countries would ally with Russia?","Extremely hypothetical, but with all the recent talk by Sweden, NATO and other Western European countries and defence analysts about war preparation, the question occurred to me what would be the make up of each side in the conflict if war did happen? Would we see the world fragmented into different factions?  

On one side we would have the EU countries, United Kingdom, traditional Western allies such as Japan, Australia, NZ, South Korea, NATO (With or without USA depending on who wins the election), and Israel.  
On the other side, assuming the main belligerent was Russia, who would ally with them? Countries, that I can think off off the top of my head might be Serbia, Belarus, Iran, Syria, North Korea, Yemen (Houthi controlled area),  Azerbaijan and Moldova.  

Unknowns would be China, Hungary, Somalia, Niger, Cuba, and ??

Assuming the current state of the Middle East does not improve, what would the Arab states do? My guess would be to try and stay out of it, however at the moment popular sentiment on the streets does not favour Israel, coupled with high inflation and low growth opportunity and with Western countries occupied in a wider war, could that push a conflict between Arab states and Israel? 
Would Egypt use that opportunity to strike Ethiopia's damns? If so, would they still be considered allies or adversaries on a wider scale?  

I would assume most of Africa and South America would try and stay neutral. Switzerland as well.

Where would the central Asian countries (the Stan's) sit? How about Turkey? 

I suppose this now looks like a question about a global war.... Hopefully this all stays hypothetical, or at worst, regional, and does not escalate. Nobody wants war, however history and human nature suggest war is very difficult to avoid, and people have short memories.","/r/geopolitics/comments/1aeldxj/question_assuming_an_escalation_of_war_in_europe/"
"1aelh25","submission","worldnews","1706610981","2024-01-30T10:36:21+00:00","SurferSpirited","320","13","EU moves slowly toward using profits from frozen Russian assets to help Ukraine","","/r/worldnews/comments/1aelh25/eu_moves_slowly_toward_using_profits_from_frozen/"
"1aelkmu","submission","worldnews","1706611385","2024-01-30T10:43:05+00:00","professorbrainiac","69","22","Russia's Medvedev says Moscow will deploy new weapons on Kuril Islands -TASS","","/r/worldnews/comments/1aelkmu/russias_medvedev_says_moscow_will_deploy_new/"
"1aelo78","submission","worldnews","1706611787","2024-01-30T10:49:47+00:00","duckanroll","1","0","Members of exiled Russian anti-war rock group facing deportation from Thailand","","/r/worldnews/comments/1aelo78/members_of_exiled_russian_antiwar_rock_group/"
"1aemimp","submission","worldnews","1706615025","2024-01-30T11:43:45+00:00","HeadCard140","1","0","Russia to Deploy New Weapons on Disputed Kuril Islands","","/r/worldnews/comments/1aemimp/russia_to_deploy_new_weapons_on_disputed_kuril/"
"1aemnir","submission","worldnews","1706615525","2024-01-30T11:52:05+00:00","[deleted]","1","0","Russian TV host rejoices at Texas border ""civil war"" hurting Ukraine","[removed]","/r/worldnews/comments/1aemnir/russian_tv_host_rejoices_at_texas_border_civil/"
"1aenenn","submission","worldnews","1706618127","2024-01-30T12:35:27+00:00","4920185","65","2","Russia’s Seaborne Crude Exports Are Battered by Winter Storms","","/r/worldnews/comments/1aenenn/russias_seaborne_crude_exports_are_battered_by/"
"1aenqiu","submission","worldnews","1706619240","2024-01-30T12:54:00+00:00","4920185","1","0","Bi-2: Russia anti-war band arrested in Thailand faces deportation","","/r/worldnews/comments/1aenqiu/bi2_russia_antiwar_band_arrested_in_thailand/"
"1aenug2","submission","worldnews","1706619602","2024-01-30T13:00:02+00:00","duckanroll","152","12","Prominent Putin critic Vladimir Kara-Murza moved to prison with harsher conditions","","/r/worldnews/comments/1aenug2/prominent_putin_critic_vladimir_karamurza_moved/"
"1aenxjh","submission","worldnews","1706619846","2024-01-30T13:04:06+00:00","PjeterPannos","24","14","Toroczkai: If one day there is no Ukraine, it may even be possible for Transcarpathia to be united with Hungary through a referendum","","/r/worldnews/comments/1aenxjh/toroczkai_if_one_day_there_is_no_ukraine_it_may/"
"1aeny6a","submission","worldnews","1706619901","2024-01-30T13:05:01+00:00","HeadCard140","1","0","Putin’s secret Great Northern getaway grabbed a national reserve’s waterfall","","/r/worldnews/comments/1aeny6a/putins_secret_great_northern_getaway_grabbed_a/"
"1aenz7d","submission","geopolitics","1706619989","2024-01-30T13:06:29+00:00","OldPyjama","10","44","Understanding why Russia went to war","Hi everyone, this is a question I've been asking myself and I can't find the logic. Let me first say that there is no justification for the invasion of Ukraine, I think it's a horrible tragedy and Russia is governed by a vicious, aggressive regime. I'm against this invasion, let there be no doubt.   
   
However, I'm playing advocate of the devil here: logically, Putin invaded Ukraine because he feared they were becoming too Westernized and didn't want Ukraine to join the EU nor Nato. Ukraine in Nato means Russia's border with Nato would suddenly become about 2000 km longer and Putin didn't like that. I guess his plan was to invade Ukraine, topple the government and install a puppet regime that's more friendly to Russia like it was the case pre-2014. This new government would never join Nato, would be pro-Russia and that was Putin's goal. I see the logic in that (not saying I approve, mind you)   
   
However it doesn't take a genius to see how this massively backfired: Finland joined Nato, effectively making the Russia-Nato border 1300 km longer, Sweden is joining Nato too, making the alliance even stronger and on top of that, Putin just gave Nato the confirmation that it's existence is still very much needed. How did Putin not see this was gonna happen?   
   
If his goal was to prevent the Nato-Russia border from lengthening, then how does he not see it failed, since it just became 1300 km longer with Finland joining? Furthermore, he completely alienated the EU, which was a trading partner, and pretty much made it clear to all Nato members that Russia is still an enemy.   
   
What was he thinking? What was the point of this war? What did he hope to accomplish and surely, he must see how this backfired, right?   
   
Or am I just too naive?","/r/geopolitics/comments/1aenz7d/understanding_why_russia_went_to_war/"
"1aeo02z","submission","worldnews","1706620063","2024-01-30T13:07:43+00:00","WhoIsJolyonWest","1215","57","Russia Faces Spike in Crime and Alcoholism as War Nears Two-Year Mark","","/r/worldnews/comments/1aeo02z/russia_faces_spike_in_crime_and_alcoholism_as_war/"
"1aeo58b","submission","worldnews","1706620499","2024-01-30T13:14:59+00:00","4920185","1","0","Russia-Ukraine war live: Europe’s safety at stake if Putin wins war in Ukraine, says European Commission vice-president","","/r/worldnews/comments/1aeo58b/russiaukraine_war_live_europes_safety_at_stake_if/"
"1aeoq0e","submission","geopolitics","1706622218","2024-01-30T13:43:38+00:00","vibhaath_ch","5","1","Ukraine shoots down Putin’s £40m Russian Su-34 bomber in ANOTHER huge scalp just days after £260m spy plane is blasted","https://www.the-sun.com/news/10231763/ukraine-shoots-down-russian-su-34-bomber-putin/","/r/geopolitics/comments/1aeoq0e/ukraine_shoots_down_putins_40m_russian_su34/"
"1aeow8a","submission","worldnews","1706622716","2024-01-30T13:51:56+00:00","4920185","2849","227","Russia appeals loss of Olympic gold as Kremlin fumes over Valieva doping ban","","/r/worldnews/comments/1aeow8a/russia_appeals_loss_of_olympic_gold_as_kremlin/"
"1aeq615","submission","geopolitics","1706626304","2024-01-30T14:51:44+00:00","Due_Search_8040","1","0","Ukraine Can Win a War of Attrition","[removed]","/r/geopolitics/comments/1aeq615/ukraine_can_win_a_war_of_attrition/"
"1aeq94n","submission","worldnews","1706626540","2024-01-30T14:55:40+00:00","GroundbreakingSet187","2358","73","Military intelligence: Russia shows no intent to return bodies of POWs allegedly on crashed Il-76","","/r/worldnews/comments/1aeq94n/military_intelligence_russia_shows_no_intent_to/"
"1aeqgqg","submission","worldnews","1706627091","2024-01-30T15:04:51+00:00","gosu_link0","5142","1005","Russia is replacing its destroyed tanks at a rate of 100 a month, UK intel says","","/r/worldnews/comments/1aeqgqg/russia_is_replacing_its_destroyed_tanks_at_a_rate/"
"1aerv9o","submission","worldnews","1706630684","2024-01-30T16:04:44+00:00","TheDarthSnarf","192","25","Russia Charges Teens Over Pro-Ukraine Railway Sabotage","","/r/worldnews/comments/1aerv9o/russia_charges_teens_over_proukraine_railway/"
"1aeswt6","submission","geopolitics","1706633218","2024-01-30T16:46:58+00:00","Ok-Rock-2566","142","141","Which European country is the best position to deter Russia in the future","","/r/geopolitics/comments/1aeswt6/which_european_country_is_the_best_position_to/"
"1aeu6y0","submission","geopolitics","1706636280","2024-01-30T17:38:00+00:00","These-Season-2611","1","87","NATO enlargement playing a part in Russian aggression","I commented this idea on a post and ot got removed for being a ""conspiracy theory"". Why? It's a genuine factor.

Now we cannot and should not give Russia or Putin any leniency at all. Invading the territory of a  sovereign state for any reason other than self defence is in-excusable. Let alone the barbaric nature of the attacks, targeting civilians etc.

But, academics have cited Western expansion as a factor in Russia's rection that should be considered. Is it a sole cause, no. Could Put8n have invaded anyway, maybe.

But Russia had always been outspoken that they did not want EU or NATO on their door step. It was their biggest fear (justifiably or not)

It is something that's not considered or talked about. In doing my masters in IR I did realise that academics often don't challenge western norms when it comes to international policts or geopolitics. But we shouldn't be removing posts that simply offer a valid idea whether you agree with it or.

Thoughts?","/r/geopolitics/comments/1aeu6y0/nato_enlargement_playing_a_part_in_russian/"
"1aev1zi","submission","worldnews","1706638382","2024-01-30T18:13:02+00:00","4920185","1371","53","Kremlin Now Going After Famed Anti-Putin Rockers—in Thailand","","/r/worldnews/comments/1aev1zi/kremlin_now_going_after_famed_antiputin_rockersin/"
"1aevze5","submission","worldnews","1706640575","2024-01-30T18:49:35+00:00","HydrolicKrane","25907","1929","CIA director: Not passing Ukraine aid would be a mistake 'of historic proportions'","","/r/worldnews/comments/1aevze5/cia_director_not_passing_ukraine_aid_would_be_a/"
"1aew1ye","submission","worldnews","1706640739","2024-01-30T18:52:19+00:00","Anchor_Aways","93","5","Spain Judge Extends Probe Into Catalan Separatist's 'Russia Ties'","","/r/worldnews/comments/1aew1ye/spain_judge_extends_probe_into_catalan/"
"1aew32s","submission","worldnews","1706640813","2024-01-30T18:53:33+00:00","IWasWearingEyeliner","532","46","New US-made longer-range bomb expected to arrive as soon as Wednesday in Ukraine","","/r/worldnews/comments/1aew32s/new_usmade_longerrange_bomb_expected_to_arrive_as/"
"1aewn74","submission","worldnews","1706642151","2024-01-30T19:15:51+00:00","[deleted]","1","0","Putin ‘forms new Africa mercenary group’ with same name as Nazis","[deleted]","/r/worldnews/comments/1aewn74/putin_forms_new_africa_mercenary_group_with_same/"
"1aext18","submission","worldnews","1706644971","2024-01-30T20:02:51+00:00","2be_0r_not2be","2148","112","Russia accidentally bombed itself again, the fourth time this month, UK intel says","","/r/worldnews/comments/1aext18/russia_accidentally_bombed_itself_again_the/"
"1aey58w","submission","worldnews","1706645809","2024-01-30T20:16:49+00:00","m4dseas0n","9044","342","Russia Hit With Widespread Internet Outage Across Country","","/r/worldnews/comments/1aey58w/russia_hit_with_widespread_internet_outage_across/"
"1aeyxx9","submission","worldnews","1706647737","2024-01-30T20:48:57+00:00","HeadCard140","1155","288","Putin's income declaration published in Russia: he earned almost US$750,000 in six years","","/r/worldnews/comments/1aeyxx9/putins_income_declaration_published_in_russia_he/"
"1aeztv6","submission","geopolitics","1706649924","2024-01-30T21:25:24+00:00","SandakinTheTriplet","17","62","[Question] Is Iran goading Western countries into a conflict in West Asia so that Russia meets less resistance in Ukraine?","The way I see it is this: Russia and Iran are strategic and military allies. They've teamed up in previous conflicts and share a common goal of weakening Western influence in their respective regions.

In September 2023, Russia started using Iranian drones to hit further into Ukraine, and in the last few months we're seeing more members of the Axis of Resistance (backed by Iran) creating flare ups, particularly around Israel, US bases in the region, and waters with a US-UK naval presence.

Does it make sense to read that Iran and Russia are tag teaming in their quests to consolidate power? That by dividing the attention of Western countries, they both benefit? ","/r/geopolitics/comments/1aeztv6/question_is_iran_goading_western_countries_into_a/"
"1af0wi8","submission","worldnews","1706652495","2024-01-30T22:08:15+00:00","gregory_ledray","1","0","The feud between Ukraine’s president and army chief boils over - Is Valery Zaluzhny about to be fired?","","/r/worldnews/comments/1af0wi8/the_feud_between_ukraines_president_and_army/"
"1af0zbf","submission","worldnews","1706652685","2024-01-30T22:11:25+00:00","ethereal3xp","1","2","‘We are obliged to end the war’: A new Russian unit fights for Ukraine","","/r/worldnews/comments/1af0zbf/we_are_obliged_to_end_the_war_a_new_russian_unit/"
"1af2mhx","submission","worldnews","1706656743","2024-01-30T23:19:03+00:00","HeadCard140","860","155","US Open to Turkey F-35 Talks If Dispute Over Russian Air Defenses Is Resolved","","/r/worldnews/comments/1af2mhx/us_open_to_turkey_f35_talks_if_dispute_over/"
"1af2r1b","submission","worldnews","1706657073","2024-01-30T23:24:33+00:00","Majano57","5","1","Ukraine’s top general refuses request from Zelenskiy to step down","","/r/worldnews/comments/1af2r1b/ukraines_top_general_refuses_request_from/"
"1af2ywk","submission","geopolitics","1706657646","2024-01-30T23:34:06+00:00","foreignpolicymag","446","218","The U.S. Is Considering Giving Russia’s Frozen Assets to Ukraine","","/r/geopolitics/comments/1af2ywk/the_us_is_considering_giving_russias_frozen/"
"1af51qp","submission","worldnews","1706663207","2024-01-31T01:06:47+00:00","notaredditreader","367","117","Russia replacing destroyed tanks in Ukraine at rate of 100 a month: UK","","/r/worldnews/comments/1af51qp/russia_replacing_destroyed_tanks_in_ukraine_at/"
"1af54e1","submission","worldnews","1706663415","2024-01-31T01:10:15+00:00","combatwombat-","1163","132","Ukraine's new 100-mile bomb from Boeing is ready, sources say","","/r/worldnews/comments/1af54e1/ukraines_new_100mile_bomb_from_boeing_is_ready/"
"1af568m","submission","worldnews","1706663556","2024-01-31T01:12:36+00:00","Ask4MD","2941","147","Ukrainian Drones 'Destroy Russian Mercenaries’ in Sudan","","/r/worldnews/comments/1af568m/ukrainian_drones_destroy_russian_mercenaries_in/"
"1af66nw","submission","worldnews","1706666402","2024-01-31T02:00:02+00:00","AlekPolsei","0","4","Ukraine’s top general refuses request from Zelenskyy to step down","[deleted]","/r/worldnews/comments/1af66nw/ukraines_top_general_refuses_request_from/"
"1af7euh","submission","worldnews","1706669992","2024-01-31T02:59:52+00:00","DukeOfGeek","1","0","Putin seeks to cut his people off from West as Russia hit by massive internet meltdown","[removed]","/r/worldnews/comments/1af7euh/putin_seeks_to_cut_his_people_off_from_west_as/"
"1af8nzp","submission","worldnews","1706673759","2024-01-31T04:02:39+00:00","WorldNewsMods","1075","474","/r/WorldNews Live Thread: Russian Invasion of Ukraine Day 707, Part 1 (Thread #853)","","/r/worldnews/comments/1af8nzp/rworldnews_live_thread_russian_invasion_of/"
"1af8uzr","submission","geopolitics","1706674349","2024-01-31T04:12:29+00:00","Eds2356","0","9","Will Russia become an Islamic/ muslim majority country in the future? Would this mean that they will be closely aligned in middle eastern politics more?","","/r/geopolitics/comments/1af8uzr/will_russia_become_an_islamic_muslim_majority/"
"1af99km","submission","geopolitics","1706675603","2024-01-31T04:33:23+00:00","Jazzlike-Perception7","68","37","Why can't the US just woo / coddle / do a charm offensive on the Russian Oligarchs?","I've read a book titled ""The Age of the Unthinkable"" (2009) authored by Joshua Cooper Ramo. 

In one of the chapters, he recounts in very broad strokes that the fall of the USSR was because its elite saw more benefit in seeing the whole thing collapse rather than propping it up.   


***""The ultimate explanation for the surprisingly peaceful and sudden demise of the Soviet system...was that it was abandoned by most of its own elite.""***

Putin is very powerful, obviously, but even a dictatorship has its limits. Can't the US just do the same for the current oligarchs in Russia, and then perhaps use the same template (with a couple of tweaks) for Iran, North Korea, and other antagonists? 

&#x200B;

On another note, this is an interesting take on what constrains dictators: [https://www.youtube.com/watch?v=rStL7niR7gs&t=910s](https://www.youtube.com/watch?v=rStL7niR7gs&t=910s)

&#x200B;

&#x200B;

&#x200B;","/r/geopolitics/comments/1af99km/why_cant_the_us_just_woo_coddle_do_a_charm/"
"1afa2g2","submission","worldnews","1706678185","2024-01-31T05:16:25+00:00","DoremusJessup","86","8","Two teenagers who set fire to a railside equipment box in Moscow have been charged with carrying out sabotage for Ukraine. The incident is the latest in a spate of suspicious fires and derailments on Russia's rail network that Moscow has blamed on Kyiv and its supporters","","/r/worldnews/comments/1afa2g2/two_teenagers_who_set_fire_to_a_railside/"
"1afahqj","submission","worldnews","1706679571","2024-01-31T05:39:31+00:00","eaglemaxie","7998","506","CIA chief says Russia's failures in the Ukraine war have sealed its fate as 'China's economic vassal'","","/r/worldnews/comments/1afahqj/cia_chief_says_russias_failures_in_the_ukraine/"
"1afb6i6","submission","worldnews","1706681923","2024-01-31T06:18:43+00:00","donutloop","165","8","Ukraine updates: German politicians press Scholz on Taurus","","/r/worldnews/comments/1afb6i6/ukraine_updates_german_politicians_press_scholz/"
"1afbun9","submission","worldnews","1706684391","2024-01-31T06:59:51+00:00","PhotographIcy7466","232","24","Ukraine's new 100-mile bomb from Boeing is ready, sources say","","/r/worldnews/comments/1afbun9/ukraines_new_100mile_bomb_from_boeing_is_ready/"
"1afbyqy","submission","worldnews","1706684804","2024-01-31T07:06:44+00:00","yorkiecd","405","4","Ukrainian Cyberattack Takes Down Russian Defense Ministry Server, HUR Says","","/r/worldnews/comments/1afbyqy/ukrainian_cyberattack_takes_down_russian_defense/"
"1afcg6n","submission","geopolitics","1706686701","2024-01-31T07:38:21+00:00","donutloop","4","12","‘Like Putin in Russia’: Kharge says coming election will be the last if Modi returns to power","","/r/geopolitics/comments/1afcg6n/like_putin_in_russia_kharge_says_coming_election/"
"1afcv8h","submission","worldnews","1706688371","2024-01-31T08:06:11+00:00","new974517","3260","542","EU must defend Ukraine even if US reduces military support, Macron says","","/r/worldnews/comments/1afcv8h/eu_must_defend_ukraine_even_if_us_reduces/"
"1afd41m","submission","worldnews","1706689362","2024-01-31T08:22:42+00:00","eaglemaxie","13146","1542","Joe Biden Is Arming Greece So Greece Can Arm Ukraine—And Pro-Russia Republicans Can’t Stop Him","","/r/worldnews/comments/1afd41m/joe_biden_is_arming_greece_so_greece_can_arm/"
"1afde8i","submission","worldnews","1706690605","2024-01-31T08:43:25+00:00","bloomberg","1","52","Zelenskiy Asked Ukraine’s Top General to Quit and He Refused","","/r/worldnews/comments/1afde8i/zelenskiy_asked_ukraines_top_general_to_quit_and/"
"1afdqxw","submission","worldnews","1706692160","2024-01-31T09:09:20+00:00","yorkiecd","3645","96","Kyiv Confirms Drone Attack on St. Petersburg Oil Refinery, Claims UAV Dodged Russia’s Best Air Defense","","/r/worldnews/comments/1afdqxw/kyiv_confirms_drone_attack_on_st_petersburg_oil/"
"1afdr8g","submission","worldnews","1706692201","2024-01-31T09:10:01+00:00","stuckollg","1","3","Ukraine’s top general refuses request from Zelenskiy to step down | Ukraine","","/r/worldnews/comments/1afdr8g/ukraines_top_general_refuses_request_from/"
"1afduum","submission","worldnews","1706692628","2024-01-31T09:17:08+00:00","4920185","1","0","Russian Internet users report service disruptions amid ‘massive outage’ in Russia-specific domain","","/r/worldnews/comments/1afduum/russian_internet_users_report_service_disruptions/"
"1afdwgf","submission","worldnews","1706692813","2024-01-31T09:20:13+00:00","4920185","20","10","Rock band critical of Putin is detained in Thailand, fearful of deportation to Russia","","/r/worldnews/comments/1afdwgf/rock_band_critical_of_putin_is_detained_in/"
"1afdzn3","submission","worldnews","1706693200","2024-01-31T09:26:40+00:00","4920185","99","4","EU moves slowly toward using profits from frozen Russian assets to help Ukraine","","/r/worldnews/comments/1afdzn3/eu_moves_slowly_toward_using_profits_from_frozen/"
"1afe3i7","submission","worldnews","1706693661","2024-01-31T09:34:21+00:00","37Dracula37","2977","386","Russians Flock to Buy Up Ravaged Mariupol Homes on the Cheap","","/r/worldnews/comments/1afe3i7/russians_flock_to_buy_up_ravaged_mariupol_homes/"
"1afewo6","submission","worldnews","1706697125","2024-01-31T10:32:05+00:00","lastdaysreporter","1","0","Ukraine war: Russia faces new ICJ ruling as anti-Putin rock band arrested in Thailand","","/r/worldnews/comments/1afewo6/ukraine_war_russia_faces_new_icj_ruling_as/"
"1aff1i6","submission","worldnews","1706697689","2024-01-31T10:41:29+00:00","PjeterPannos","30","1","EU leaders propose annual debates on Ukraine aid - draft summit conclusions","","/r/worldnews/comments/1aff1i6/eu_leaders_propose_annual_debates_on_ukraine_aid/"
"1affwyl","submission","worldnews","1706701142","2024-01-31T11:39:02+00:00","duckanroll","54","5","Boris Nadezhdin submits 105,000 signatures to Russia’s Central Election Commission","","/r/worldnews/comments/1affwyl/boris_nadezhdin_submits_105000_signatures_to/"
"1afgi0j","submission","worldnews","1706703312","2024-01-31T12:15:12+00:00","Stev-svart-88","704","65","Russian lawmakers approve confiscating the assets of citizens who discredit the army","","/r/worldnews/comments/1afgi0j/russian_lawmakers_approve_confiscating_the_assets/"
"1afgk51","submission","worldnews","1706703517","2024-01-31T12:18:37+00:00","3kOlen","108","11","EU has ‘fallen short’ on pledge to supply Ukraine with ammunition","","/r/worldnews/comments/1afgk51/eu_has_fallen_short_on_pledge_to_supply_ukraine/"
"1afgsnq","submission","worldnews","1706704330","2024-01-31T12:32:10+00:00","4920185","967","135","Boris Nadezhdin: Putin challenger submits bid to run for Russian president","","/r/worldnews/comments/1afgsnq/boris_nadezhdin_putin_challenger_submits_bid_to/"
"1afh986","submission","worldnews","1706705885","2024-01-31T12:58:05+00:00","4920185","220","17","US weapons sales abroad hit record high in 2023, boosted by Ukraine war","","/r/worldnews/comments/1afh986/us_weapons_sales_abroad_hit_record_high_in_2023/"
"1afhakk","submission","worldnews","1706706008","2024-01-31T13:00:08+00:00","sajibsensei","1","1","World Court to rule on whether Russia violated international treaties in Ukraine","","/r/worldnews/comments/1afhakk/world_court_to_rule_on_whether_russia_violated/"
"1afhfpw","submission","worldnews","1706706437","2024-01-31T13:07:17+00:00","znanirani","112","1","Ukraine Reports Russian Attacks With 20 Drones","","/r/worldnews/comments/1afhfpw/ukraine_reports_russian_attacks_with_20_drones/"
"1afhxbj","submission","worldnews","1706707965","2024-01-31T13:32:45+00:00","wandse","1","1","IMF anticipates boost in Russia's economy","","/r/worldnews/comments/1afhxbj/imf_anticipates_boost_in_russias_economy/"
"1afi0s7","submission","worldnews","1706708250","2024-01-31T13:37:30+00:00","yuri_2022","43","1","Germany hands over IRIS-T anti-air missiles, armored vehicles, other equipment in latest delivery to Ukraine","","/r/worldnews/comments/1afi0s7/germany_hands_over_irist_antiair_missiles_armored/"
"1afi1wn","submission","worldnews","1706708344","2024-01-31T13:39:04+00:00","uanar","1472","82","Malian army and Russian Wagner group execute 25 ethnic Fulana people, including children, in Welingara village, according to Radio France Internationale local sources","","/r/worldnews/comments/1afi1wn/malian_army_and_russian_wagner_group_execute_25/"
"1afi521","submission","worldnews","1706708595","2024-01-31T13:43:15+00:00","PirateRaccoon","179","2","Bulgaria issues warrants for 6 Russians accused of arms warehouses' explosions","","/r/worldnews/comments/1afi521/bulgaria_issues_warrants_for_6_russians_accused/"
"1afilwc","submission","worldnews","1706709954","2024-01-31T14:05:54+00:00","threafold","3","1","Joe Biden is arming Greece so Greece can arm Ukraine—and pro-Russia republicans can’t stop him","","/r/worldnews/comments/1afilwc/joe_biden_is_arming_greece_so_greece_can_arm/"
"1afio06","submission","geopolitics","1706710121","2024-01-31T14:08:41+00:00","CEPAORG","7","1","Containing Russia, Securing Europe","","/r/geopolitics/comments/1afio06/containing_russia_securing_europe/"
"1afj8se","submission","worldnews","1706711756","2024-01-31T14:35:56+00:00","washingtonpost","116","33","With Hungary blocking Ukraine aid, E.U. desperate for workarounds","","/r/worldnews/comments/1afj8se/with_hungary_blocking_ukraine_aid_eu_desperate/"
"1afjiir","submission","worldnews","1706712506","2024-01-31T14:48:26+00:00","new974517","150","50","Biden Arms Greece So Greece Arms Ukraine. Republicans Can’t Stop It.","","/r/worldnews/comments/1afjiir/biden_arms_greece_so_greece_arms_ukraine/"
"1afjkl7","submission","worldnews","1706712659","2024-01-31T14:50:59+00:00","mypoorliver","1","0","Putin claims US missile shot down plane carrying Ukrainian 'prisoners of war'","","/r/worldnews/comments/1afjkl7/putin_claims_us_missile_shot_down_plane_carrying/"
"1afjs0p","submission","worldnews","1706713233","2024-01-31T15:00:33+00:00","DoremusJessup","104","25","Chinese, Turkish Companies Supplying Russia With Key Gunpowder Component","","/r/worldnews/comments/1afjs0p/chinese_turkish_companies_supplying_russia_with/"
"1afk4xn","submission","worldnews","1706714168","2024-01-31T15:16:08+00:00","BigFoot_M","1","0","Zelensky to oust Ukraine’s top general amid tension over new mobilization","","/r/worldnews/comments/1afk4xn/zelensky_to_oust_ukraines_top_general_amid/"
"1afk6f5","submission","worldnews","1706714276","2024-01-31T15:17:56+00:00","3kOlen","831","60","Germany warns EU falling short on pledge to supply Ukraine with ammo","","/r/worldnews/comments/1afk6f5/germany_warns_eu_falling_short_on_pledge_to/"
"1afkb5n","submission","worldnews","1706714608","2024-01-31T15:23:28+00:00","ThebesAndSound","1","0","Biden Arms Greece So Greece Arms Ukraine. Republicans Can’t Stop It.","[deleted]","/r/worldnews/comments/1afkb5n/biden_arms_greece_so_greece_arms_ukraine/"
"1afkh0g","submission","worldnews","1706715041","2024-01-31T15:30:41+00:00","ThebesAndSound","8","1","Biden Arms Greece So Greece Arms Ukraine. Republicans Can’t Stop It.","","/r/worldnews/comments/1afkh0g/biden_arms_greece_so_greece_arms_ukraine/"
"1afknt2","submission","worldnews","1706715545","2024-01-31T15:39:05+00:00","ThebesAndSound","2","0","Joe Biden Is Arming Greece So Greece Can Arm Ukraine—And Pro-Russia Republicans Can’t Stop Him","","/r/worldnews/comments/1afknt2/joe_biden_is_arming_greece_so_greece_can_arm/"
"1afkykv","submission","worldnews","1706716319","2024-01-31T15:51:59+00:00","ThebesAndSound","1651","238","Biden Arms Greece So Greece Arms Ukraine. Republicans Can’t Stop It.","","/r/worldnews/comments/1afkykv/biden_arms_greece_so_greece_arms_ukraine/"
"1afkz9q","submission","worldnews","1706716367","2024-01-31T15:52:47+00:00","yuri_2022","888","144","Putin challenger submits bid to run in Russian election – DW","","/r/worldnews/comments/1afkz9q/putin_challenger_submits_bid_to_run_in_russian/"
"1aflgi6","submission","worldnews","1706717608","2024-01-31T16:13:28+00:00","4920185","117","13","Ukraine and Russia complete first prisoner swap since plane crash","","/r/worldnews/comments/1aflgi6/ukraine_and_russia_complete_first_prisoner_swap/"
"1afllfv","submission","worldnews","1706717955","2024-01-31T16:19:15+00:00","epycteetus","678","27","Twelve tankers stranded with unsold Russian oil as sanctions enforcement limits sales","","/r/worldnews/comments/1afllfv/twelve_tankers_stranded_with_unsold_russian_oil/"
"1aflng1","submission","worldnews","1706718090","2024-01-31T16:21:30+00:00","jimmurphysf","1","1","Far from Ukraine and Gaza, another war just killed 50,000 people","","/r/worldnews/comments/1aflng1/far_from_ukraine_and_gaza_another_war_just_killed/"
"1afmci0","submission","worldnews","1706719853","2024-01-31T16:50:53+00:00","NefariousTurkmen","1","1","Ukraine's birth rate is now the lowest in the world. Male life expectancy has dropped to 57-58, the fourth lowest in the world, and Ukraine's population has reduced by 11 million since the war began.","","/r/worldnews/comments/1afmci0/ukraines_birth_rate_is_now_the_lowest_in_the/"
"1afn6im","submission","worldnews","1706721865","2024-01-31T17:24:25+00:00","EuropeanPravdaUA","55","2","UN court confirms smaller part of Ukraine’s accusations against Russia","","/r/worldnews/comments/1afn6im/un_court_confirms_smaller_part_of_ukraines/"
"1afnzk5","submission","worldnews","1706723806","2024-01-31T17:56:46+00:00","giuliomagnifico","156","32","Russian Lawmakers Pass Bill Allowing Property Seizure From War Critics","","/r/worldnews/comments/1afnzk5/russian_lawmakers_pass_bill_allowing_property/"
"1afogxa","submission","worldnews","1706724957","2024-01-31T18:15:57+00:00","M795","78","5","NATO Secretary General meets US Congressional leadership for talks on Ukraine, other key security issues","","/r/worldnews/comments/1afogxa/nato_secretary_general_meets_us_congressional/"
"1afohi4","submission","worldnews","1706724998","2024-01-31T18:16:38+00:00","Dramatic_Living5734","137","14","Russian Minister dismisses report claiming strain in defence ties with India","","/r/worldnews/comments/1afohi4/russian_minister_dismisses_report_claiming_strain/"
"1afoife","submission","geopolitics","1706725061","2024-01-31T18:17:41+00:00","Dramatic_Living5734","1","0","Russian Minister dismisses report claiming strain in defence ties with India","","/r/geopolitics/comments/1afoife/russian_minister_dismisses_report_claiming_strain/"
"1afos3e","submission","worldnews","1706725722","2024-01-31T18:28:42+00:00","alimanski","2","0","Israel intervenes to stop Anti-Putin band's deportation from Thailand to Russia","","/r/worldnews/comments/1afos3e/israel_intervenes_to_stop_antiputin_bands/"
"1afp1nk","submission","worldnews","1706726364","2024-01-31T18:39:24+00:00","majoramardeepkohli","1688","164","Ukraine terror case against Russia largely rejected by ICJ","","/r/worldnews/comments/1afp1nk/ukraine_terror_case_against_russia_largely/"
"1afpak4","submission","geopolitics","1706726956","2024-01-31T18:49:16+00:00","motherboard","325","55","Ukraine Is Getting a New American-Made Bomb Before the Pentagon. Here’s What We Know.","","/r/geopolitics/comments/1afpak4/ukraine_is_getting_a_new_americanmade_bomb_before/"
"1afpheh","submission","worldnews","1706727404","2024-01-31T18:56:44+00:00","Carolusboehm","1","31","Zelensky to oust Ukraine’s top general amid tension over new mobilization","","/r/worldnews/comments/1afpheh/zelensky_to_oust_ukraines_top_general_amid/"
"1afpnhl","submission","worldnews","1706727792","2024-01-31T19:03:12+00:00","DoktorSigma","106","31","World Court dismisses much of Ukraine's case against Russia","","/r/worldnews/comments/1afpnhl/world_court_dismisses_much_of_ukraines_case/"
"1afq22x","submission","worldnews","1706728774","2024-01-31T19:19:34+00:00","washingtonpost","82","3","Russia, Ukraine trade POWs with no new word of passengers on downed plane","","/r/worldnews/comments/1afq22x/russia_ukraine_trade_pows_with_no_new_word_of/"
"1afqmoz","submission","geopolitics","1706730185","2024-01-31T19:43:05+00:00","Recs_Saved","1","0","How disastrous will Trump getting re-elected be for Ukraine and even Europe? Could it even possibly be an impetus for World War 3?","[removed]","/r/geopolitics/comments/1afqmoz/how_disastrous_will_trump_getting_reelected_be/"
"1afr37e","submission","worldnews","1706731300","2024-01-31T20:01:40+00:00","IWasWearingEyeliner","4411","834","Ukraine Tells Allies Troops Are Outgunned Three-to-One by Russia","","/r/worldnews/comments/1afr37e/ukraine_tells_allies_troops_are_outgunned/"
"1afr8ho","submission","worldnews","1706731638","2024-01-31T20:07:18+00:00","gucciavenger","36","6","Rupee payments double value of India's engineering exports to Russia","","/r/worldnews/comments/1afr8ho/rupee_payments_double_value_of_indias_engineering/"
"1afr9kg","submission","worldnews","1706731711","2024-01-31T20:08:31+00:00","uanar","3750","278","Bloomberg: Russia creates new mercenary army in Africa called ""Africa Corps"", replacing Wagner group","","/r/worldnews/comments/1afr9kg/bloomberg_russia_creates_new_mercenary_army_in/"
"1afrrby","submission","geopolitics","1706732903","2024-01-31T20:28:23+00:00","MK121895","31","16","Putin claims plane carrying Ukrainian 'prisoners of war' shot down by US missile","https://www.themirror.com/news/us-news/vladimir-putin-claims-plane-carrying-315480","/r/geopolitics/comments/1afrrby/putin_claims_plane_carrying_ukrainian_prisoners/"
"1afsxps","submission","worldnews","1706735743","2024-01-31T21:15:43+00:00","donutloop","41","8","EU grapples with future of military aid for Ukraine","","/r/worldnews/comments/1afsxps/eu_grapples_with_future_of_military_aid_for/"
"1aftzas","submission","worldnews","1706738286","2024-01-31T21:58:06+00:00","MercuryFreeSalmon","134","10","Turkey, Ukraine sign document allowing Turkish firms to help Ukraine's post-war reconstruction","","/r/worldnews/comments/1aftzas/turkey_ukraine_sign_document_allowing_turkish/"
"1afv9fb","submission","worldnews","1706741440","2024-01-31T22:50:40+00:00","4920185","629","48","Russia Ukraine war: ICJ finds Moscow violated international treaties","","/r/worldnews/comments/1afv9fb/russia_ukraine_war_icj_finds_moscow_violated/"
"1afvinc","submission","worldnews","1706742077","2024-01-31T23:01:17+00:00","PenislavVaginavich","6","5","Rumors that Ukraine’s top commander may be dismissed expose rifts in Ukraine top brass","","/r/worldnews/comments/1afvinc/rumors_that_ukraines_top_commander_may_be/"
"1afvsws","submission","worldnews","1706742798","2024-01-31T23:13:18+00:00","gym_fun","121","6","Russian bomb damages hospital, prompts evacuation in northeastern Ukraine -officials","","/r/worldnews/comments/1afvsws/russian_bomb_damages_hospital_prompts_evacuation/"
"1afvz7t","submission","worldnews","1706743242","2024-01-31T23:20:42+00:00","3kOlen","1522","20","Armenia formally joins international criminal court in snub to Russia","","/r/worldnews/comments/1afvz7t/armenia_formally_joins_international_criminal/"
